#include "lstm_model.h"

unsigned char lstm_model_tflite[] = {
  0x1c, 0x00, 0x00, 0x00, 0x54, 0x46, 0x4c, 0x33, 0x14, 0x00, 0x20, 0x00,
  0x1c, 0x00, 0x18, 0x00, 0x14, 0x00, 0x10, 0x00, 0x0c, 0x00, 0x00, 0x00,
  0x08, 0x00, 0x04, 0x00, 0x14, 0x00, 0x00, 0x00, 0x1c, 0x00, 0x00, 0x00,
  0x90, 0x00, 0x00, 0x00, 0x10, 0x01, 0x00, 0x00, 0xd8, 0x0a, 0x00, 0x00,
  0xe8, 0x0a, 0x00, 0x00, 0x70, 0x87, 0x00, 0x00, 0x03, 0x00, 0x00, 0x00,
  0x01, 0x00, 0x00, 0x00, 0x04, 0x00, 0x00, 0x00, 0x6e, 0xe1, 0xff, 0xff,
  0x0c, 0x00, 0x00, 0x00, 0x1c, 0x00, 0x00, 0x00, 0x3c, 0x00, 0x00, 0x00,
  0x0f, 0x00, 0x00, 0x00, 0x73, 0x65, 0x72, 0x76, 0x69, 0x6e, 0x67, 0x5f,
  0x64, 0x65, 0x66, 0x61, 0x75, 0x6c, 0x74, 0x00, 0x01, 0x00, 0x00, 0x00,
  0x04, 0x00, 0x00, 0x00, 0x64, 0xff, 0xff, 0xff, 0x93, 0x00, 0x00, 0x00,
  0x04, 0x00, 0x00, 0x00, 0x08, 0x00, 0x00, 0x00, 0x6f, 0x75, 0x74, 0x70,
  0x75, 0x74, 0x5f, 0x30, 0x00, 0x00, 0x00, 0x00, 0x01, 0x00, 0x00, 0x00,
  0x04, 0x00, 0x00, 0x00, 0x76, 0xe1, 0xff, 0xff, 0x04, 0x00, 0x00, 0x00,
  0x10, 0x00, 0x00, 0x00, 0x6b, 0x65, 0x72, 0x61, 0x73, 0x5f, 0x74, 0x65,
  0x6e, 0x73, 0x6f, 0x72, 0x5f, 0x31, 0x34, 0x37, 0x00, 0x00, 0x00, 0x00,
  0x03, 0x00, 0x00, 0x00, 0x5c, 0x00, 0x00, 0x00, 0x2c, 0x00, 0x00, 0x00,
  0x04, 0x00, 0x00, 0x00, 0xb8, 0xff, 0xff, 0xff, 0x97, 0x00, 0x00, 0x00,
  0x04, 0x00, 0x00, 0x00, 0x13, 0x00, 0x00, 0x00, 0x43, 0x4f, 0x4e, 0x56,
  0x45, 0x52, 0x53, 0x49, 0x4f, 0x4e, 0x5f, 0x4d, 0x45, 0x54, 0x41, 0x44,
  0x41, 0x54, 0x41, 0x00, 0xdc, 0xff, 0xff, 0xff, 0x96, 0x00, 0x00, 0x00,
  0x04, 0x00, 0x00, 0x00, 0x13, 0x00, 0x00, 0x00, 0x6d, 0x69, 0x6e, 0x5f,
  0x72, 0x75, 0x6e, 0x74, 0x69, 0x6d, 0x65, 0x5f, 0x76, 0x65, 0x72, 0x73,
  0x69, 0x6f, 0x6e, 0x00, 0x08, 0x00, 0x0c, 0x00, 0x08, 0x00, 0x04, 0x00,
  0x08, 0x00, 0x00, 0x00, 0x95, 0x00, 0x00, 0x00, 0x04, 0x00, 0x00, 0x00,
  0x13, 0x00, 0x00, 0x00, 0x6d, 0x69, 0x6e, 0x5f, 0x72, 0x75, 0x6e, 0x74,
  0x69, 0x6d, 0x65, 0x5f, 0x76, 0x65, 0x72, 0x73, 0x69, 0x6f, 0x6e, 0x00,
  0x98, 0x00, 0x00, 0x00, 0xc4, 0x09, 0x00, 0x00, 0xbc, 0x09, 0x00, 0x00,
  0xa8, 0x09, 0x00, 0x00, 0x94, 0x09, 0x00, 0x00, 0x80, 0x09, 0x00, 0x00,
  0x64, 0x09, 0x00, 0x00, 0x5c, 0x09, 0x00, 0x00, 0x48, 0x09, 0x00, 0x00,
  0x28, 0x09, 0x00, 0x00, 0xd8, 0x08, 0x00, 0x00, 0x48, 0x08, 0x00, 0x00,
  0x18, 0x08, 0x00, 0x00, 0x08, 0x06, 0x00, 0x00, 0xf8, 0x04, 0x00, 0x00,
  0xe4, 0x04, 0x00, 0x00, 0xdc, 0x04, 0x00, 0x00, 0xd4, 0x04, 0x00, 0x00,
  0xcc, 0x04, 0x00, 0x00, 0xc4, 0x04, 0x00, 0x00, 0xbc, 0x04, 0x00, 0x00,
  0xb4, 0x04, 0x00, 0x00, 0xac, 0x04, 0x00, 0x00, 0xa4, 0x04, 0x00, 0x00,
  0x9c, 0x04, 0x00, 0x00, 0x94, 0x04, 0x00, 0x00, 0x8c, 0x04, 0x00, 0x00,
  0x84, 0x04, 0x00, 0x00, 0x7c, 0x04, 0x00, 0x00, 0x74, 0x04, 0x00, 0x00,
  0x6c, 0x04, 0x00, 0x00, 0x64, 0x04, 0x00, 0x00, 0x5c, 0x04, 0x00, 0x00,
  0x54, 0x04, 0x00, 0x00, 0x4c, 0x04, 0x00, 0x00, 0x44, 0x04, 0x00, 0x00,
  0x3c, 0x04, 0x00, 0x00, 0x34, 0x04, 0x00, 0x00, 0x2c, 0x04, 0x00, 0x00,
  0x24, 0x04, 0x00, 0x00, 0x1c, 0x04, 0x00, 0x00, 0x14, 0x04, 0x00, 0x00,
  0x0c, 0x04, 0x00, 0x00, 0x04, 0x04, 0x00, 0x00, 0xfc, 0x03, 0x00, 0x00,
  0xf4, 0x03, 0x00, 0x00, 0xec, 0x03, 0x00, 0x00, 0xe4, 0x03, 0x00, 0x00,
  0xdc, 0x03, 0x00, 0x00, 0xd4, 0x03, 0x00, 0x00, 0xcc, 0x03, 0x00, 0x00,
  0xc4, 0x03, 0x00, 0x00, 0xbc, 0x03, 0x00, 0x00, 0xb4, 0x03, 0x00, 0x00,
  0xac, 0x03, 0x00, 0x00, 0xa4, 0x03, 0x00, 0x00, 0x9c, 0x03, 0x00, 0x00,
  0x94, 0x03, 0x00, 0x00, 0x8c, 0x03, 0x00, 0x00, 0x84, 0x03, 0x00, 0x00,
  0x7c, 0x03, 0x00, 0x00, 0x74, 0x03, 0x00, 0x00, 0x6c, 0x03, 0x00, 0x00,
  0x64, 0x03, 0x00, 0x00, 0x5c, 0x03, 0x00, 0x00, 0x54, 0x03, 0x00, 0x00,
  0x4c, 0x03, 0x00, 0x00, 0x44, 0x03, 0x00, 0x00, 0x3c, 0x03, 0x00, 0x00,
  0x34, 0x03, 0x00, 0x00, 0x2c, 0x03, 0x00, 0x00, 0x24, 0x03, 0x00, 0x00,
  0x1c, 0x03, 0x00, 0x00, 0x14, 0x03, 0x00, 0x00, 0x0c, 0x03, 0x00, 0x00,
  0x04, 0x03, 0x00, 0x00, 0xfc, 0x02, 0x00, 0x00, 0xf4, 0x02, 0x00, 0x00,
  0xec, 0x02, 0x00, 0x00, 0xe4, 0x02, 0x00, 0x00, 0xdc, 0x02, 0x00, 0x00,
  0xd4, 0x02, 0x00, 0x00, 0xcc, 0x02, 0x00, 0x00, 0xc4, 0x02, 0x00, 0x00,
  0xbc, 0x02, 0x00, 0x00, 0xb4, 0x02, 0x00, 0x00, 0xac, 0x02, 0x00, 0x00,
  0xa4, 0x02, 0x00, 0x00, 0x9c, 0x02, 0x00, 0x00, 0x94, 0x02, 0x00, 0x00,
  0x8c, 0x02, 0x00, 0x00, 0x84, 0x02, 0x00, 0x00, 0x7c, 0x02, 0x00, 0x00,
  0x74, 0x02, 0x00, 0x00, 0x6c, 0x02, 0x00, 0x00, 0x64, 0x02, 0x00, 0x00,
  0x5c, 0x02, 0x00, 0x00, 0x54, 0x02, 0x00, 0x00, 0x4c, 0x02, 0x00, 0x00,
  0x44, 0x02, 0x00, 0x00, 0x3c, 0x02, 0x00, 0x00, 0x34, 0x02, 0x00, 0x00,
  0x2c, 0x02, 0x00, 0x00, 0x24, 0x02, 0x00, 0x00, 0x1c, 0x02, 0x00, 0x00,
  0x14, 0x02, 0x00, 0x00, 0x0c, 0x02, 0x00, 0x00, 0x04, 0x02, 0x00, 0x00,
  0xfc, 0x01, 0x00, 0x00, 0xf4, 0x01, 0x00, 0x00, 0xec, 0x01, 0x00, 0x00,
  0xe4, 0x01, 0x00, 0x00, 0xdc, 0x01, 0x00, 0x00, 0xd4, 0x01, 0x00, 0x00,
  0xcc, 0x01, 0x00, 0x00, 0xc4, 0x01, 0x00, 0x00, 0xbc, 0x01, 0x00, 0x00,
  0xb4, 0x01, 0x00, 0x00, 0xac, 0x01, 0x00, 0x00, 0xa4, 0x01, 0x00, 0x00,
  0x9c, 0x01, 0x00, 0x00, 0x94, 0x01, 0x00, 0x00, 0x8c, 0x01, 0x00, 0x00,
  0x84, 0x01, 0x00, 0x00, 0x7c, 0x01, 0x00, 0x00, 0x74, 0x01, 0x00, 0x00,
  0x6c, 0x01, 0x00, 0x00, 0x64, 0x01, 0x00, 0x00, 0x5c, 0x01, 0x00, 0x00,
  0x54, 0x01, 0x00, 0x00, 0x4c, 0x01, 0x00, 0x00, 0x44, 0x01, 0x00, 0x00,
  0x3c, 0x01, 0x00, 0x00, 0x34, 0x01, 0x00, 0x00, 0x2c, 0x01, 0x00, 0x00,
  0x24, 0x01, 0x00, 0x00, 0x1c, 0x01, 0x00, 0x00, 0x14, 0x01, 0x00, 0x00,
  0x0c, 0x01, 0x00, 0x00, 0x04, 0x01, 0x00, 0x00, 0xfc, 0x00, 0x00, 0x00,
  0xf4, 0x00, 0x00, 0x00, 0xec, 0x00, 0x00, 0x00, 0xe4, 0x00, 0x00, 0x00,
  0xdc, 0x00, 0x00, 0x00, 0xd4, 0x00, 0x00, 0x00, 0xcc, 0x00, 0x00, 0x00,
  0xc4, 0x00, 0x00, 0x00, 0xbc, 0x00, 0x00, 0x00, 0xb4, 0x00, 0x00, 0x00,
  0x94, 0x00, 0x00, 0x00, 0x74, 0x00, 0x00, 0x00, 0x04, 0x00, 0x00, 0x00,
  0x7e, 0xe4, 0xff, 0xff, 0x04, 0x00, 0x00, 0x00, 0x60, 0x00, 0x00, 0x00,
  0x0c, 0x00, 0x00, 0x00, 0x08, 0x00, 0x0e, 0x00, 0x08, 0x00, 0x04, 0x00,
  0x08, 0x00, 0x00, 0x00, 0x10, 0x00, 0x00, 0x00, 0x28, 0x00, 0x00, 0x00,
  0x00, 0x00, 0x06, 0x00, 0x08, 0x00, 0x04, 0x00, 0x06, 0x00, 0x00, 0x00,
  0x04, 0x00, 0x00, 0x00, 0x01, 0x00, 0x00, 0x00, 0xeb, 0x03, 0x00, 0x00,
  0x0c, 0x00, 0x18, 0x00, 0x14, 0x00, 0x10, 0x00, 0x0c, 0x00, 0x04, 0x00,
  0x0c, 0x00, 0x00, 0x00, 0xb5, 0x67, 0xc7, 0x77, 0xf2, 0x5b, 0x89, 0x95,
  0x02, 0x00, 0x00, 0x00, 0x02, 0x00, 0x00, 0x00, 0x04, 0x00, 0x00, 0x00,
  0x06, 0x00, 0x00, 0x00, 0x32, 0x2e, 0x31, 0x38, 0x2e, 0x30, 0x00, 0x00,
  0xea, 0xe4, 0xff, 0xff, 0x04, 0x00, 0x00, 0x00, 0x10, 0x00, 0x00, 0x00,
  0x00, 0x00, 0x00, 0x00, 0x00, 0x00, 0x00, 0x00, 0x00, 0x00, 0x00, 0x00,
  0x00, 0x00, 0x00, 0x00, 0x06, 0xe5, 0xff, 0xff, 0x04, 0x00, 0x00, 0x00,
  0x10, 0x00, 0x00, 0x00, 0x32, 0x2e, 0x35, 0x2e, 0x30, 0x00, 0x00, 0x00,
  0x00, 0x00, 0x00, 0x00, 0x00, 0x00, 0x00, 0x00, 0x70, 0x7d, 0xff, 0xff,
  0x74, 0x7d, 0xff, 0xff, 0x78, 0x7d, 0xff, 0xff, 0x7c, 0x7d, 0xff, 0xff,
  0x80, 0x7d, 0xff, 0xff, 0x84, 0x7d, 0xff, 0xff, 0x88, 0x7d, 0xff, 0xff,
  0x8c, 0x7d, 0xff, 0xff, 0x90, 0x7d, 0xff, 0xff, 0x94, 0x7d, 0xff, 0xff,
  0x98, 0x7d, 0xff, 0xff, 0x9c, 0x7d, 0xff, 0xff, 0xa0, 0x7d, 0xff, 0xff,
  0xa4, 0x7d, 0xff, 0xff, 0xa8, 0x7d, 0xff, 0xff, 0xac, 0x7d, 0xff, 0xff,
  0xb0, 0x7d, 0xff, 0xff, 0xb4, 0x7d, 0xff, 0xff, 0xb8, 0x7d, 0xff, 0xff,
  0xbc, 0x7d, 0xff, 0xff, 0xc0, 0x7d, 0xff, 0xff, 0xc4, 0x7d, 0xff, 0xff,
  0xc8, 0x7d, 0xff, 0xff, 0xcc, 0x7d, 0xff, 0xff, 0xd0, 0x7d, 0xff, 0xff,
  0xd4, 0x7d, 0xff, 0xff, 0xd8, 0x7d, 0xff, 0xff, 0xdc, 0x7d, 0xff, 0xff,
  0xe0, 0x7d, 0xff, 0xff, 0xe4, 0x7d, 0xff, 0xff, 0xe8, 0x7d, 0xff, 0xff,
  0xec, 0x7d, 0xff, 0xff, 0xf0, 0x7d, 0xff, 0xff, 0xf4, 0x7d, 0xff, 0xff,
  0xf8, 0x7d, 0xff, 0xff, 0xfc, 0x7d, 0xff, 0xff, 0x00, 0x7e, 0xff, 0xff,
  0x04, 0x7e, 0xff, 0xff, 0x08, 0x7e, 0xff, 0xff, 0x0c, 0x7e, 0xff, 0xff,
  0x10, 0x7e, 0xff, 0xff, 0x14, 0x7e, 0xff, 0xff, 0x18, 0x7e, 0xff, 0xff,
  0x1c, 0x7e, 0xff, 0xff, 0x20, 0x7e, 0xff, 0xff, 0x24, 0x7e, 0xff, 0xff,
  0x28, 0x7e, 0xff, 0xff, 0x2c, 0x7e, 0xff, 0xff, 0x30, 0x7e, 0xff, 0xff,
  0x34, 0x7e, 0xff, 0xff, 0x38, 0x7e, 0xff, 0xff, 0x3c, 0x7e, 0xff, 0xff,
  0x40, 0x7e, 0xff, 0xff, 0x44, 0x7e, 0xff, 0xff, 0x48, 0x7e, 0xff, 0xff,
  0x4c, 0x7e, 0xff, 0xff, 0x50, 0x7e, 0xff, 0xff, 0x54, 0x7e, 0xff, 0xff,
  0x58, 0x7e, 0xff, 0xff, 0x5c, 0x7e, 0xff, 0xff, 0x60, 0x7e, 0xff, 0xff,
  0x64, 0x7e, 0xff, 0xff, 0x68, 0x7e, 0xff, 0xff, 0x6c, 0x7e, 0xff, 0xff,
  0x70, 0x7e, 0xff, 0xff, 0x74, 0x7e, 0xff, 0xff, 0x78, 0x7e, 0xff, 0xff,
  0x7c, 0x7e, 0xff, 0xff, 0x80, 0x7e, 0xff, 0xff, 0x84, 0x7e, 0xff, 0xff,
  0x88, 0x7e, 0xff, 0xff, 0x8c, 0x7e, 0xff, 0xff, 0x90, 0x7e, 0xff, 0xff,
  0x94, 0x7e, 0xff, 0xff, 0x98, 0x7e, 0xff, 0xff, 0x9c, 0x7e, 0xff, 0xff,
  0xa0, 0x7e, 0xff, 0xff, 0xa4, 0x7e, 0xff, 0xff, 0xa8, 0x7e, 0xff, 0xff,
  0xac, 0x7e, 0xff, 0xff, 0xb0, 0x7e, 0xff, 0xff, 0xb4, 0x7e, 0xff, 0xff,
  0xb8, 0x7e, 0xff, 0xff, 0xbc, 0x7e, 0xff, 0xff, 0xc0, 0x7e, 0xff, 0xff,
  0xc4, 0x7e, 0xff, 0xff, 0xc8, 0x7e, 0xff, 0xff, 0xcc, 0x7e, 0xff, 0xff,
  0xd0, 0x7e, 0xff, 0xff, 0xd4, 0x7e, 0xff, 0xff, 0xd8, 0x7e, 0xff, 0xff,
  0xdc, 0x7e, 0xff, 0xff, 0xe0, 0x7e, 0xff, 0xff, 0xe4, 0x7e, 0xff, 0xff,
  0xe8, 0x7e, 0xff, 0xff, 0xec, 0x7e, 0xff, 0xff, 0xf0, 0x7e, 0xff, 0xff,
  0xf4, 0x7e, 0xff, 0xff, 0xf8, 0x7e, 0xff, 0xff, 0xfc, 0x7e, 0xff, 0xff,
  0x00, 0x7f, 0xff, 0xff, 0x04, 0x7f, 0xff, 0xff, 0x08, 0x7f, 0xff, 0xff,
  0x0c, 0x7f, 0xff, 0xff, 0x10, 0x7f, 0xff, 0xff, 0x14, 0x7f, 0xff, 0xff,
  0x18, 0x7f, 0xff, 0xff, 0x1c, 0x7f, 0xff, 0xff, 0x20, 0x7f, 0xff, 0xff,
  0x24, 0x7f, 0xff, 0xff, 0x28, 0x7f, 0xff, 0xff, 0x2c, 0x7f, 0xff, 0xff,
  0x30, 0x7f, 0xff, 0xff, 0x34, 0x7f, 0xff, 0xff, 0x38, 0x7f, 0xff, 0xff,
  0x3c, 0x7f, 0xff, 0xff, 0x40, 0x7f, 0xff, 0xff, 0x44, 0x7f, 0xff, 0xff,
  0x48, 0x7f, 0xff, 0xff, 0x4c, 0x7f, 0xff, 0xff, 0x50, 0x7f, 0xff, 0xff,
  0x54, 0x7f, 0xff, 0xff, 0x58, 0x7f, 0xff, 0xff, 0x5c, 0x7f, 0xff, 0xff,
  0x60, 0x7f, 0xff, 0xff, 0x64, 0x7f, 0xff, 0xff, 0x68, 0x7f, 0xff, 0xff,
  0x6c, 0x7f, 0xff, 0xff, 0x70, 0x7f, 0xff, 0xff, 0x74, 0x7f, 0xff, 0xff,
  0x78, 0x7f, 0xff, 0xff, 0x7c, 0x7f, 0xff, 0xff, 0x80, 0x7f, 0xff, 0xff,
  0x84, 0x7f, 0xff, 0xff, 0x3a, 0xe7, 0xff, 0xff, 0x04, 0x00, 0x00, 0x00,
  0x01, 0x00, 0x00, 0x00, 0x00, 0x00, 0x00, 0x00, 0x4a, 0xe7, 0xff, 0xff,
  0x04, 0x00, 0x00, 0x00, 0x00, 0x01, 0x00, 0x00, 0xdc, 0xeb, 0x1f, 0x25,
  0xf5, 0x56, 0x7f, 0x64, 0x7f, 0xcb, 0x26, 0xfb, 0xde, 0xd7, 0xa4, 0x9b,
  0xfe, 0x1c, 0xcb, 0x81, 0x0b, 0x9c, 0x04, 0xd0, 0xd7, 0xe9, 0x7f, 0x4a,
  0xf0, 0x87, 0x01, 0xb4, 0xf1, 0x4d, 0x6c, 0x10, 0xae, 0x81, 0x4f, 0x28,
  0x4b, 0x85, 0x32, 0xf3, 0xd7, 0x09, 0x81, 0x86, 0xc9, 0x7e, 0x7b, 0x1b,
  0x7f, 0xca, 0x4f, 0x8b, 0xc5, 0x06, 0xcc, 0x7f, 0x2d, 0x0d, 0x29, 0xb5,
  0x0d, 0x2e, 0xfc, 0x00, 0x33, 0x7f, 0x34, 0xda, 0xdf, 0x84, 0x69, 0x81,
  0xb0, 0x5b, 0xdf, 0xc8, 0x33, 0xb5, 0x05, 0x7f, 0x34, 0xe9, 0x0e, 0x47,
  0xc8, 0xf0, 0x44, 0xe9, 0x7f, 0xeb, 0x03, 0x2f, 0x29, 0x04, 0xed, 0x43,
  0x81, 0x07, 0xf2, 0x02, 0x57, 0xdf, 0xb8, 0xeb, 0x0f, 0x7f, 0xef, 0x18,
  0xbc, 0x0b, 0x3c, 0x17, 0x25, 0x56, 0xe7, 0x81, 0x81, 0xf8, 0x42, 0xc4,
  0x1d, 0xc8, 0x29, 0x3d, 0x2e, 0x13, 0x1e, 0xe7, 0xbf, 0x7f, 0x3f, 0xe7,
  0xd8, 0x81, 0x14, 0xe7, 0x3c, 0x16, 0x32, 0xfc, 0x0e, 0xea, 0x41, 0xa0,
  0x55, 0x1d, 0x81, 0x35, 0x39, 0x7f, 0x17, 0xb0, 0x33, 0xff, 0x10, 0x2e,
  0xf0, 0x4f, 0x92, 0x41, 0x0b, 0xed, 0xf1, 0x81, 0x82, 0x15, 0x81, 0x1b,
  0xa6, 0x09, 0xa0, 0x30, 0xe1, 0x3f, 0x52, 0x05, 0x81, 0x1f, 0x96, 0x3f,
  0x94, 0x48, 0x16, 0x41, 0x19, 0x35, 0x81, 0x0e, 0x0f, 0x19, 0x13, 0x06,
  0xa6, 0x08, 0x7f, 0x86, 0x7f, 0x28, 0xfc, 0x5c, 0x00, 0x52, 0x0b, 0xf3,
  0x02, 0xe4, 0x42, 0x00, 0x81, 0xed, 0xfd, 0x2e, 0x77, 0x7f, 0x57, 0x17,
  0x2e, 0x3a, 0xf5, 0x15, 0x00, 0x88, 0x3d, 0x4f, 0xe2, 0xce, 0x81, 0x57,
  0x7f, 0x56, 0xda, 0x3c, 0xf7, 0xb4, 0xa9, 0xff, 0xc1, 0x7f, 0x72, 0xfd,
  0x03, 0x06, 0x31, 0x0f, 0xdf, 0xf2, 0xf0, 0x94, 0x8b, 0x7f, 0x5e, 0xe5,
  0x56, 0xe8, 0xff, 0xff, 0x04, 0x00, 0x00, 0x00, 0x00, 0x02, 0x00, 0x00,
  0x39, 0x3e, 0x92, 0x89, 0x23, 0x48, 0xf4, 0xdb, 0x4b, 0x42, 0x9e, 0xdc,
  0x7f, 0xe5, 0x9b, 0x71, 0x07, 0xad, 0x60, 0x7f, 0x5a, 0x31, 0x51, 0xf0,
  0x97, 0xb5, 0x3c, 0x23, 0x17, 0xc3, 0x29, 0x95, 0xa9, 0xea, 0x98, 0x0f,
  0x61, 0x8a, 0x53, 0x9f, 0xc1, 0x70, 0x44, 0xa7, 0x1c, 0xef, 0xea, 0x81,
  0x6b, 0x02, 0xd2, 0xb5, 0xe1, 0xa3, 0x81, 0x95, 0xa3, 0xcd, 0x81, 0x86,
  0x76, 0x2d, 0x2a, 0x5f, 0x58, 0x63, 0x6f, 0x88, 0x81, 0x39, 0xfc, 0xd7,
  0xab, 0xa8, 0xd3, 0x7d, 0xcd, 0x79, 0xab, 0xcf, 0x54, 0xdc, 0x01, 0x81,
  0x57, 0xc3, 0xb1, 0x00, 0x4d, 0xcf, 0xa8, 0xf4, 0xbd, 0x16, 0x71, 0xcf,
  0x77, 0x04, 0x7b, 0x0b, 0x99, 0xe3, 0xee, 0x81, 0x20, 0xf6, 0x34, 0x31,
  0xca, 0x64, 0x37, 0xc7, 0xfa, 0x11, 0xc8, 0xe7, 0x94, 0xf9, 0x56, 0x1c,
  0x43, 0x16, 0xa6, 0x0c, 0xb1, 0x0f, 0x81, 0x17, 0xa3, 0x0b, 0x7e, 0x65,
  0x54, 0x43, 0xbb, 0xaa, 0x7b, 0x3c, 0x81, 0xfb, 0x70, 0x1f, 0x06, 0xde,
  0x45, 0xdc, 0x78, 0xb7, 0xe9, 0xf6, 0x68, 0xc8, 0x72, 0xa9, 0x52, 0x91,
  0x09, 0x81, 0x35, 0x22, 0xe8, 0x7a, 0xfa, 0xf1, 0x60, 0x7e, 0x90, 0x56,
  0x33, 0xb2, 0x49, 0x7f, 0x14, 0x0d, 0xea, 0x36, 0x96, 0x30, 0xc4, 0x81,
  0x36, 0x07, 0x26, 0xaf, 0xdc, 0x97, 0x29, 0x74, 0xc5, 0xea, 0xd4, 0xca,
  0x4c, 0xe2, 0xac, 0x32, 0xd6, 0x2b, 0xb1, 0xeb, 0xf3, 0x7f, 0x26, 0xfc,
  0xba, 0xf3, 0xbd, 0x3c, 0x16, 0x82, 0xb6, 0x4c, 0x93, 0x86, 0xd0, 0x34,
  0x13, 0x06, 0x81, 0xbd, 0xc7, 0xa1, 0x3d, 0x37, 0x1f, 0x15, 0x44, 0xc7,
  0x2f, 0x0b, 0x7c, 0x81, 0x2b, 0x4a, 0x41, 0x74, 0x51, 0xce, 0x13, 0xed,
  0x8b, 0x23, 0x96, 0x45, 0x74, 0x63, 0x30, 0x00, 0xf7, 0x7f, 0x84, 0x20,
  0x88, 0xe9, 0x4c, 0x5a, 0x27, 0xe0, 0x81, 0x6e, 0x76, 0x3d, 0x87, 0x3e,
  0xa1, 0x8b, 0xbc, 0x4f, 0xfe, 0xb3, 0xa3, 0x89, 0x13, 0x95, 0x95, 0xe2,
  0x27, 0x91, 0x6d, 0x81, 0x70, 0x02, 0x7f, 0x7c, 0x23, 0x8b, 0x31, 0xec,
  0x4e, 0x3b, 0x4a, 0xe3, 0x90, 0x81, 0xc4, 0x6a, 0x73, 0x69, 0xe3, 0x6e,
  0x81, 0xe7, 0x6f, 0x85, 0xcd, 0x72, 0x3c, 0x3b, 0xdb, 0x1b, 0x54, 0xb4,
  0x75, 0x81, 0xee, 0x9d, 0x4a, 0x66, 0x2c, 0xc4, 0xc7, 0xa4, 0x7b, 0x88,
  0x7f, 0x0a, 0x8a, 0xdc, 0x29, 0x5f, 0x6f, 0x7c, 0x32, 0x47, 0xc4, 0x83,
  0x9d, 0xdd, 0xfb, 0xad, 0x81, 0xbb, 0xec, 0x60, 0xa0, 0x98, 0xda, 0xa3,
  0x57, 0xb6, 0x76, 0x59, 0xe4, 0x16, 0x81, 0x37, 0xcd, 0x28, 0x7a, 0xd3,
  0x11, 0xe3, 0x5c, 0xa9, 0x2d, 0x7f, 0x73, 0xda, 0x97, 0x4a, 0x0b, 0x42,
  0x58, 0x5b, 0x6e, 0x54, 0x2f, 0x1b, 0x07, 0x83, 0x92, 0xc8, 0x81, 0xbf,
  0x57, 0x60, 0x23, 0xd8, 0x07, 0xb9, 0xc9, 0xef, 0x1d, 0xa9, 0x7f, 0xac,
  0xa7, 0xcc, 0x63, 0x3f, 0xe7, 0x86, 0x8b, 0x17, 0x81, 0x4b, 0xb2, 0x73,
  0x3b, 0xbe, 0xa1, 0xbb, 0x9a, 0xb4, 0x52, 0xb9, 0xea, 0x02, 0x15, 0xf2,
  0x6b, 0x3f, 0x0b, 0x98, 0x01, 0x2f, 0x33, 0xb5, 0xcf, 0x8e, 0xdd, 0x81,
  0xd2, 0x7f, 0x53, 0xb1, 0x06, 0xf5, 0x0b, 0x58, 0x93, 0x58, 0x07, 0x70,
  0x82, 0xbc, 0x4b, 0x5b, 0x65, 0x49, 0x35, 0xb4, 0x84, 0x78, 0xc3, 0x2a,
  0xda, 0x41, 0xf6, 0xba, 0x0a, 0xfe, 0x11, 0x7f, 0xf6, 0x33, 0x1a, 0xd3,
  0x7a, 0xb1, 0x5b, 0xb7, 0x7f, 0x06, 0xae, 0xc5, 0x5d, 0x4d, 0x67, 0x60,
  0xb5, 0x1a, 0x64, 0x9b, 0x1e, 0x01, 0x21, 0x3e, 0xa6, 0x81, 0xeb, 0x4e,
  0x76, 0x54, 0x46, 0xb8, 0xfd, 0x1c, 0x2b, 0x81, 0x92, 0x4f, 0x1a, 0x8c,
  0x51, 0xc9, 0x36, 0x1e, 0x79, 0xc7, 0x71, 0x66, 0x62, 0xea, 0xff, 0xff,
  0x04, 0x00, 0x00, 0x00, 0x20, 0x00, 0x00, 0x00, 0x83, 0x83, 0x83, 0x83,
  0x83, 0x83, 0x83, 0x83, 0x7f, 0x7f, 0x7f, 0x7f, 0x7f, 0x7f, 0x7f, 0x7f,
  0x82, 0x84, 0x85, 0x86, 0x83, 0x87, 0x80, 0x8a, 0x83, 0x83, 0x83, 0x83,
  0x83, 0x83, 0x83, 0x83, 0x8e, 0xea, 0xff, 0xff, 0x04, 0x00, 0x00, 0x00,
  0x80, 0x00, 0x00, 0x00, 0xfd, 0xef, 0x1d, 0xb4, 0xb3, 0x0d, 0x22, 0x81,
  0xbe, 0x10, 0x5d, 0x4e, 0x7f, 0x48, 0x2d, 0x7b, 0xee, 0xff, 0xe0, 0x9d,
  0x60, 0xd8, 0xbb, 0x81, 0x60, 0x7f, 0xb1, 0xf0, 0x78, 0x83, 0xc0, 0x9e,
  0x81, 0xfe, 0x49, 0xc7, 0x2c, 0x3c, 0xa3, 0xee, 0x7f, 0xdc, 0x8c, 0x2e,
  0xeb, 0x9f, 0x9d, 0x1e, 0x7f, 0xb7, 0x7e, 0x5a, 0x4b, 0xd5, 0x66, 0xc3,
  0x17, 0xee, 0x47, 0x21, 0x56, 0x74, 0x5b, 0x81, 0x9b, 0xbe, 0x3e, 0x85,
  0x28, 0x81, 0x58, 0xba, 0x22, 0x4b, 0x82, 0xca, 0xce, 0xc8, 0x2a, 0x81,
  0x97, 0xbe, 0x81, 0xdf, 0x76, 0x36, 0x26, 0xa2, 0x5e, 0xe4, 0xb7, 0x41,
  0x7f, 0xc2, 0xc9, 0x56, 0x7f, 0x60, 0x78, 0xa7, 0xc3, 0xeb, 0x04, 0x35,
  0x4b, 0xca, 0xf5, 0x51, 0xe9, 0xca, 0x7f, 0x51, 0x14, 0x6f, 0x03, 0x8a,
  0x78, 0xa9, 0x98, 0x7f, 0x32, 0xc1, 0x07, 0x13, 0x8f, 0x7f, 0x58, 0x0c,
  0x1a, 0xeb, 0xff, 0xff, 0x04, 0x00, 0x00, 0x00, 0x40, 0x00, 0x00, 0x00,
  0x10, 0x00, 0x00, 0x00, 0x0e, 0x03, 0x00, 0x00, 0xc4, 0xfc, 0xff, 0xff,
  0x9b, 0xf8, 0xff, 0xff, 0xa2, 0xff, 0xff, 0xff, 0xfb, 0xff, 0xff, 0xff,
  0xba, 0xfe, 0xff, 0xff, 0x8e, 0xff, 0xff, 0xff, 0xd1, 0xfc, 0xff, 0xff,
  0xb0, 0xfd, 0xff, 0xff, 0x00, 0x00, 0x00, 0x00, 0xbc, 0x05, 0x00, 0x00,
  0x27, 0x04, 0x00, 0x00, 0x33, 0xfe, 0xff, 0xff, 0x78, 0xfe, 0xff, 0xff,
  0xb7, 0xfe, 0xff, 0xff, 0x66, 0xeb, 0xff, 0xff, 0x04, 0x00, 0x00, 0x00,
  0x10, 0x00, 0x00, 0x00, 0x93, 0x15, 0x5c, 0x7f, 0xfd, 0x01, 0xf5, 0x2f,
  0x72, 0x37, 0x2f, 0x29, 0x25, 0x9b, 0xf2, 0x63, 0x82, 0xeb, 0xff, 0xff,
  0x04, 0x00, 0x00, 0x00, 0x04, 0x00, 0x00, 0x00, 0xb7, 0x2f, 0x00, 0x00,
  0xe0, 0x83, 0xff, 0xff, 0x96, 0xeb, 0xff, 0xff, 0x04, 0x00, 0x00, 0x00,
  0x0c, 0x00, 0x00, 0x00, 0x01, 0x00, 0x00, 0x00, 0x00, 0x00, 0x00, 0x00,
  0x02, 0x00, 0x00, 0x00, 0xae, 0xeb, 0xff, 0xff, 0x04, 0x00, 0x00, 0x00,
  0x04, 0x00, 0x00, 0x00, 0x08, 0x00, 0x00, 0x00, 0xbe, 0xeb, 0xff, 0xff,
  0x04, 0x00, 0x00, 0x00, 0x04, 0x00, 0x00, 0x00, 0x01, 0x00, 0x00, 0x00,
  0xce, 0xeb, 0xff, 0xff, 0x04, 0x00, 0x00, 0x00, 0x04, 0x00, 0x00, 0x00,
  0x00, 0x00, 0x00, 0x00, 0x2c, 0x84, 0xff, 0xff, 0x30, 0x84, 0xff, 0xff,
  0x0f, 0x00, 0x00, 0x00, 0x4d, 0x4c, 0x49, 0x52, 0x20, 0x43, 0x6f, 0x6e,
  0x76, 0x65, 0x72, 0x74, 0x65, 0x64, 0x2e, 0x00, 0x01, 0x00, 0x00, 0x00,
  0x14, 0x00, 0x00, 0x00, 0x00, 0x00, 0x0e, 0x00, 0x18, 0x00, 0x14, 0x00,
  0x10, 0x00, 0x0c, 0x00, 0x08, 0x00, 0x04, 0x00, 0x0e, 0x00, 0x00, 0x00,
  0x14, 0x00, 0x00, 0x00, 0x1c, 0x00, 0x00, 0x00, 0xa4, 0x14, 0x00, 0x00,
  0xa8, 0x14, 0x00, 0x00, 0xac, 0x14, 0x00, 0x00, 0x04, 0x00, 0x00, 0x00,
  0x6d, 0x61, 0x69, 0x6e, 0x00, 0x00, 0x00, 0x00, 0x6b, 0x00, 0x00, 0x00,
  0x54, 0x14, 0x00, 0x00, 0xf4, 0x13, 0x00, 0x00, 0xa4, 0x13, 0x00, 0x00,
  0x7c, 0x13, 0x00, 0x00, 0x38, 0x13, 0x00, 0x00, 0x10, 0x13, 0x00, 0x00,
  0xc4, 0x12, 0x00, 0x00, 0x8c, 0x12, 0x00, 0x00, 0x58, 0x12, 0x00, 0x00,
  0x24, 0x12, 0x00, 0x00, 0xe0, 0x11, 0x00, 0x00, 0xbc, 0x11, 0x00, 0x00,
  0x98, 0x11, 0x00, 0x00, 0x64, 0x11, 0x00, 0x00, 0x40, 0x11, 0x00, 0x00,
  0x1c, 0x11, 0x00, 0x00, 0xe8, 0x10, 0x00, 0x00, 0xb4, 0x10, 0x00, 0x00,
  0x90, 0x10, 0x00, 0x00, 0x5c, 0x10, 0x00, 0x00, 0x24, 0x10, 0x00, 0x00,
  0xec, 0x0f, 0x00, 0x00, 0xb4, 0x0f, 0x00, 0x00, 0x7c, 0x0f, 0x00, 0x00,
  0x48, 0x0f, 0x00, 0x00, 0x14, 0x0f, 0x00, 0x00, 0xd0, 0x0e, 0x00, 0x00,
  0xac, 0x0e, 0x00, 0x00, 0x88, 0x0e, 0x00, 0x00, 0x54, 0x0e, 0x00, 0x00,
  0x30, 0x0e, 0x00, 0x00, 0x0c, 0x0e, 0x00, 0x00, 0xd8, 0x0d, 0x00, 0x00,
  0xa4, 0x0d, 0x00, 0x00, 0x80, 0x0d, 0x00, 0x00, 0x4c, 0x0d, 0x00, 0x00,
  0x14, 0x0d, 0x00, 0x00, 0xdc, 0x0c, 0x00, 0x00, 0xa8, 0x0c, 0x00, 0x00,
  0x74, 0x0c, 0x00, 0x00, 0x30, 0x0c, 0x00, 0x00, 0x0c, 0x0c, 0x00, 0x00,
  0xe8, 0x0b, 0x00, 0x00, 0xb4, 0x0b, 0x00, 0x00, 0x90, 0x0b, 0x00, 0x00,
  0x6c, 0x0b, 0x00, 0x00, 0x38, 0x0b, 0x00, 0x00, 0x04, 0x0b, 0x00, 0x00,
  0xe0, 0x0a, 0x00, 0x00, 0xac, 0x0a, 0x00, 0x00, 0x74, 0x0a, 0x00, 0x00,
  0x3c, 0x0a, 0x00, 0x00, 0x08, 0x0a, 0x00, 0x00, 0xd4, 0x09, 0x00, 0x00,
  0x90, 0x09, 0x00, 0x00, 0x6c, 0x09, 0x00, 0x00, 0x48, 0x09, 0x00, 0x00,
  0x14, 0x09, 0x00, 0x00, 0xf0, 0x08, 0x00, 0x00, 0xcc, 0x08, 0x00, 0x00,
  0x98, 0x08, 0x00, 0x00, 0x64, 0x08, 0x00, 0x00, 0x40, 0x08, 0x00, 0x00,
  0x0c, 0x08, 0x00, 0x00, 0xd4, 0x07, 0x00, 0x00, 0x9c, 0x07, 0x00, 0x00,
  0x68, 0x07, 0x00, 0x00, 0x34, 0x07, 0x00, 0x00, 0xf0, 0x06, 0x00, 0x00,
  0xcc, 0x06, 0x00, 0x00, 0xa8, 0x06, 0x00, 0x00, 0x74, 0x06, 0x00, 0x00,
  0x50, 0x06, 0x00, 0x00, 0x2c, 0x06, 0x00, 0x00, 0xf8, 0x05, 0x00, 0x00,
  0xc4, 0x05, 0x00, 0x00, 0xa0, 0x05, 0x00, 0x00, 0x6c, 0x05, 0x00, 0x00,
  0x34, 0x05, 0x00, 0x00, 0x00, 0x05, 0x00, 0x00, 0xcc, 0x04, 0x00, 0x00,
  0x88, 0x04, 0x00, 0x00, 0x64, 0x04, 0x00, 0x00, 0x40, 0x04, 0x00, 0x00,
  0x0c, 0x04, 0x00, 0x00, 0xe8, 0x03, 0x00, 0x00, 0xc4, 0x03, 0x00, 0x00,
  0x90, 0x03, 0x00, 0x00, 0x5c, 0x03, 0x00, 0x00, 0x38, 0x03, 0x00, 0x00,
  0x04, 0x03, 0x00, 0x00, 0xcc, 0x02, 0x00, 0x00, 0x98, 0x02, 0x00, 0x00,
  0x64, 0x02, 0x00, 0x00, 0x20, 0x02, 0x00, 0x00, 0xfc, 0x01, 0x00, 0x00,
  0xd8, 0x01, 0x00, 0x00, 0xa4, 0x01, 0x00, 0x00, 0x80, 0x01, 0x00, 0x00,
  0x5c, 0x01, 0x00, 0x00, 0x28, 0x01, 0x00, 0x00, 0xf4, 0x00, 0x00, 0x00,
  0xd0, 0x00, 0x00, 0x00, 0x9c, 0x00, 0x00, 0x00, 0x60, 0x00, 0x00, 0x00,
  0x28, 0x00, 0x00, 0x00, 0x04, 0x00, 0x00, 0x00, 0x2e, 0xee, 0xff, 0xff,
  0x0c, 0x00, 0x00, 0x00, 0x10, 0x00, 0x00, 0x00, 0x09, 0x00, 0x00, 0x00,
  0x01, 0x00, 0x00, 0x00, 0x93, 0x00, 0x00, 0x00, 0x01, 0x00, 0x00, 0x00,
  0x92, 0x00, 0x00, 0x00, 0xe2, 0xed, 0xff, 0xff, 0x14, 0x00, 0x00, 0x00,
  0x00, 0x00, 0x00, 0x08, 0x10, 0x00, 0x00, 0x00, 0x14, 0x00, 0x00, 0x00,
  0x04, 0x00, 0x00, 0x00, 0x6c, 0x86, 0xff, 0xff, 0x01, 0x00, 0x00, 0x00,
  0x92, 0x00, 0x00, 0x00, 0x03, 0x00, 0x00, 0x00, 0x91, 0x00, 0x00, 0x00,
  0x07, 0x00, 0x00, 0x00, 0x06, 0x00, 0x00, 0x00, 0x16, 0xee, 0xff, 0xff,
  0x14, 0x00, 0x00, 0x00, 0x00, 0x00, 0x00, 0x08, 0x14, 0x00, 0x00, 0x00,
  0x18, 0x00, 0x00, 0x00, 0x04, 0x00, 0x00, 0x00, 0xae, 0xed, 0xff, 0xff,
  0x00, 0x00, 0x00, 0x01, 0x01, 0x00, 0x00, 0x00, 0x91, 0x00, 0x00, 0x00,
  0x03, 0x00, 0x00, 0x00, 0x90, 0x00, 0x00, 0x00, 0x09, 0x00, 0x00, 0x00,
  0x08, 0x00, 0x00, 0x00, 0x4e, 0xee, 0xff, 0xff, 0x14, 0x00, 0x00, 0x00,
  0x00, 0x00, 0x00, 0x15, 0x10, 0x00, 0x00, 0x00, 0x14, 0x00, 0x00, 0x00,
  0x0a, 0x00, 0x00, 0x00, 0xd8, 0x86, 0xff, 0xff, 0x01, 0x00, 0x00, 0x00,
  0x90, 0x00, 0x00, 0x00, 0x02, 0x00, 0x00, 0x00, 0x8b, 0x00, 0x00, 0x00,
  0x8f, 0x00, 0x00, 0x00, 0xea, 0xee, 0xff, 0xff, 0x0c, 0x00, 0x00, 0x00,
  0x10, 0x00, 0x00, 0x00, 0x0b, 0x00, 0x00, 0x00, 0x01, 0x00, 0x00, 0x00,
  0x8f, 0x00, 0x00, 0x00, 0x01, 0x00, 0x00, 0x00, 0x8e, 0x00, 0x00, 0x00,
  0x9e, 0xee, 0xff, 0xff, 0x14, 0x00, 0x00, 0x00, 0x00, 0x00, 0x00, 0x0b,
  0x10, 0x00, 0x00, 0x00, 0x14, 0x00, 0x00, 0x00, 0x07, 0x00, 0x00, 0x00,
  0x28, 0x87, 0xff, 0xff, 0x01, 0x00, 0x00, 0x00, 0x8e, 0x00, 0x00, 0x00,
  0x02, 0x00, 0x00, 0x00, 0x8a, 0x00, 0x00, 0x00, 0x8d, 0x00, 0x00, 0x00,
  0xce, 0xee, 0xff, 0xff, 0x14, 0x00, 0x00, 0x00, 0x00, 0x00, 0x00, 0x15,
  0x10, 0x00, 0x00, 0x00, 0x14, 0x00, 0x00, 0x00, 0x0a, 0x00, 0x00, 0x00,
  0x58, 0x87, 0xff, 0xff, 0x01, 0x00, 0x00, 0x00, 0x8d, 0x00, 0x00, 0x00,
  0x02, 0x00, 0x00, 0x00, 0x88, 0x00, 0x00, 0x00, 0x8c, 0x00, 0x00, 0x00,
  0x6a, 0xef, 0xff, 0xff, 0x0c, 0x00, 0x00, 0x00, 0x10, 0x00, 0x00, 0x00,
  0x0b, 0x00, 0x00, 0x00, 0x01, 0x00, 0x00, 0x00, 0x8c, 0x00, 0x00, 0x00,
  0x01, 0x00, 0x00, 0x00, 0x86, 0x00, 0x00, 0x00, 0x8a, 0xef, 0xff, 0xff,
  0x0c, 0x00, 0x00, 0x00, 0x10, 0x00, 0x00, 0x00, 0x09, 0x00, 0x00, 0x00,
  0x01, 0x00, 0x00, 0x00, 0x8b, 0x00, 0x00, 0x00, 0x01, 0x00, 0x00, 0x00,
  0x87, 0x00, 0x00, 0x00, 0x3e, 0xef, 0xff, 0xff, 0x14, 0x00, 0x00, 0x00,
  0x00, 0x00, 0x00, 0x15, 0x10, 0x00, 0x00, 0x00, 0x14, 0x00, 0x00, 0x00,
  0x0a, 0x00, 0x00, 0x00, 0xc8, 0x87, 0xff, 0xff, 0x01, 0x00, 0x00, 0x00,
  0x8a, 0x00, 0x00, 0x00, 0x02, 0x00, 0x00, 0x00, 0x89, 0x00, 0x00, 0x00,
  0x7e, 0x00, 0x00, 0x00, 0xda, 0xef, 0xff, 0xff, 0x0c, 0x00, 0x00, 0x00,
  0x10, 0x00, 0x00, 0x00, 0x09, 0x00, 0x00, 0x00, 0x01, 0x00, 0x00, 0x00,
  0x89, 0x00, 0x00, 0x00, 0x01, 0x00, 0x00, 0x00, 0x85, 0x00, 0x00, 0x00,
  0xfa, 0xef, 0xff, 0xff, 0x0c, 0x00, 0x00, 0x00, 0x10, 0x00, 0x00, 0x00,
  0x09, 0x00, 0x00, 0x00, 0x01, 0x00, 0x00, 0x00, 0x88, 0x00, 0x00, 0x00,
  0x01, 0x00, 0x00, 0x00, 0x84, 0x00, 0x00, 0x00, 0xae, 0xef, 0xff, 0xff,
  0x14, 0x00, 0x00, 0x00, 0x00, 0x00, 0x00, 0x23, 0x14, 0x00, 0x00, 0x00,
  0x24, 0x00, 0x00, 0x00, 0x08, 0x00, 0x00, 0x00, 0xea, 0xef, 0xff, 0xff,
  0x04, 0x00, 0x00, 0x00, 0x04, 0x00, 0x00, 0x00, 0x84, 0x00, 0x00, 0x00,
  0x85, 0x00, 0x00, 0x00, 0x86, 0x00, 0x00, 0x00, 0x87, 0x00, 0x00, 0x00,
  0x02, 0x00, 0x00, 0x00, 0x05, 0x00, 0x00, 0x00, 0x83, 0x00, 0x00, 0x00,
  0xee, 0xef, 0xff, 0xff, 0x14, 0x00, 0x00, 0x00, 0x00, 0x00, 0x00, 0x0b,
  0x10, 0x00, 0x00, 0x00, 0x14, 0x00, 0x00, 0x00, 0x07, 0x00, 0x00, 0x00,
  0x78, 0x88, 0xff, 0xff, 0x01, 0x00, 0x00, 0x00, 0x83, 0x00, 0x00, 0x00,
  0x02, 0x00, 0x00, 0x00, 0x82, 0x00, 0x00, 0x00, 0x0a, 0x00, 0x00, 0x00,
  0x1e, 0xf0, 0xff, 0xff, 0x14, 0x00, 0x00, 0x00, 0x00, 0x00, 0x00, 0x0b,
  0x10, 0x00, 0x00, 0x00, 0x14, 0x00, 0x00, 0x00, 0x07, 0x00, 0x00, 0x00,
  0xa8, 0x88, 0xff, 0xff, 0x01, 0x00, 0x00, 0x00, 0x82, 0x00, 0x00, 0x00,
  0x02, 0x00, 0x00, 0x00, 0x2d, 0x00, 0x00, 0x00, 0x81, 0x00, 0x00, 0x00,
  0x4e, 0xf0, 0xff, 0xff, 0x14, 0x00, 0x00, 0x00, 0x00, 0x00, 0x00, 0x08,
  0x10, 0x00, 0x00, 0x00, 0x14, 0x00, 0x00, 0x00, 0x04, 0x00, 0x00, 0x00,
  0xd8, 0x88, 0xff, 0xff, 0x01, 0x00, 0x00, 0x00, 0x81, 0x00, 0x00, 0x00,
  0x03, 0x00, 0x00, 0x00, 0x80, 0x00, 0x00, 0x00, 0x0c, 0x00, 0x00, 0x00,
  0xff, 0xff, 0xff, 0xff, 0x82, 0xf0, 0xff, 0xff, 0x14, 0x00, 0x00, 0x00,
  0x00, 0x00, 0x00, 0x15, 0x10, 0x00, 0x00, 0x00, 0x14, 0x00, 0x00, 0x00,
  0x0a, 0x00, 0x00, 0x00, 0x0c, 0x89, 0xff, 0xff, 0x01, 0x00, 0x00, 0x00,
  0x80, 0x00, 0x00, 0x00, 0x02, 0x00, 0x00, 0x00, 0x7b, 0x00, 0x00, 0x00,
  0x7f, 0x00, 0x00, 0x00, 0x1e, 0xf1, 0xff, 0xff, 0x0c, 0x00, 0x00, 0x00,
  0x10, 0x00, 0x00, 0x00, 0x0b, 0x00, 0x00, 0x00, 0x01, 0x00, 0x00, 0x00,
  0x7f, 0x00, 0x00, 0x00, 0x01, 0x00, 0x00, 0x00, 0x7e, 0x00, 0x00, 0x00,
  0xd2, 0xf0, 0xff, 0xff, 0x14, 0x00, 0x00, 0x00, 0x00, 0x00, 0x00, 0x0b,
  0x10, 0x00, 0x00, 0x00, 0x14, 0x00, 0x00, 0x00, 0x07, 0x00, 0x00, 0x00,
  0x5c, 0x89, 0xff, 0xff, 0x01, 0x00, 0x00, 0x00, 0x7e, 0x00, 0x00, 0x00,
  0x02, 0x00, 0x00, 0x00, 0x7a, 0x00, 0x00, 0x00, 0x7d, 0x00, 0x00, 0x00,
  0x02, 0xf1, 0xff, 0xff, 0x14, 0x00, 0x00, 0x00, 0x00, 0x00, 0x00, 0x15,
  0x10, 0x00, 0x00, 0x00, 0x14, 0x00, 0x00, 0x00, 0x0a, 0x00, 0x00, 0x00,
  0x8c, 0x89, 0xff, 0xff, 0x01, 0x00, 0x00, 0x00, 0x7d, 0x00, 0x00, 0x00,
  0x02, 0x00, 0x00, 0x00, 0x78, 0x00, 0x00, 0x00, 0x7c, 0x00, 0x00, 0x00,
  0x9e, 0xf1, 0xff, 0xff, 0x0c, 0x00, 0x00, 0x00, 0x10, 0x00, 0x00, 0x00,
  0x0b, 0x00, 0x00, 0x00, 0x01, 0x00, 0x00, 0x00, 0x7c, 0x00, 0x00, 0x00,
  0x01, 0x00, 0x00, 0x00, 0x76, 0x00, 0x00, 0x00, 0xbe, 0xf1, 0xff, 0xff,
  0x0c, 0x00, 0x00, 0x00, 0x10, 0x00, 0x00, 0x00, 0x09, 0x00, 0x00, 0x00,
  0x01, 0x00, 0x00, 0x00, 0x7b, 0x00, 0x00, 0x00, 0x01, 0x00, 0x00, 0x00,
  0x77, 0x00, 0x00, 0x00, 0x72, 0xf1, 0xff, 0xff, 0x14, 0x00, 0x00, 0x00,
  0x00, 0x00, 0x00, 0x15, 0x10, 0x00, 0x00, 0x00, 0x14, 0x00, 0x00, 0x00,
  0x0a, 0x00, 0x00, 0x00, 0xfc, 0x89, 0xff, 0xff, 0x01, 0x00, 0x00, 0x00,
  0x7a, 0x00, 0x00, 0x00, 0x02, 0x00, 0x00, 0x00, 0x79, 0x00, 0x00, 0x00,
  0x6e, 0x00, 0x00, 0x00, 0x0e, 0xf2, 0xff, 0xff, 0x0c, 0x00, 0x00, 0x00,
  0x10, 0x00, 0x00, 0x00, 0x09, 0x00, 0x00, 0x00, 0x01, 0x00, 0x00, 0x00,
  0x79, 0x00, 0x00, 0x00, 0x01, 0x00, 0x00, 0x00, 0x75, 0x00, 0x00, 0x00,
  0x2e, 0xf2, 0xff, 0xff, 0x0c, 0x00, 0x00, 0x00, 0x10, 0x00, 0x00, 0x00,
  0x09, 0x00, 0x00, 0x00, 0x01, 0x00, 0x00, 0x00, 0x78, 0x00, 0x00, 0x00,
  0x01, 0x00, 0x00, 0x00, 0x74, 0x00, 0x00, 0x00, 0xe2, 0xf1, 0xff, 0xff,
  0x14, 0x00, 0x00, 0x00, 0x00, 0x00, 0x00, 0x23, 0x14, 0x00, 0x00, 0x00,
  0x24, 0x00, 0x00, 0x00, 0x08, 0x00, 0x00, 0x00, 0x1e, 0xf2, 0xff, 0xff,
  0x04, 0x00, 0x00, 0x00, 0x04, 0x00, 0x00, 0x00, 0x74, 0x00, 0x00, 0x00,
  0x75, 0x00, 0x00, 0x00, 0x76, 0x00, 0x00, 0x00, 0x77, 0x00, 0x00, 0x00,
  0x02, 0x00, 0x00, 0x00, 0x05, 0x00, 0x00, 0x00, 0x73, 0x00, 0x00, 0x00,
  0x22, 0xf2, 0xff, 0xff, 0x14, 0x00, 0x00, 0x00, 0x00, 0x00, 0x00, 0x0b,
  0x10, 0x00, 0x00, 0x00, 0x14, 0x00, 0x00, 0x00, 0x07, 0x00, 0x00, 0x00,
  0xac, 0x8a, 0xff, 0xff, 0x01, 0x00, 0x00, 0x00, 0x73, 0x00, 0x00, 0x00,
  0x02, 0x00, 0x00, 0x00, 0x72, 0x00, 0x00, 0x00, 0x0a, 0x00, 0x00, 0x00,
  0x52, 0xf2, 0xff, 0xff, 0x14, 0x00, 0x00, 0x00, 0x00, 0x00, 0x00, 0x0b,
  0x10, 0x00, 0x00, 0x00, 0x14, 0x00, 0x00, 0x00, 0x07, 0x00, 0x00, 0x00,
  0xdc, 0x8a, 0xff, 0xff, 0x01, 0x00, 0x00, 0x00, 0x72, 0x00, 0x00, 0x00,
  0x02, 0x00, 0x00, 0x00, 0x2c, 0x00, 0x00, 0x00, 0x71, 0x00, 0x00, 0x00,
  0x82, 0xf2, 0xff, 0xff, 0x14, 0x00, 0x00, 0x00, 0x00, 0x00, 0x00, 0x08,
  0x10, 0x00, 0x00, 0x00, 0x14, 0x00, 0x00, 0x00, 0x04, 0x00, 0x00, 0x00,
  0x0c, 0x8b, 0xff, 0xff, 0x01, 0x00, 0x00, 0x00, 0x71, 0x00, 0x00, 0x00,
  0x03, 0x00, 0x00, 0x00, 0x70, 0x00, 0x00, 0x00, 0x0c, 0x00, 0x00, 0x00,
  0xff, 0xff, 0xff, 0xff, 0xb6, 0xf2, 0xff, 0xff, 0x14, 0x00, 0x00, 0x00,
  0x00, 0x00, 0x00, 0x15, 0x10, 0x00, 0x00, 0x00, 0x14, 0x00, 0x00, 0x00,
  0x0a, 0x00, 0x00, 0x00, 0x40, 0x8b, 0xff, 0xff, 0x01, 0x00, 0x00, 0x00,
  0x70, 0x00, 0x00, 0x00, 0x02, 0x00, 0x00, 0x00, 0x6b, 0x00, 0x00, 0x00,
  0x6f, 0x00, 0x00, 0x00, 0x52, 0xf3, 0xff, 0xff, 0x0c, 0x00, 0x00, 0x00,
  0x10, 0x00, 0x00, 0x00, 0x0b, 0x00, 0x00, 0x00, 0x01, 0x00, 0x00, 0x00,
  0x6f, 0x00, 0x00, 0x00, 0x01, 0x00, 0x00, 0x00, 0x6e, 0x00, 0x00, 0x00,
  0x06, 0xf3, 0xff, 0xff, 0x14, 0x00, 0x00, 0x00, 0x00, 0x00, 0x00, 0x0b,
  0x10, 0x00, 0x00, 0x00, 0x14, 0x00, 0x00, 0x00, 0x07, 0x00, 0x00, 0x00,
  0x90, 0x8b, 0xff, 0xff, 0x01, 0x00, 0x00, 0x00, 0x6e, 0x00, 0x00, 0x00,
  0x02, 0x00, 0x00, 0x00, 0x6a, 0x00, 0x00, 0x00, 0x6d, 0x00, 0x00, 0x00,
  0x36, 0xf3, 0xff, 0xff, 0x14, 0x00, 0x00, 0x00, 0x00, 0x00, 0x00, 0x15,
  0x10, 0x00, 0x00, 0x00, 0x14, 0x00, 0x00, 0x00, 0x0a, 0x00, 0x00, 0x00,
  0xc0, 0x8b, 0xff, 0xff, 0x01, 0x00, 0x00, 0x00, 0x6d, 0x00, 0x00, 0x00,
  0x02, 0x00, 0x00, 0x00, 0x68, 0x00, 0x00, 0x00, 0x6c, 0x00, 0x00, 0x00,
  0xd2, 0xf3, 0xff, 0xff, 0x0c, 0x00, 0x00, 0x00, 0x10, 0x00, 0x00, 0x00,
  0x0b, 0x00, 0x00, 0x00, 0x01, 0x00, 0x00, 0x00, 0x6c, 0x00, 0x00, 0x00,
  0x01, 0x00, 0x00, 0x00, 0x66, 0x00, 0x00, 0x00, 0xf2, 0xf3, 0xff, 0xff,
  0x0c, 0x00, 0x00, 0x00, 0x10, 0x00, 0x00, 0x00, 0x09, 0x00, 0x00, 0x00,
  0x01, 0x00, 0x00, 0x00, 0x6b, 0x00, 0x00, 0x00, 0x01, 0x00, 0x00, 0x00,
  0x67, 0x00, 0x00, 0x00, 0xa6, 0xf3, 0xff, 0xff, 0x14, 0x00, 0x00, 0x00,
  0x00, 0x00, 0x00, 0x15, 0x10, 0x00, 0x00, 0x00, 0x14, 0x00, 0x00, 0x00,
  0x0a, 0x00, 0x00, 0x00, 0x30, 0x8c, 0xff, 0xff, 0x01, 0x00, 0x00, 0x00,
  0x6a, 0x00, 0x00, 0x00, 0x02, 0x00, 0x00, 0x00, 0x69, 0x00, 0x00, 0x00,
  0x5d, 0x00, 0x00, 0x00, 0x42, 0xf4, 0xff, 0xff, 0x0c, 0x00, 0x00, 0x00,
  0x10, 0x00, 0x00, 0x00, 0x09, 0x00, 0x00, 0x00, 0x01, 0x00, 0x00, 0x00,
  0x69, 0x00, 0x00, 0x00, 0x01, 0x00, 0x00, 0x00, 0x65, 0x00, 0x00, 0x00,
  0x62, 0xf4, 0xff, 0xff, 0x0c, 0x00, 0x00, 0x00, 0x10, 0x00, 0x00, 0x00,
  0x09, 0x00, 0x00, 0x00, 0x01, 0x00, 0x00, 0x00, 0x68, 0x00, 0x00, 0x00,
  0x01, 0x00, 0x00, 0x00, 0x64, 0x00, 0x00, 0x00, 0x16, 0xf4, 0xff, 0xff,
  0x14, 0x00, 0x00, 0x00, 0x00, 0x00, 0x00, 0x23, 0x14, 0x00, 0x00, 0x00,
  0x24, 0x00, 0x00, 0x00, 0x08, 0x00, 0x00, 0x00, 0x52, 0xf4, 0xff, 0xff,
  0x04, 0x00, 0x00, 0x00, 0x04, 0x00, 0x00, 0x00, 0x64, 0x00, 0x00, 0x00,
  0x65, 0x00, 0x00, 0x00, 0x66, 0x00, 0x00, 0x00, 0x67, 0x00, 0x00, 0x00,
  0x02, 0x00, 0x00, 0x00, 0x05, 0x00, 0x00, 0x00, 0x63, 0x00, 0x00, 0x00,
  0x56, 0xf4, 0xff, 0xff, 0x14, 0x00, 0x00, 0x00, 0x00, 0x00, 0x00, 0x0b,
  0x10, 0x00, 0x00, 0x00, 0x14, 0x00, 0x00, 0x00, 0x07, 0x00, 0x00, 0x00,
  0xe0, 0x8c, 0xff, 0xff, 0x01, 0x00, 0x00, 0x00, 0x63, 0x00, 0x00, 0x00,
  0x02, 0x00, 0x00, 0x00, 0x62, 0x00, 0x00, 0x00, 0x0a, 0x00, 0x00, 0x00,
  0x86, 0xf4, 0xff, 0xff, 0x14, 0x00, 0x00, 0x00, 0x00, 0x00, 0x00, 0x0b,
  0x10, 0x00, 0x00, 0x00, 0x14, 0x00, 0x00, 0x00, 0x07, 0x00, 0x00, 0x00,
  0x10, 0x8d, 0xff, 0xff, 0x01, 0x00, 0x00, 0x00, 0x62, 0x00, 0x00, 0x00,
  0x02, 0x00, 0x00, 0x00, 0x61, 0x00, 0x00, 0x00, 0x60, 0x00, 0x00, 0x00,
  0xb6, 0xf4, 0xff, 0xff, 0x14, 0x00, 0x00, 0x00, 0x00, 0x00, 0x00, 0x08,
  0x10, 0x00, 0x00, 0x00, 0x14, 0x00, 0x00, 0x00, 0x04, 0x00, 0x00, 0x00,
  0x40, 0x8d, 0xff, 0xff, 0x01, 0x00, 0x00, 0x00, 0x61, 0x00, 0x00, 0x00,
  0x03, 0x00, 0x00, 0x00, 0x18, 0x00, 0x00, 0x00, 0x0b, 0x00, 0x00, 0x00,
  0xff, 0xff, 0xff, 0xff, 0xea, 0xf4, 0xff, 0xff, 0x14, 0x00, 0x00, 0x00,
  0x00, 0x00, 0x00, 0x08, 0x10, 0x00, 0x00, 0x00, 0x14, 0x00, 0x00, 0x00,
  0x04, 0x00, 0x00, 0x00, 0x74, 0x8d, 0xff, 0xff, 0x01, 0x00, 0x00, 0x00,
  0x60, 0x00, 0x00, 0x00, 0x03, 0x00, 0x00, 0x00, 0x5f, 0x00, 0x00, 0x00,
  0x0c, 0x00, 0x00, 0x00, 0xff, 0xff, 0xff, 0xff, 0x1e, 0xf5, 0xff, 0xff,
  0x14, 0x00, 0x00, 0x00, 0x00, 0x00, 0x00, 0x15, 0x10, 0x00, 0x00, 0x00,
  0x14, 0x00, 0x00, 0x00, 0x0a, 0x00, 0x00, 0x00, 0xa8, 0x8d, 0xff, 0xff,
  0x01, 0x00, 0x00, 0x00, 0x5f, 0x00, 0x00, 0x00, 0x02, 0x00, 0x00, 0x00,
  0x5a, 0x00, 0x00, 0x00, 0x5e, 0x00, 0x00, 0x00, 0xba, 0xf5, 0xff, 0xff,
  0x0c, 0x00, 0x00, 0x00, 0x10, 0x00, 0x00, 0x00, 0x0b, 0x00, 0x00, 0x00,
  0x01, 0x00, 0x00, 0x00, 0x5e, 0x00, 0x00, 0x00, 0x01, 0x00, 0x00, 0x00,
  0x5d, 0x00, 0x00, 0x00, 0x6e, 0xf5, 0xff, 0xff, 0x14, 0x00, 0x00, 0x00,
  0x00, 0x00, 0x00, 0x0b, 0x10, 0x00, 0x00, 0x00, 0x14, 0x00, 0x00, 0x00,
  0x07, 0x00, 0x00, 0x00, 0xf8, 0x8d, 0xff, 0xff, 0x01, 0x00, 0x00, 0x00,
  0x5d, 0x00, 0x00, 0x00, 0x02, 0x00, 0x00, 0x00, 0x59, 0x00, 0x00, 0x00,
  0x5c, 0x00, 0x00, 0x00, 0x9e, 0xf5, 0xff, 0xff, 0x14, 0x00, 0x00, 0x00,
  0x00, 0x00, 0x00, 0x15, 0x10, 0x00, 0x00, 0x00, 0x14, 0x00, 0x00, 0x00,
  0x0a, 0x00, 0x00, 0x00, 0x28, 0x8e, 0xff, 0xff, 0x01, 0x00, 0x00, 0x00,
  0x5c, 0x00, 0x00, 0x00, 0x02, 0x00, 0x00, 0x00, 0x57, 0x00, 0x00, 0x00,
  0x5b, 0x00, 0x00, 0x00, 0x3a, 0xf6, 0xff, 0xff, 0x0c, 0x00, 0x00, 0x00,
  0x10, 0x00, 0x00, 0x00, 0x0b, 0x00, 0x00, 0x00, 0x01, 0x00, 0x00, 0x00,
  0x5b, 0x00, 0x00, 0x00, 0x01, 0x00, 0x00, 0x00, 0x55, 0x00, 0x00, 0x00,
  0x5a, 0xf6, 0xff, 0xff, 0x0c, 0x00, 0x00, 0x00, 0x10, 0x00, 0x00, 0x00,
  0x09, 0x00, 0x00, 0x00, 0x01, 0x00, 0x00, 0x00, 0x5a, 0x00, 0x00, 0x00,
  0x01, 0x00, 0x00, 0x00, 0x56, 0x00, 0x00, 0x00, 0x0e, 0xf6, 0xff, 0xff,
  0x14, 0x00, 0x00, 0x00, 0x00, 0x00, 0x00, 0x15, 0x10, 0x00, 0x00, 0x00,
  0x14, 0x00, 0x00, 0x00, 0x0a, 0x00, 0x00, 0x00, 0x98, 0x8e, 0xff, 0xff,
  0x01, 0x00, 0x00, 0x00, 0x59, 0x00, 0x00, 0x00, 0x02, 0x00, 0x00, 0x00,
  0x58, 0x00, 0x00, 0x00, 0x4c, 0x00, 0x00, 0x00, 0xaa, 0xf6, 0xff, 0xff,
  0x0c, 0x00, 0x00, 0x00, 0x10, 0x00, 0x00, 0x00, 0x09, 0x00, 0x00, 0x00,
  0x01, 0x00, 0x00, 0x00, 0x58, 0x00, 0x00, 0x00, 0x01, 0x00, 0x00, 0x00,
  0x54, 0x00, 0x00, 0x00, 0xca, 0xf6, 0xff, 0xff, 0x0c, 0x00, 0x00, 0x00,
  0x10, 0x00, 0x00, 0x00, 0x09, 0x00, 0x00, 0x00, 0x01, 0x00, 0x00, 0x00,
  0x57, 0x00, 0x00, 0x00, 0x01, 0x00, 0x00, 0x00, 0x53, 0x00, 0x00, 0x00,
  0x7e, 0xf6, 0xff, 0xff, 0x14, 0x00, 0x00, 0x00, 0x00, 0x00, 0x00, 0x23,
  0x14, 0x00, 0x00, 0x00, 0x24, 0x00, 0x00, 0x00, 0x08, 0x00, 0x00, 0x00,
  0xba, 0xf6, 0xff, 0xff, 0x04, 0x00, 0x00, 0x00, 0x04, 0x00, 0x00, 0x00,
  0x53, 0x00, 0x00, 0x00, 0x54, 0x00, 0x00, 0x00, 0x55, 0x00, 0x00, 0x00,
  0x56, 0x00, 0x00, 0x00, 0x02, 0x00, 0x00, 0x00, 0x05, 0x00, 0x00, 0x00,
  0x52, 0x00, 0x00, 0x00, 0xbe, 0xf6, 0xff, 0xff, 0x14, 0x00, 0x00, 0x00,
  0x00, 0x00, 0x00, 0x0b, 0x10, 0x00, 0x00, 0x00, 0x14, 0x00, 0x00, 0x00,
  0x07, 0x00, 0x00, 0x00, 0x48, 0x8f, 0xff, 0xff, 0x01, 0x00, 0x00, 0x00,
  0x52, 0x00, 0x00, 0x00, 0x02, 0x00, 0x00, 0x00, 0x51, 0x00, 0x00, 0x00,
  0x0a, 0x00, 0x00, 0x00, 0xee, 0xf6, 0xff, 0xff, 0x14, 0x00, 0x00, 0x00,
  0x00, 0x00, 0x00, 0x0b, 0x10, 0x00, 0x00, 0x00, 0x14, 0x00, 0x00, 0x00,
  0x07, 0x00, 0x00, 0x00, 0x78, 0x8f, 0xff, 0xff, 0x01, 0x00, 0x00, 0x00,
  0x51, 0x00, 0x00, 0x00, 0x02, 0x00, 0x00, 0x00, 0x50, 0x00, 0x00, 0x00,
  0x4f, 0x00, 0x00, 0x00, 0x1e, 0xf7, 0xff, 0xff, 0x14, 0x00, 0x00, 0x00,
  0x00, 0x00, 0x00, 0x08, 0x10, 0x00, 0x00, 0x00, 0x14, 0x00, 0x00, 0x00,
  0x04, 0x00, 0x00, 0x00, 0xa8, 0x8f, 0xff, 0xff, 0x01, 0x00, 0x00, 0x00,
  0x50, 0x00, 0x00, 0x00, 0x03, 0x00, 0x00, 0x00, 0x17, 0x00, 0x00, 0x00,
  0x0b, 0x00, 0x00, 0x00, 0xff, 0xff, 0xff, 0xff, 0x52, 0xf7, 0xff, 0xff,
  0x14, 0x00, 0x00, 0x00, 0x00, 0x00, 0x00, 0x08, 0x10, 0x00, 0x00, 0x00,
  0x14, 0x00, 0x00, 0x00, 0x04, 0x00, 0x00, 0x00, 0xdc, 0x8f, 0xff, 0xff,
  0x01, 0x00, 0x00, 0x00, 0x4f, 0x00, 0x00, 0x00, 0x03, 0x00, 0x00, 0x00,
  0x4e, 0x00, 0x00, 0x00, 0x0c, 0x00, 0x00, 0x00, 0xff, 0xff, 0xff, 0xff,
  0x86, 0xf7, 0xff, 0xff, 0x14, 0x00, 0x00, 0x00, 0x00, 0x00, 0x00, 0x15,
  0x10, 0x00, 0x00, 0x00, 0x14, 0x00, 0x00, 0x00, 0x0a, 0x00, 0x00, 0x00,
  0x10, 0x90, 0xff, 0xff, 0x01, 0x00, 0x00, 0x00, 0x4e, 0x00, 0x00, 0x00,
  0x02, 0x00, 0x00, 0x00, 0x49, 0x00, 0x00, 0x00, 0x4d, 0x00, 0x00, 0x00,
  0x22, 0xf8, 0xff, 0xff, 0x0c, 0x00, 0x00, 0x00, 0x10, 0x00, 0x00, 0x00,
  0x0b, 0x00, 0x00, 0x00, 0x01, 0x00, 0x00, 0x00, 0x4d, 0x00, 0x00, 0x00,
  0x01, 0x00, 0x00, 0x00, 0x4c, 0x00, 0x00, 0x00, 0xd6, 0xf7, 0xff, 0xff,
  0x14, 0x00, 0x00, 0x00, 0x00, 0x00, 0x00, 0x0b, 0x10, 0x00, 0x00, 0x00,
  0x14, 0x00, 0x00, 0x00, 0x07, 0x00, 0x00, 0x00, 0x60, 0x90, 0xff, 0xff,
  0x01, 0x00, 0x00, 0x00, 0x4c, 0x00, 0x00, 0x00, 0x02, 0x00, 0x00, 0x00,
  0x48, 0x00, 0x00, 0x00, 0x4b, 0x00, 0x00, 0x00, 0x06, 0xf8, 0xff, 0xff,
  0x14, 0x00, 0x00, 0x00, 0x00, 0x00, 0x00, 0x15, 0x10, 0x00, 0x00, 0x00,
  0x14, 0x00, 0x00, 0x00, 0x0a, 0x00, 0x00, 0x00, 0x90, 0x90, 0xff, 0xff,
  0x01, 0x00, 0x00, 0x00, 0x4b, 0x00, 0x00, 0x00, 0x02, 0x00, 0x00, 0x00,
  0x46, 0x00, 0x00, 0x00, 0x4a, 0x00, 0x00, 0x00, 0xa2, 0xf8, 0xff, 0xff,
  0x0c, 0x00, 0x00, 0x00, 0x10, 0x00, 0x00, 0x00, 0x0b, 0x00, 0x00, 0x00,
  0x01, 0x00, 0x00, 0x00, 0x4a, 0x00, 0x00, 0x00, 0x01, 0x00, 0x00, 0x00,
  0x44, 0x00, 0x00, 0x00, 0xc2, 0xf8, 0xff, 0xff, 0x0c, 0x00, 0x00, 0x00,
  0x10, 0x00, 0x00, 0x00, 0x09, 0x00, 0x00, 0x00, 0x01, 0x00, 0x00, 0x00,
  0x49, 0x00, 0x00, 0x00, 0x01, 0x00, 0x00, 0x00, 0x45, 0x00, 0x00, 0x00,
  0x76, 0xf8, 0xff, 0xff, 0x14, 0x00, 0x00, 0x00, 0x00, 0x00, 0x00, 0x15,
  0x10, 0x00, 0x00, 0x00, 0x14, 0x00, 0x00, 0x00, 0x0a, 0x00, 0x00, 0x00,
  0x00, 0x91, 0xff, 0xff, 0x01, 0x00, 0x00, 0x00, 0x48, 0x00, 0x00, 0x00,
  0x02, 0x00, 0x00, 0x00, 0x47, 0x00, 0x00, 0x00, 0x3b, 0x00, 0x00, 0x00,
  0x12, 0xf9, 0xff, 0xff, 0x0c, 0x00, 0x00, 0x00, 0x10, 0x00, 0x00, 0x00,
  0x09, 0x00, 0x00, 0x00, 0x01, 0x00, 0x00, 0x00, 0x47, 0x00, 0x00, 0x00,
  0x01, 0x00, 0x00, 0x00, 0x43, 0x00, 0x00, 0x00, 0x32, 0xf9, 0xff, 0xff,
  0x0c, 0x00, 0x00, 0x00, 0x10, 0x00, 0x00, 0x00, 0x09, 0x00, 0x00, 0x00,
  0x01, 0x00, 0x00, 0x00, 0x46, 0x00, 0x00, 0x00, 0x01, 0x00, 0x00, 0x00,
  0x42, 0x00, 0x00, 0x00, 0xe6, 0xf8, 0xff, 0xff, 0x14, 0x00, 0x00, 0x00,
  0x00, 0x00, 0x00, 0x23, 0x14, 0x00, 0x00, 0x00, 0x24, 0x00, 0x00, 0x00,
  0x08, 0x00, 0x00, 0x00, 0x22, 0xf9, 0xff, 0xff, 0x04, 0x00, 0x00, 0x00,
  0x04, 0x00, 0x00, 0x00, 0x42, 0x00, 0x00, 0x00, 0x43, 0x00, 0x00, 0x00,
  0x44, 0x00, 0x00, 0x00, 0x45, 0x00, 0x00, 0x00, 0x02, 0x00, 0x00, 0x00,
  0x05, 0x00, 0x00, 0x00, 0x41, 0x00, 0x00, 0x00, 0x26, 0xf9, 0xff, 0xff,
  0x14, 0x00, 0x00, 0x00, 0x00, 0x00, 0x00, 0x0b, 0x10, 0x00, 0x00, 0x00,
  0x14, 0x00, 0x00, 0x00, 0x07, 0x00, 0x00, 0x00, 0xb0, 0x91, 0xff, 0xff,
  0x01, 0x00, 0x00, 0x00, 0x41, 0x00, 0x00, 0x00, 0x02, 0x00, 0x00, 0x00,
  0x40, 0x00, 0x00, 0x00, 0x0a, 0x00, 0x00, 0x00, 0x56, 0xf9, 0xff, 0xff,
  0x14, 0x00, 0x00, 0x00, 0x00, 0x00, 0x00, 0x0b, 0x10, 0x00, 0x00, 0x00,
  0x14, 0x00, 0x00, 0x00, 0x07, 0x00, 0x00, 0x00, 0xe0, 0x91, 0xff, 0xff,
  0x01, 0x00, 0x00, 0x00, 0x40, 0x00, 0x00, 0x00, 0x02, 0x00, 0x00, 0x00,
  0x3f, 0x00, 0x00, 0x00, 0x3e, 0x00, 0x00, 0x00, 0x86, 0xf9, 0xff, 0xff,
  0x14, 0x00, 0x00, 0x00, 0x00, 0x00, 0x00, 0x08, 0x10, 0x00, 0x00, 0x00,
  0x14, 0x00, 0x00, 0x00, 0x04, 0x00, 0x00, 0x00, 0x10, 0x92, 0xff, 0xff,
  0x01, 0x00, 0x00, 0x00, 0x3f, 0x00, 0x00, 0x00, 0x03, 0x00, 0x00, 0x00,
  0x16, 0x00, 0x00, 0x00, 0x0b, 0x00, 0x00, 0x00, 0xff, 0xff, 0xff, 0xff,
  0xba, 0xf9, 0xff, 0xff, 0x14, 0x00, 0x00, 0x00, 0x00, 0x00, 0x00, 0x08,
  0x10, 0x00, 0x00, 0x00, 0x14, 0x00, 0x00, 0x00, 0x04, 0x00, 0x00, 0x00,
  0x44, 0x92, 0xff, 0xff, 0x01, 0x00, 0x00, 0x00, 0x3e, 0x00, 0x00, 0x00,
  0x03, 0x00, 0x00, 0x00, 0x3d, 0x00, 0x00, 0x00, 0x0c, 0x00, 0x00, 0x00,
  0xff, 0xff, 0xff, 0xff, 0xee, 0xf9, 0xff, 0xff, 0x14, 0x00, 0x00, 0x00,
  0x00, 0x00, 0x00, 0x15, 0x10, 0x00, 0x00, 0x00, 0x14, 0x00, 0x00, 0x00,
  0x0a, 0x00, 0x00, 0x00, 0x78, 0x92, 0xff, 0xff, 0x01, 0x00, 0x00, 0x00,
  0x3d, 0x00, 0x00, 0x00, 0x02, 0x00, 0x00, 0x00, 0x38, 0x00, 0x00, 0x00,
  0x3c, 0x00, 0x00, 0x00, 0x8a, 0xfa, 0xff, 0xff, 0x0c, 0x00, 0x00, 0x00,
  0x10, 0x00, 0x00, 0x00, 0x0b, 0x00, 0x00, 0x00, 0x01, 0x00, 0x00, 0x00,
  0x3c, 0x00, 0x00, 0x00, 0x01, 0x00, 0x00, 0x00, 0x3b, 0x00, 0x00, 0x00,
  0x3e, 0xfa, 0xff, 0xff, 0x14, 0x00, 0x00, 0x00, 0x00, 0x00, 0x00, 0x0b,
  0x10, 0x00, 0x00, 0x00, 0x14, 0x00, 0x00, 0x00, 0x07, 0x00, 0x00, 0x00,
  0xc8, 0x92, 0xff, 0xff, 0x01, 0x00, 0x00, 0x00, 0x3b, 0x00, 0x00, 0x00,
  0x02, 0x00, 0x00, 0x00, 0x37, 0x00, 0x00, 0x00, 0x3a, 0x00, 0x00, 0x00,
  0x6e, 0xfa, 0xff, 0xff, 0x14, 0x00, 0x00, 0x00, 0x00, 0x00, 0x00, 0x15,
  0x10, 0x00, 0x00, 0x00, 0x14, 0x00, 0x00, 0x00, 0x0a, 0x00, 0x00, 0x00,
  0xf8, 0x92, 0xff, 0xff, 0x01, 0x00, 0x00, 0x00, 0x3a, 0x00, 0x00, 0x00,
  0x02, 0x00, 0x00, 0x00, 0x35, 0x00, 0x00, 0x00, 0x39, 0x00, 0x00, 0x00,
  0x0a, 0xfb, 0xff, 0xff, 0x0c, 0x00, 0x00, 0x00, 0x10, 0x00, 0x00, 0x00,
  0x0b, 0x00, 0x00, 0x00, 0x01, 0x00, 0x00, 0x00, 0x39, 0x00, 0x00, 0x00,
  0x01, 0x00, 0x00, 0x00, 0x33, 0x00, 0x00, 0x00, 0x2a, 0xfb, 0xff, 0xff,
  0x0c, 0x00, 0x00, 0x00, 0x10, 0x00, 0x00, 0x00, 0x09, 0x00, 0x00, 0x00,
  0x01, 0x00, 0x00, 0x00, 0x38, 0x00, 0x00, 0x00, 0x01, 0x00, 0x00, 0x00,
  0x34, 0x00, 0x00, 0x00, 0xde, 0xfa, 0xff, 0xff, 0x14, 0x00, 0x00, 0x00,
  0x00, 0x00, 0x00, 0x15, 0x10, 0x00, 0x00, 0x00, 0x14, 0x00, 0x00, 0x00,
  0x0a, 0x00, 0x00, 0x00, 0x68, 0x93, 0xff, 0xff, 0x01, 0x00, 0x00, 0x00,
  0x37, 0x00, 0x00, 0x00, 0x02, 0x00, 0x00, 0x00, 0x36, 0x00, 0x00, 0x00,
  0x28, 0x00, 0x00, 0x00, 0x7a, 0xfb, 0xff, 0xff, 0x0c, 0x00, 0x00, 0x00,
  0x10, 0x00, 0x00, 0x00, 0x09, 0x00, 0x00, 0x00, 0x01, 0x00, 0x00, 0x00,
  0x36, 0x00, 0x00, 0x00, 0x01, 0x00, 0x00, 0x00, 0x32, 0x00, 0x00, 0x00,
  0x9a, 0xfb, 0xff, 0xff, 0x0c, 0x00, 0x00, 0x00, 0x10, 0x00, 0x00, 0x00,
  0x09, 0x00, 0x00, 0x00, 0x01, 0x00, 0x00, 0x00, 0x35, 0x00, 0x00, 0x00,
  0x01, 0x00, 0x00, 0x00, 0x31, 0x00, 0x00, 0x00, 0x4e, 0xfb, 0xff, 0xff,
  0x14, 0x00, 0x00, 0x00, 0x00, 0x00, 0x00, 0x23, 0x14, 0x00, 0x00, 0x00,
  0x24, 0x00, 0x00, 0x00, 0x08, 0x00, 0x00, 0x00, 0x8a, 0xfb, 0xff, 0xff,
  0x04, 0x00, 0x00, 0x00, 0x04, 0x00, 0x00, 0x00, 0x31, 0x00, 0x00, 0x00,
  0x32, 0x00, 0x00, 0x00, 0x33, 0x00, 0x00, 0x00, 0x34, 0x00, 0x00, 0x00,
  0x02, 0x00, 0x00, 0x00, 0x05, 0x00, 0x00, 0x00, 0x30, 0x00, 0x00, 0x00,
  0x8e, 0xfb, 0xff, 0xff, 0x14, 0x00, 0x00, 0x00, 0x00, 0x00, 0x00, 0x0b,
  0x10, 0x00, 0x00, 0x00, 0x14, 0x00, 0x00, 0x00, 0x07, 0x00, 0x00, 0x00,
  0x18, 0x94, 0xff, 0xff, 0x01, 0x00, 0x00, 0x00, 0x30, 0x00, 0x00, 0x00,
  0x02, 0x00, 0x00, 0x00, 0x2f, 0x00, 0x00, 0x00, 0x0a, 0x00, 0x00, 0x00,
  0xbe, 0xfb, 0xff, 0xff, 0x14, 0x00, 0x00, 0x00, 0x00, 0x00, 0x00, 0x0b,
  0x10, 0x00, 0x00, 0x00, 0x14, 0x00, 0x00, 0x00, 0x07, 0x00, 0x00, 0x00,
  0x48, 0x94, 0xff, 0xff, 0x01, 0x00, 0x00, 0x00, 0x2f, 0x00, 0x00, 0x00,
  0x02, 0x00, 0x00, 0x00, 0x2e, 0x00, 0x00, 0x00, 0x2b, 0x00, 0x00, 0x00,
  0xee, 0xfb, 0xff, 0xff, 0x14, 0x00, 0x00, 0x00, 0x00, 0x00, 0x00, 0x08,
  0x10, 0x00, 0x00, 0x00, 0x14, 0x00, 0x00, 0x00, 0x04, 0x00, 0x00, 0x00,
  0x78, 0x94, 0xff, 0xff, 0x01, 0x00, 0x00, 0x00, 0x2e, 0x00, 0x00, 0x00,
  0x03, 0x00, 0x00, 0x00, 0x15, 0x00, 0x00, 0x00, 0x0b, 0x00, 0x00, 0x00,
  0xff, 0xff, 0xff, 0xff, 0x22, 0xfc, 0xff, 0xff, 0x14, 0x00, 0x00, 0x00,
  0x00, 0x00, 0x00, 0x08, 0x10, 0x00, 0x00, 0x00, 0x14, 0x00, 0x00, 0x00,
  0x04, 0x00, 0x00, 0x00, 0xac, 0x94, 0xff, 0xff, 0x01, 0x00, 0x00, 0x00,
  0x2d, 0x00, 0x00, 0x00, 0x03, 0x00, 0x00, 0x00, 0x1a, 0x00, 0x00, 0x00,
  0x0b, 0x00, 0x00, 0x00, 0xff, 0xff, 0xff, 0xff, 0x56, 0xfc, 0xff, 0xff,
  0x14, 0x00, 0x00, 0x00, 0x00, 0x00, 0x00, 0x08, 0x10, 0x00, 0x00, 0x00,
  0x14, 0x00, 0x00, 0x00, 0x04, 0x00, 0x00, 0x00, 0xe0, 0x94, 0xff, 0xff,
  0x01, 0x00, 0x00, 0x00, 0x2c, 0x00, 0x00, 0x00, 0x03, 0x00, 0x00, 0x00,
  0x19, 0x00, 0x00, 0x00, 0x0b, 0x00, 0x00, 0x00, 0xff, 0xff, 0xff, 0xff,
  0x8a, 0xfc, 0xff, 0xff, 0x14, 0x00, 0x00, 0x00, 0x00, 0x00, 0x00, 0x08,
  0x10, 0x00, 0x00, 0x00, 0x14, 0x00, 0x00, 0x00, 0x04, 0x00, 0x00, 0x00,
  0x14, 0x95, 0xff, 0xff, 0x01, 0x00, 0x00, 0x00, 0x2b, 0x00, 0x00, 0x00,
  0x03, 0x00, 0x00, 0x00, 0x2a, 0x00, 0x00, 0x00, 0x0c, 0x00, 0x00, 0x00,
  0xff, 0xff, 0xff, 0xff, 0xbe, 0xfc, 0xff, 0xff, 0x14, 0x00, 0x00, 0x00,
  0x00, 0x00, 0x00, 0x15, 0x10, 0x00, 0x00, 0x00, 0x14, 0x00, 0x00, 0x00,
  0x0a, 0x00, 0x00, 0x00, 0x48, 0x95, 0xff, 0xff, 0x01, 0x00, 0x00, 0x00,
  0x2a, 0x00, 0x00, 0x00, 0x02, 0x00, 0x00, 0x00, 0x25, 0x00, 0x00, 0x00,
  0x29, 0x00, 0x00, 0x00, 0x5a, 0xfd, 0xff, 0xff, 0x0c, 0x00, 0x00, 0x00,
  0x10, 0x00, 0x00, 0x00, 0x0b, 0x00, 0x00, 0x00, 0x01, 0x00, 0x00, 0x00,
  0x29, 0x00, 0x00, 0x00, 0x01, 0x00, 0x00, 0x00, 0x28, 0x00, 0x00, 0x00,
  0x0e, 0xfd, 0xff, 0xff, 0x14, 0x00, 0x00, 0x00, 0x00, 0x00, 0x00, 0x0b,
  0x10, 0x00, 0x00, 0x00, 0x14, 0x00, 0x00, 0x00, 0x07, 0x00, 0x00, 0x00,
  0x98, 0x95, 0xff, 0xff, 0x01, 0x00, 0x00, 0x00, 0x28, 0x00, 0x00, 0x00,
  0x02, 0x00, 0x00, 0x00, 0x24, 0x00, 0x00, 0x00, 0x27, 0x00, 0x00, 0x00,
  0x3e, 0xfd, 0xff, 0xff, 0x14, 0x00, 0x00, 0x00, 0x00, 0x00, 0x00, 0x15,
  0x10, 0x00, 0x00, 0x00, 0x14, 0x00, 0x00, 0x00, 0x0a, 0x00, 0x00, 0x00,
  0xc8, 0x95, 0xff, 0xff, 0x01, 0x00, 0x00, 0x00, 0x27, 0x00, 0x00, 0x00,
  0x02, 0x00, 0x00, 0x00, 0x22, 0x00, 0x00, 0x00, 0x26, 0x00, 0x00, 0x00,
  0xda, 0xfd, 0xff, 0xff, 0x0c, 0x00, 0x00, 0x00, 0x10, 0x00, 0x00, 0x00,
  0x0b, 0x00, 0x00, 0x00, 0x01, 0x00, 0x00, 0x00, 0x26, 0x00, 0x00, 0x00,
  0x01, 0x00, 0x00, 0x00, 0x20, 0x00, 0x00, 0x00, 0xfa, 0xfd, 0xff, 0xff,
  0x0c, 0x00, 0x00, 0x00, 0x10, 0x00, 0x00, 0x00, 0x09, 0x00, 0x00, 0x00,
  0x01, 0x00, 0x00, 0x00, 0x25, 0x00, 0x00, 0x00, 0x01, 0x00, 0x00, 0x00,
  0x21, 0x00, 0x00, 0x00, 0xae, 0xfd, 0xff, 0xff, 0x14, 0x00, 0x00, 0x00,
  0x00, 0x00, 0x00, 0x15, 0x10, 0x00, 0x00, 0x00, 0x14, 0x00, 0x00, 0x00,
  0x0a, 0x00, 0x00, 0x00, 0x38, 0x96, 0xff, 0xff, 0x01, 0x00, 0x00, 0x00,
  0x24, 0x00, 0x00, 0x00, 0x02, 0x00, 0x00, 0x00, 0x23, 0x00, 0x00, 0x00,
  0x11, 0x00, 0x00, 0x00, 0x4a, 0xfe, 0xff, 0xff, 0x0c, 0x00, 0x00, 0x00,
  0x10, 0x00, 0x00, 0x00, 0x09, 0x00, 0x00, 0x00, 0x01, 0x00, 0x00, 0x00,
  0x23, 0x00, 0x00, 0x00, 0x01, 0x00, 0x00, 0x00, 0x1f, 0x00, 0x00, 0x00,
  0x6a, 0xfe, 0xff, 0xff, 0x0c, 0x00, 0x00, 0x00, 0x10, 0x00, 0x00, 0x00,
  0x09, 0x00, 0x00, 0x00, 0x01, 0x00, 0x00, 0x00, 0x22, 0x00, 0x00, 0x00,
  0x01, 0x00, 0x00, 0x00, 0x1e, 0x00, 0x00, 0x00, 0x1e, 0xfe, 0xff, 0xff,
  0x14, 0x00, 0x00, 0x00, 0x00, 0x00, 0x00, 0x23, 0x14, 0x00, 0x00, 0x00,
  0x24, 0x00, 0x00, 0x00, 0x08, 0x00, 0x00, 0x00, 0x5a, 0xfe, 0xff, 0xff,
  0x04, 0x00, 0x00, 0x00, 0x04, 0x00, 0x00, 0x00, 0x1e, 0x00, 0x00, 0x00,
  0x1f, 0x00, 0x00, 0x00, 0x20, 0x00, 0x00, 0x00, 0x21, 0x00, 0x00, 0x00,
  0x02, 0x00, 0x00, 0x00, 0x05, 0x00, 0x00, 0x00, 0x1d, 0x00, 0x00, 0x00,
  0x5e, 0xfe, 0xff, 0xff, 0x14, 0x00, 0x00, 0x00, 0x00, 0x00, 0x00, 0x0b,
  0x10, 0x00, 0x00, 0x00, 0x14, 0x00, 0x00, 0x00, 0x07, 0x00, 0x00, 0x00,
  0xe8, 0x96, 0xff, 0xff, 0x01, 0x00, 0x00, 0x00, 0x1d, 0x00, 0x00, 0x00,
  0x02, 0x00, 0x00, 0x00, 0x1c, 0x00, 0x00, 0x00, 0x0a, 0x00, 0x00, 0x00,
  0x8e, 0xfe, 0xff, 0xff, 0x14, 0x00, 0x00, 0x00, 0x00, 0x00, 0x00, 0x0b,
  0x10, 0x00, 0x00, 0x00, 0x14, 0x00, 0x00, 0x00, 0x07, 0x00, 0x00, 0x00,
  0x18, 0x97, 0xff, 0xff, 0x01, 0x00, 0x00, 0x00, 0x1c, 0x00, 0x00, 0x00,
  0x02, 0x00, 0x00, 0x00, 0x1b, 0x00, 0x00, 0x00, 0x12, 0x00, 0x00, 0x00,
  0xbe, 0xfe, 0xff, 0xff, 0x14, 0x00, 0x00, 0x00, 0x00, 0x00, 0x00, 0x08,
  0x10, 0x00, 0x00, 0x00, 0x14, 0x00, 0x00, 0x00, 0x04, 0x00, 0x00, 0x00,
  0x48, 0x97, 0xff, 0xff, 0x01, 0x00, 0x00, 0x00, 0x1b, 0x00, 0x00, 0x00,
  0x03, 0x00, 0x00, 0x00, 0x14, 0x00, 0x00, 0x00, 0x0b, 0x00, 0x00, 0x00,
  0xff, 0xff, 0xff, 0xff, 0xf2, 0xfe, 0xff, 0xff, 0x14, 0x00, 0x00, 0x00,
  0x00, 0x00, 0x00, 0x40, 0x14, 0x00, 0x00, 0x00, 0x30, 0x00, 0x00, 0x00,
  0x06, 0x00, 0x00, 0x00, 0x2e, 0xff, 0xff, 0xff, 0x07, 0x00, 0x00, 0x00,
  0x07, 0x00, 0x00, 0x00, 0x14, 0x00, 0x00, 0x00, 0x15, 0x00, 0x00, 0x00,
  0x16, 0x00, 0x00, 0x00, 0x17, 0x00, 0x00, 0x00, 0x18, 0x00, 0x00, 0x00,
  0x19, 0x00, 0x00, 0x00, 0x1a, 0x00, 0x00, 0x00, 0x01, 0x00, 0x00, 0x00,
  0x13, 0x00, 0x00, 0x00, 0xa6, 0xff, 0xff, 0xff, 0x0c, 0x00, 0x00, 0x00,
  0x10, 0x00, 0x00, 0x00, 0x05, 0x00, 0x00, 0x00, 0x01, 0x00, 0x00, 0x00,
  0x13, 0x00, 0x00, 0x00, 0x02, 0x00, 0x00, 0x00, 0x00, 0x00, 0x00, 0x00,
  0x04, 0x00, 0x00, 0x00, 0x5e, 0xff, 0xff, 0xff, 0x14, 0x00, 0x00, 0x00,
  0x00, 0x00, 0x00, 0x08, 0x10, 0x00, 0x00, 0x00, 0x14, 0x00, 0x00, 0x00,
  0x04, 0x00, 0x00, 0x00, 0xe8, 0x97, 0xff, 0xff, 0x01, 0x00, 0x00, 0x00,
  0x12, 0x00, 0x00, 0x00, 0x03, 0x00, 0x00, 0x00, 0x11, 0x00, 0x00, 0x00,
  0x0c, 0x00, 0x00, 0x00, 0xff, 0xff, 0xff, 0xff, 0x00, 0x00, 0x0a, 0x00,
  0x10, 0x00, 0x0c, 0x00, 0x08, 0x00, 0x04, 0x00, 0x0a, 0x00, 0x00, 0x00,
  0x0c, 0x00, 0x00, 0x00, 0x10, 0x00, 0x00, 0x00, 0x03, 0x00, 0x00, 0x00,
  0x01, 0x00, 0x00, 0x00, 0x11, 0x00, 0x00, 0x00, 0x02, 0x00, 0x00, 0x00,
  0x10, 0x00, 0x00, 0x00, 0x0d, 0x00, 0x00, 0x00, 0xc2, 0xff, 0xff, 0xff,
  0x1c, 0x00, 0x00, 0x00, 0x00, 0x00, 0x00, 0x3b, 0x1c, 0x00, 0x00, 0x00,
  0x20, 0x00, 0x00, 0x00, 0x02, 0x00, 0x00, 0x00, 0x00, 0x00, 0x06, 0x00,
  0x08, 0x00, 0x04, 0x00, 0x06, 0x00, 0x00, 0x00, 0x02, 0x00, 0x00, 0x00,
  0x01, 0x00, 0x00, 0x00, 0x10, 0x00, 0x00, 0x00, 0x02, 0x00, 0x00, 0x00,
  0x0f, 0x00, 0x00, 0x00, 0x03, 0x00, 0x00, 0x00, 0x00, 0x00, 0x0e, 0x00,
  0x1a, 0x00, 0x14, 0x00, 0x10, 0x00, 0x0c, 0x00, 0x0b, 0x00, 0x04, 0x00,
  0x0e, 0x00, 0x00, 0x00, 0x24, 0x00, 0x00, 0x00, 0x00, 0x00, 0x00, 0x20,
  0x24, 0x00, 0x00, 0x00, 0x28, 0x00, 0x00, 0x00, 0x01, 0x00, 0x00, 0x00,
  0x00, 0x00, 0x0e, 0x00, 0x08, 0x00, 0x00, 0x00, 0x00, 0x00, 0x00, 0x00,
  0x00, 0x00, 0x04, 0x00, 0x0e, 0x00, 0x00, 0x00, 0x01, 0x00, 0x00, 0x00,
  0x01, 0x00, 0x00, 0x00, 0x0f, 0x00, 0x00, 0x00, 0x04, 0x00, 0x00, 0x00,
  0x0e, 0x00, 0x00, 0x00, 0x01, 0x00, 0x00, 0x00, 0x02, 0x00, 0x00, 0x00,
  0x02, 0x00, 0x00, 0x00, 0x00, 0x00, 0x0e, 0x00, 0x16, 0x00, 0x00, 0x00,
  0x10, 0x00, 0x0c, 0x00, 0x0b, 0x00, 0x04, 0x00, 0x0e, 0x00, 0x00, 0x00,
  0x18, 0x00, 0x00, 0x00, 0x00, 0x00, 0x00, 0x37, 0x18, 0x00, 0x00, 0x00,
  0x1c, 0x00, 0x00, 0x00, 0x00, 0x00, 0x06, 0x00, 0x08, 0x00, 0x07, 0x00,
  0x06, 0x00, 0x00, 0x00, 0x00, 0x00, 0x00, 0x02, 0x01, 0x00, 0x00, 0x00,
  0x0e, 0x00, 0x00, 0x00, 0x01, 0x00, 0x00, 0x00, 0x00, 0x00, 0x00, 0x00,
  0x01, 0x00, 0x00, 0x00, 0x93, 0x00, 0x00, 0x00, 0x01, 0x00, 0x00, 0x00,
  0x00, 0x00, 0x00, 0x00, 0x94, 0x00, 0x00, 0x00, 0x18, 0x67, 0x00, 0x00,
  0xbc, 0x66, 0x00, 0x00, 0x64, 0x66, 0x00, 0x00, 0x28, 0x66, 0x00, 0x00,
  0xe8, 0x65, 0x00, 0x00, 0xac, 0x65, 0x00, 0x00, 0x48, 0x65, 0x00, 0x00,
  0xe4, 0x64, 0x00, 0x00, 0xd0, 0x63, 0x00, 0x00, 0xb4, 0x62, 0x00, 0x00,
  0x50, 0x62, 0x00, 0x00, 0x74, 0x60, 0x00, 0x00, 0x98, 0x5e, 0x00, 0x00,
  0x3c, 0x5e, 0x00, 0x00, 0xec, 0x5d, 0x00, 0x00, 0x98, 0x5d, 0x00, 0x00,
  0x40, 0x5d, 0x00, 0x00, 0xbc, 0x5c, 0x00, 0x00, 0x28, 0x5c, 0x00, 0x00,
  0x98, 0x5b, 0x00, 0x00, 0x48, 0x5a, 0x00, 0x00, 0xf4, 0x58, 0x00, 0x00,
  0xa0, 0x57, 0x00, 0x00, 0x4c, 0x56, 0x00, 0x00, 0xf8, 0x54, 0x00, 0x00,
  0xa4, 0x53, 0x00, 0x00, 0x50, 0x52, 0x00, 0x00, 0xc4, 0x51, 0x00, 0x00,
  0x38, 0x51, 0x00, 0x00, 0xac, 0x50, 0x00, 0x00, 0x98, 0x4f, 0x00, 0x00,
  0x84, 0x4e, 0x00, 0x00, 0x70, 0x4d, 0x00, 0x00, 0x5c, 0x4c, 0x00, 0x00,
  0xc8, 0x4b, 0x00, 0x00, 0x34, 0x4b, 0x00, 0x00, 0xa8, 0x4a, 0x00, 0x00,
  0x14, 0x4a, 0x00, 0x00, 0x88, 0x49, 0x00, 0x00, 0xfc, 0x48, 0x00, 0x00,
  0x70, 0x48, 0x00, 0x00, 0xe4, 0x47, 0x00, 0x00, 0x58, 0x47, 0x00, 0x00,
  0xc4, 0x46, 0x00, 0x00, 0x30, 0x46, 0x00, 0x00, 0x9c, 0x45, 0x00, 0x00,
  0x10, 0x45, 0x00, 0x00, 0x84, 0x44, 0x00, 0x00, 0xf8, 0x43, 0x00, 0x00,
  0xe4, 0x42, 0x00, 0x00, 0xd0, 0x41, 0x00, 0x00, 0xbc, 0x40, 0x00, 0x00,
  0xa8, 0x3f, 0x00, 0x00, 0x14, 0x3f, 0x00, 0x00, 0x80, 0x3e, 0x00, 0x00,
  0xf4, 0x3d, 0x00, 0x00, 0x60, 0x3d, 0x00, 0x00, 0xd4, 0x3c, 0x00, 0x00,
  0x48, 0x3c, 0x00, 0x00, 0xbc, 0x3b, 0x00, 0x00, 0x30, 0x3b, 0x00, 0x00,
  0xa4, 0x3a, 0x00, 0x00, 0x10, 0x3a, 0x00, 0x00, 0x84, 0x39, 0x00, 0x00,
  0xf8, 0x38, 0x00, 0x00, 0x6c, 0x38, 0x00, 0x00, 0x58, 0x37, 0x00, 0x00,
  0x44, 0x36, 0x00, 0x00, 0x30, 0x35, 0x00, 0x00, 0x1c, 0x34, 0x00, 0x00,
  0x88, 0x33, 0x00, 0x00, 0xf4, 0x32, 0x00, 0x00, 0x68, 0x32, 0x00, 0x00,
  0xd4, 0x31, 0x00, 0x00, 0x48, 0x31, 0x00, 0x00, 0xbc, 0x30, 0x00, 0x00,
  0x30, 0x30, 0x00, 0x00, 0xa4, 0x2f, 0x00, 0x00, 0x18, 0x2f, 0x00, 0x00,
  0x84, 0x2e, 0x00, 0x00, 0xf8, 0x2d, 0x00, 0x00, 0x6c, 0x2d, 0x00, 0x00,
  0xe0, 0x2c, 0x00, 0x00, 0xcc, 0x2b, 0x00, 0x00, 0xb8, 0x2a, 0x00, 0x00,
  0xa4, 0x29, 0x00, 0x00, 0x90, 0x28, 0x00, 0x00, 0xfc, 0x27, 0x00, 0x00,
  0x68, 0x27, 0x00, 0x00, 0xdc, 0x26, 0x00, 0x00, 0x48, 0x26, 0x00, 0x00,
  0xbc, 0x25, 0x00, 0x00, 0x30, 0x25, 0x00, 0x00, 0xa4, 0x24, 0x00, 0x00,
  0x18, 0x24, 0x00, 0x00, 0x8c, 0x23, 0x00, 0x00, 0xf8, 0x22, 0x00, 0x00,
  0x6c, 0x22, 0x00, 0x00, 0xe0, 0x21, 0x00, 0x00, 0x54, 0x21, 0x00, 0x00,
  0x40, 0x20, 0x00, 0x00, 0x2c, 0x1f, 0x00, 0x00, 0x18, 0x1e, 0x00, 0x00,
  0x04, 0x1d, 0x00, 0x00, 0x70, 0x1c, 0x00, 0x00, 0xdc, 0x1b, 0x00, 0x00,
  0x50, 0x1b, 0x00, 0x00, 0xbc, 0x1a, 0x00, 0x00, 0x30, 0x1a, 0x00, 0x00,
  0xa4, 0x19, 0x00, 0x00, 0x18, 0x19, 0x00, 0x00, 0x8c, 0x18, 0x00, 0x00,
  0x00, 0x18, 0x00, 0x00, 0x6c, 0x17, 0x00, 0x00, 0xe0, 0x16, 0x00, 0x00,
  0x54, 0x16, 0x00, 0x00, 0x40, 0x15, 0x00, 0x00, 0x2c, 0x14, 0x00, 0x00,
  0x18, 0x13, 0x00, 0x00, 0x04, 0x12, 0x00, 0x00, 0x70, 0x11, 0x00, 0x00,
  0xdc, 0x10, 0x00, 0x00, 0x50, 0x10, 0x00, 0x00, 0xbc, 0x0f, 0x00, 0x00,
  0x30, 0x0f, 0x00, 0x00, 0xa4, 0x0e, 0x00, 0x00, 0x18, 0x0e, 0x00, 0x00,
  0x84, 0x0d, 0x00, 0x00, 0xf8, 0x0c, 0x00, 0x00, 0x64, 0x0c, 0x00, 0x00,
  0xd8, 0x0b, 0x00, 0x00, 0x4c, 0x0b, 0x00, 0x00, 0x38, 0x0a, 0x00, 0x00,
  0x24, 0x09, 0x00, 0x00, 0x10, 0x08, 0x00, 0x00, 0xfc, 0x06, 0x00, 0x00,
  0x68, 0x06, 0x00, 0x00, 0xd4, 0x05, 0x00, 0x00, 0x48, 0x05, 0x00, 0x00,
  0xb4, 0x04, 0x00, 0x00, 0x28, 0x04, 0x00, 0x00, 0x9c, 0x03, 0x00, 0x00,
  0x10, 0x03, 0x00, 0x00, 0x7c, 0x02, 0x00, 0x00, 0xf0, 0x01, 0x00, 0x00,
  0x24, 0x01, 0x00, 0x00, 0x80, 0x00, 0x00, 0x00, 0x04, 0x00, 0x00, 0x00,
  0x4e, 0x9b, 0xff, 0xff, 0x00, 0x00, 0x00, 0x01, 0x18, 0x00, 0x00, 0x00,
  0x20, 0x00, 0x00, 0x00, 0x3c, 0x00, 0x00, 0x00, 0x94, 0x00, 0x00, 0x00,
  0x00, 0x00, 0x00, 0x09, 0x50, 0x00, 0x00, 0x00, 0x02, 0x00, 0x00, 0x00,
  0xff, 0xff, 0xff, 0xff, 0x01, 0x00, 0x00, 0x00, 0x34, 0x9b, 0xff, 0xff,
  0x08, 0x00, 0x00, 0x00, 0x10, 0x00, 0x00, 0x00, 0x01, 0x00, 0x00, 0x00,
  0x80, 0xff, 0xff, 0xff, 0xff, 0xff, 0xff, 0xff, 0x01, 0x00, 0x00, 0x00,
  0x00, 0x00, 0x80, 0x3b, 0x1b, 0x00, 0x00, 0x00, 0x53, 0x74, 0x61, 0x74,
  0x65, 0x66, 0x75, 0x6c, 0x50, 0x61, 0x72, 0x74, 0x69, 0x74, 0x69, 0x6f,
  0x6e, 0x65, 0x64, 0x43, 0x61, 0x6c, 0x6c, 0x5f, 0x31, 0x3a, 0x30, 0x00,
  0x02, 0x00, 0x00, 0x00, 0x01, 0x00, 0x00, 0x00, 0x01, 0x00, 0x00, 0x00,
  0xc6, 0x9b, 0xff, 0xff, 0x00, 0x00, 0x00, 0x01, 0x18, 0x00, 0x00, 0x00,
  0x20, 0x00, 0x00, 0x00, 0x3c, 0x00, 0x00, 0x00, 0x93, 0x00, 0x00, 0x00,
  0x00, 0x00, 0x00, 0x09, 0x78, 0x00, 0x00, 0x00, 0x02, 0x00, 0x00, 0x00,
  0xff, 0xff, 0xff, 0xff, 0x01, 0x00, 0x00, 0x00, 0xac, 0x9b, 0xff, 0xff,
  0x08, 0x00, 0x00, 0x00, 0x10, 0x00, 0x00, 0x00, 0x01, 0x00, 0x00, 0x00,
  0x80, 0xff, 0xff, 0xff, 0xff, 0xff, 0xff, 0xff, 0x01, 0x00, 0x00, 0x00,
  0x62, 0x5a, 0xfa, 0x3a, 0x40, 0x00, 0x00, 0x00, 0x66, 0x75, 0x6e, 0x63,
  0x74, 0x69, 0x6f, 0x6e, 0x61, 0x6c, 0x5f, 0x32, 0x37, 0x5f, 0x31, 0x2f,
  0x64, 0x65, 0x6e, 0x73, 0x65, 0x5f, 0x31, 0x33, 0x5f, 0x31, 0x2f, 0x4d,
  0x61, 0x74, 0x4d, 0x75, 0x6c, 0x3b, 0x66, 0x75, 0x6e, 0x63, 0x74, 0x69,
  0x6f, 0x6e, 0x61, 0x6c, 0x5f, 0x32, 0x37, 0x5f, 0x31, 0x2f, 0x64, 0x65,
  0x6e, 0x73, 0x65, 0x5f, 0x31, 0x33, 0x5f, 0x31, 0x2f, 0x41, 0x64, 0x64,
  0x00, 0x00, 0x00, 0x00, 0x02, 0x00, 0x00, 0x00, 0x01, 0x00, 0x00, 0x00,
  0x01, 0x00, 0x00, 0x00, 0x66, 0x9c, 0xff, 0xff, 0x00, 0x00, 0x00, 0x01,
  0x18, 0x00, 0x00, 0x00, 0x20, 0x00, 0x00, 0x00, 0x40, 0x00, 0x00, 0x00,
  0x92, 0x00, 0x00, 0x00, 0x00, 0x00, 0x00, 0x09, 0xa0, 0x00, 0x00, 0x00,
  0x02, 0x00, 0x00, 0x00, 0xff, 0xff, 0xff, 0xff, 0x10, 0x00, 0x00, 0x00,
  0x4c, 0x9c, 0xff, 0xff, 0x08, 0x00, 0x00, 0x00, 0x14, 0x00, 0x00, 0x00,
  0x01, 0x00, 0x00, 0x00, 0x80, 0xff, 0xff, 0xff, 0xff, 0xff, 0xff, 0xff,
  0x00, 0x00, 0x00, 0x00, 0x01, 0x00, 0x00, 0x00, 0x91, 0x23, 0xf2, 0x3a,
  0x64, 0x00, 0x00, 0x00, 0x66, 0x75, 0x6e, 0x63, 0x74, 0x69, 0x6f, 0x6e,
  0x61, 0x6c, 0x5f, 0x32, 0x37, 0x5f, 0x31, 0x2f, 0x64, 0x65, 0x6e, 0x73,
  0x65, 0x5f, 0x31, 0x32, 0x5f, 0x31, 0x2f, 0x4d, 0x61, 0x74, 0x4d, 0x75,
  0x6c, 0x3b, 0x66, 0x75, 0x6e, 0x63, 0x74, 0x69, 0x6f, 0x6e, 0x61, 0x6c,
  0x5f, 0x32, 0x37, 0x5f, 0x31, 0x2f, 0x64, 0x65, 0x6e, 0x73, 0x65, 0x5f,
  0x31, 0x32, 0x5f, 0x31, 0x2f, 0x52, 0x65, 0x6c, 0x75, 0x3b, 0x66, 0x75,
  0x6e, 0x63, 0x74, 0x69, 0x6f, 0x6e, 0x61, 0x6c, 0x5f, 0x32, 0x37, 0x5f,
  0x31, 0x2f, 0x64, 0x65, 0x6e, 0x73, 0x65, 0x5f, 0x31, 0x32, 0x5f, 0x31,
  0x2f, 0x42, 0x69, 0x61, 0x73, 0x41, 0x64, 0x64, 0x00, 0x00, 0x00, 0x00,
  0x02, 0x00, 0x00, 0x00, 0x01, 0x00, 0x00, 0x00, 0x10, 0x00, 0x00, 0x00,
  0x2e, 0x9d, 0xff, 0xff, 0x00, 0x00, 0x00, 0x01, 0x18, 0x00, 0x00, 0x00,
  0x20, 0x00, 0x00, 0x00, 0x3c, 0x00, 0x00, 0x00, 0x91, 0x00, 0x00, 0x00,
  0x00, 0x00, 0x00, 0x09, 0x60, 0x00, 0x00, 0x00, 0x02, 0x00, 0x00, 0x00,
  0xff, 0xff, 0xff, 0xff, 0x08, 0x00, 0x00, 0x00, 0x14, 0x9d, 0xff, 0xff,
  0x08, 0x00, 0x00, 0x00, 0x10, 0x00, 0x00, 0x00, 0x01, 0x00, 0x00, 0x00,
  0x0e, 0x00, 0x00, 0x00, 0x00, 0x00, 0x00, 0x00, 0x01, 0x00, 0x00, 0x00,
  0x31, 0x37, 0x80, 0x3b, 0x2b, 0x00, 0x00, 0x00, 0x66, 0x75, 0x6e, 0x63,
  0x74, 0x69, 0x6f, 0x6e, 0x61, 0x6c, 0x5f, 0x32, 0x37, 0x5f, 0x31, 0x2f,
  0x6c, 0x73, 0x74, 0x6d, 0x5f, 0x36, 0x5f, 0x31, 0x2f, 0x6c, 0x73, 0x74,
  0x6d, 0x5f, 0x63, 0x65, 0x6c, 0x6c, 0x5f, 0x31, 0x33, 0x2f, 0x6d, 0x75,
  0x6c, 0x5f, 0x32, 0x00, 0x02, 0x00, 0x00, 0x00, 0x01, 0x00, 0x00, 0x00,
  0x08, 0x00, 0x00, 0x00, 0xb6, 0x9d, 0xff, 0xff, 0x00, 0x00, 0x00, 0x01,
  0x18, 0x00, 0x00, 0x00, 0x20, 0x00, 0x00, 0x00, 0x40, 0x00, 0x00, 0x00,
  0x90, 0x00, 0x00, 0x00, 0x00, 0x00, 0x00, 0x09, 0x68, 0x00, 0x00, 0x00,
  0x02, 0x00, 0x00, 0x00, 0xff, 0xff, 0xff, 0xff, 0x08, 0x00, 0x00, 0x00,
  0x9c, 0x9d, 0xff, 0xff, 0x08, 0x00, 0x00, 0x00, 0x14, 0x00, 0x00, 0x00,
  0x01, 0x00, 0x00, 0x00, 0x00, 0x00, 0x00, 0x00, 0x00, 0x00, 0x00, 0x00,
  0x00, 0x00, 0x00, 0x00, 0x01, 0x00, 0x00, 0x00, 0x00, 0x00, 0x00, 0x3c,
  0x2c, 0x00, 0x00, 0x00, 0x66, 0x75, 0x6e, 0x63, 0x74, 0x69, 0x6f, 0x6e,
  0x61, 0x6c, 0x5f, 0x32, 0x37, 0x5f, 0x31, 0x2f, 0x6c, 0x73, 0x74, 0x6d,
  0x5f, 0x36, 0x5f, 0x31, 0x2f, 0x6c, 0x73, 0x74, 0x6d, 0x5f, 0x63, 0x65,
  0x6c, 0x6c, 0x5f, 0x31, 0x33, 0x2f, 0x54, 0x61, 0x6e, 0x68, 0x5f, 0x31,
  0x00, 0x00, 0x00, 0x00, 0x02, 0x00, 0x00, 0x00, 0x01, 0x00, 0x00, 0x00,
  0x08, 0x00, 0x00, 0x00, 0x46, 0x9e, 0xff, 0xff, 0x00, 0x00, 0x00, 0x01,
  0x18, 0x00, 0x00, 0x00, 0x20, 0x00, 0x00, 0x00, 0x3c, 0x00, 0x00, 0x00,
  0x8f, 0x00, 0x00, 0x00, 0x00, 0x00, 0x00, 0x09, 0x60, 0x00, 0x00, 0x00,
  0x02, 0x00, 0x00, 0x00, 0xff, 0xff, 0xff, 0xff, 0x08, 0x00, 0x00, 0x00,
  0x2c, 0x9e, 0xff, 0xff, 0x08, 0x00, 0x00, 0x00, 0x10, 0x00, 0x00, 0x00,
  0x01, 0x00, 0x00, 0x00, 0x26, 0x00, 0x00, 0x00, 0x00, 0x00, 0x00, 0x00,
  0x01, 0x00, 0x00, 0x00, 0x4c, 0xc7, 0x1c, 0x3c, 0x2b, 0x00, 0x00, 0x00,
  0x66, 0x75, 0x6e, 0x63, 0x74, 0x69, 0x6f, 0x6e, 0x61, 0x6c, 0x5f, 0x32,
  0x37, 0x5f, 0x31, 0x2f, 0x6c, 0x73, 0x74, 0x6d, 0x5f, 0x36, 0x5f, 0x31,
  0x2f, 0x6c, 0x73, 0x74, 0x6d, 0x5f, 0x63, 0x65, 0x6c, 0x6c, 0x5f, 0x31,
  0x33, 0x2f, 0x61, 0x64, 0x64, 0x5f, 0x32, 0x00, 0x02, 0x00, 0x00, 0x00,
  0x01, 0x00, 0x00, 0x00, 0x08, 0x00, 0x00, 0x00, 0xce, 0x9e, 0xff, 0xff,
  0x00, 0x00, 0x00, 0x01, 0x18, 0x00, 0x00, 0x00, 0x20, 0x00, 0x00, 0x00,
  0x3c, 0x00, 0x00, 0x00, 0x8e, 0x00, 0x00, 0x00, 0x00, 0x00, 0x00, 0x09,
  0x60, 0x00, 0x00, 0x00, 0x02, 0x00, 0x00, 0x00, 0xff, 0xff, 0xff, 0xff,
  0x08, 0x00, 0x00, 0x00, 0xb4, 0x9e, 0xff, 0xff, 0x08, 0x00, 0x00, 0x00,
  0x10, 0x00, 0x00, 0x00, 0x01, 0x00, 0x00, 0x00, 0x17, 0x00, 0x00, 0x00,
  0x00, 0x00, 0x00, 0x00, 0x01, 0x00, 0x00, 0x00, 0x99, 0x34, 0x5a, 0x3b,
  0x2b, 0x00, 0x00, 0x00, 0x66, 0x75, 0x6e, 0x63, 0x74, 0x69, 0x6f, 0x6e,
  0x61, 0x6c, 0x5f, 0x32, 0x37, 0x5f, 0x31, 0x2f, 0x6c, 0x73, 0x74, 0x6d,
  0x5f, 0x36, 0x5f, 0x31, 0x2f, 0x6c, 0x73, 0x74, 0x6d, 0x5f, 0x63, 0x65,
  0x6c, 0x6c, 0x5f, 0x31, 0x33, 0x2f, 0x6d, 0x75, 0x6c, 0x5f, 0x31, 0x00,
  0x02, 0x00, 0x00, 0x00, 0x01, 0x00, 0x00, 0x00, 0x08, 0x00, 0x00, 0x00,
  0x56, 0x9f, 0xff, 0xff, 0x00, 0x00, 0x00, 0x01, 0x18, 0x00, 0x00, 0x00,
  0x20, 0x00, 0x00, 0x00, 0x3c, 0x00, 0x00, 0x00, 0x8d, 0x00, 0x00, 0x00,
  0x00, 0x00, 0x00, 0x09, 0x60, 0x00, 0x00, 0x00, 0x02, 0x00, 0x00, 0x00,
  0xff, 0xff, 0xff, 0xff, 0x08, 0x00, 0x00, 0x00, 0x3c, 0x9f, 0xff, 0xff,
  0x08, 0x00, 0x00, 0x00, 0x10, 0x00, 0x00, 0x00, 0x01, 0x00, 0x00, 0x00,
  0x00, 0x00, 0x00, 0x00, 0x00, 0x00, 0x00, 0x00, 0x01, 0x00, 0x00, 0x00,
  0x00, 0x00, 0x00, 0x3c, 0x2a, 0x00, 0x00, 0x00, 0x66, 0x75, 0x6e, 0x63,
  0x74, 0x69, 0x6f, 0x6e, 0x61, 0x6c, 0x5f, 0x32, 0x37, 0x5f, 0x31, 0x2f,
  0x6c, 0x73, 0x74, 0x6d, 0x5f, 0x36, 0x5f, 0x31, 0x2f, 0x6c, 0x73, 0x74,
  0x6d, 0x5f, 0x63, 0x65, 0x6c, 0x6c, 0x5f, 0x31, 0x33, 0x2f, 0x54, 0x61,
  0x6e, 0x68, 0x00, 0x00, 0x02, 0x00, 0x00, 0x00, 0x01, 0x00, 0x00, 0x00,
  0x08, 0x00, 0x00, 0x00, 0xde, 0x9f, 0xff, 0xff, 0x00, 0x00, 0x00, 0x01,
  0x18, 0x00, 0x00, 0x00, 0x20, 0x00, 0x00, 0x00, 0x40, 0x00, 0x00, 0x00,
  0x8c, 0x00, 0x00, 0x00, 0x00, 0x00, 0x00, 0x09, 0x68, 0x00, 0x00, 0x00,
  0x02, 0x00, 0x00, 0x00, 0xff, 0xff, 0xff, 0xff, 0x08, 0x00, 0x00, 0x00,
  0xc4, 0x9f, 0xff, 0xff, 0x08, 0x00, 0x00, 0x00, 0x14, 0x00, 0x00, 0x00,
  0x01, 0x00, 0x00, 0x00, 0x80, 0xff, 0xff, 0xff, 0xff, 0xff, 0xff, 0xff,
  0x00, 0x00, 0x00, 0x00, 0x01, 0x00, 0x00, 0x00, 0x00, 0x00, 0x80, 0x3b,
  0x2f, 0x00, 0x00, 0x00, 0x66, 0x75, 0x6e, 0x63, 0x74, 0x69, 0x6f, 0x6e,
  0x61, 0x6c, 0x5f, 0x32, 0x37, 0x5f, 0x31, 0x2f, 0x6c, 0x73, 0x74, 0x6d,
  0x5f, 0x36, 0x5f, 0x31, 0x2f, 0x6c, 0x73, 0x74, 0x6d, 0x5f, 0x63, 0x65,
  0x6c, 0x6c, 0x5f, 0x31, 0x33, 0x2f, 0x53, 0x69, 0x67, 0x6d, 0x6f, 0x69,
  0x64, 0x5f, 0x32, 0x00, 0x02, 0x00, 0x00, 0x00, 0x01, 0x00, 0x00, 0x00,
  0x08, 0x00, 0x00, 0x00, 0x6e, 0xa0, 0xff, 0xff, 0x00, 0x00, 0x00, 0x01,
  0x18, 0x00, 0x00, 0x00, 0x20, 0x00, 0x00, 0x00, 0x3c, 0x00, 0x00, 0x00,
  0x8b, 0x00, 0x00, 0x00, 0x00, 0x00, 0x00, 0x09, 0x60, 0x00, 0x00, 0x00,
  0x02, 0x00, 0x00, 0x00, 0xff, 0xff, 0xff, 0xff, 0x08, 0x00, 0x00, 0x00,
  0x54, 0xa0, 0xff, 0xff, 0x08, 0x00, 0x00, 0x00, 0x10, 0x00, 0x00, 0x00,
  0x01, 0x00, 0x00, 0x00, 0x26, 0x00, 0x00, 0x00, 0x00, 0x00, 0x00, 0x00,
  0x01, 0x00, 0x00, 0x00, 0x4c, 0xc7, 0x1c, 0x3c, 0x29, 0x00, 0x00, 0x00,
  0x66, 0x75, 0x6e, 0x63, 0x74, 0x69, 0x6f, 0x6e, 0x61, 0x6c, 0x5f, 0x32,
  0x37, 0x5f, 0x31, 0x2f, 0x6c, 0x73, 0x74, 0x6d, 0x5f, 0x36, 0x5f, 0x31,
  0x2f, 0x6c, 0x73, 0x74, 0x6d, 0x5f, 0x63, 0x65, 0x6c, 0x6c, 0x5f, 0x31,
  0x33, 0x2f, 0x6d, 0x75, 0x6c, 0x00, 0x00, 0x00, 0x02, 0x00, 0x00, 0x00,
  0x01, 0x00, 0x00, 0x00, 0x08, 0x00, 0x00, 0x00, 0xf6, 0xa0, 0xff, 0xff,
  0x00, 0x00, 0x00, 0x01, 0x18, 0x00, 0x00, 0x00, 0x20, 0x00, 0x00, 0x00,
  0x40, 0x00, 0x00, 0x00, 0x8a, 0x00, 0x00, 0x00, 0x00, 0x00, 0x00, 0x09,
  0x68, 0x00, 0x00, 0x00, 0x02, 0x00, 0x00, 0x00, 0xff, 0xff, 0xff, 0xff,
  0x08, 0x00, 0x00, 0x00, 0xdc, 0xa0, 0xff, 0xff, 0x08, 0x00, 0x00, 0x00,
  0x14, 0x00, 0x00, 0x00, 0x01, 0x00, 0x00, 0x00, 0x80, 0xff, 0xff, 0xff,
  0xff, 0xff, 0xff, 0xff, 0x00, 0x00, 0x00, 0x00, 0x01, 0x00, 0x00, 0x00,
  0x00, 0x00, 0x80, 0x3b, 0x2f, 0x00, 0x00, 0x00, 0x66, 0x75, 0x6e, 0x63,
  0x74, 0x69, 0x6f, 0x6e, 0x61, 0x6c, 0x5f, 0x32, 0x37, 0x5f, 0x31, 0x2f,
  0x6c, 0x73, 0x74, 0x6d, 0x5f, 0x36, 0x5f, 0x31, 0x2f, 0x6c, 0x73, 0x74,
  0x6d, 0x5f, 0x63, 0x65, 0x6c, 0x6c, 0x5f, 0x31, 0x33, 0x2f, 0x53, 0x69,
  0x67, 0x6d, 0x6f, 0x69, 0x64, 0x5f, 0x31, 0x00, 0x02, 0x00, 0x00, 0x00,
  0x01, 0x00, 0x00, 0x00, 0x08, 0x00, 0x00, 0x00, 0x86, 0xa1, 0xff, 0xff,
  0x00, 0x00, 0x00, 0x01, 0x18, 0x00, 0x00, 0x00, 0x20, 0x00, 0x00, 0x00,
  0x40, 0x00, 0x00, 0x00, 0x89, 0x00, 0x00, 0x00, 0x00, 0x00, 0x00, 0x09,
  0x68, 0x00, 0x00, 0x00, 0x02, 0x00, 0x00, 0x00, 0xff, 0xff, 0xff, 0xff,
  0x08, 0x00, 0x00, 0x00, 0x6c, 0xa1, 0xff, 0xff, 0x08, 0x00, 0x00, 0x00,
  0x14, 0x00, 0x00, 0x00, 0x01, 0x00, 0x00, 0x00, 0x80, 0xff, 0xff, 0xff,
  0xff, 0xff, 0xff, 0xff, 0x00, 0x00, 0x00, 0x00, 0x01, 0x00, 0x00, 0x00,
  0x00, 0x00, 0x80, 0x3b, 0x2d, 0x00, 0x00, 0x00, 0x66, 0x75, 0x6e, 0x63,
  0x74, 0x69, 0x6f, 0x6e, 0x61, 0x6c, 0x5f, 0x32, 0x37, 0x5f, 0x31, 0x2f,
  0x6c, 0x73, 0x74, 0x6d, 0x5f, 0x36, 0x5f, 0x31, 0x2f, 0x6c, 0x73, 0x74,
  0x6d, 0x5f, 0x63, 0x65, 0x6c, 0x6c, 0x5f, 0x31, 0x33, 0x2f, 0x53, 0x69,
  0x67, 0x6d, 0x6f, 0x69, 0x64, 0x00, 0x00, 0x00, 0x02, 0x00, 0x00, 0x00,
  0x01, 0x00, 0x00, 0x00, 0x08, 0x00, 0x00, 0x00, 0x16, 0xa2, 0xff, 0xff,
  0x00, 0x00, 0x00, 0x01, 0x18, 0x00, 0x00, 0x00, 0x20, 0x00, 0x00, 0x00,
  0x3c, 0x00, 0x00, 0x00, 0x88, 0x00, 0x00, 0x00, 0x00, 0x00, 0x00, 0x09,
  0xe8, 0x00, 0x00, 0x00, 0x02, 0x00, 0x00, 0x00, 0xff, 0xff, 0xff, 0xff,
  0x08, 0x00, 0x00, 0x00, 0xfc, 0xa1, 0xff, 0xff, 0x08, 0x00, 0x00, 0x00,
  0x10, 0x00, 0x00, 0x00, 0x01, 0x00, 0x00, 0x00, 0xe5, 0xff, 0xff, 0xff,
  0xff, 0xff, 0xff, 0xff, 0x01, 0x00, 0x00, 0x00, 0xc7, 0xc5, 0x81, 0x3c,
  0xb3, 0x00, 0x00, 0x00, 0x66, 0x75, 0x6e, 0x63, 0x74, 0x69, 0x6f, 0x6e,
  0x61, 0x6c, 0x5f, 0x32, 0x37, 0x5f, 0x31, 0x2f, 0x6c, 0x73, 0x74, 0x6d,
  0x5f, 0x36, 0x5f, 0x31, 0x2f, 0x6c, 0x73, 0x74, 0x6d, 0x5f, 0x63, 0x65,
  0x6c, 0x6c, 0x5f, 0x31, 0x33, 0x2f, 0x73, 0x70, 0x6c, 0x69, 0x74, 0x3b,
  0x66, 0x75, 0x6e, 0x63, 0x74, 0x69, 0x6f, 0x6e, 0x61, 0x6c, 0x5f, 0x32,
  0x37, 0x5f, 0x31, 0x2f, 0x6c, 0x73, 0x74, 0x6d, 0x5f, 0x36, 0x5f, 0x31,
  0x2f, 0x6c, 0x73, 0x74, 0x6d, 0x5f, 0x63, 0x65, 0x6c, 0x6c, 0x5f, 0x31,
  0x33, 0x2f, 0x73, 0x70, 0x6c, 0x69, 0x74, 0x31, 0x3b, 0x66, 0x75, 0x6e,
  0x63, 0x74, 0x69, 0x6f, 0x6e, 0x61, 0x6c, 0x5f, 0x32, 0x37, 0x5f, 0x31,
  0x2f, 0x6c, 0x73, 0x74, 0x6d, 0x5f, 0x36, 0x5f, 0x31, 0x2f, 0x6c, 0x73,
  0x74, 0x6d, 0x5f, 0x63, 0x65, 0x6c, 0x6c, 0x5f, 0x31, 0x33, 0x2f, 0x73,
  0x70, 0x6c, 0x69, 0x74, 0x32, 0x3b, 0x66, 0x75, 0x6e, 0x63, 0x74, 0x69,
  0x6f, 0x6e, 0x61, 0x6c, 0x5f, 0x32, 0x37, 0x5f, 0x31, 0x2f, 0x6c, 0x73,
  0x74, 0x6d, 0x5f, 0x36, 0x5f, 0x31, 0x2f, 0x6c, 0x73, 0x74, 0x6d, 0x5f,
  0x63, 0x65, 0x6c, 0x6c, 0x5f, 0x31, 0x33, 0x2f, 0x73, 0x70, 0x6c, 0x69,
  0x74, 0x33, 0x33, 0x00, 0x02, 0x00, 0x00, 0x00, 0x01, 0x00, 0x00, 0x00,
  0x08, 0x00, 0x00, 0x00, 0x26, 0xa3, 0xff, 0xff, 0x00, 0x00, 0x00, 0x01,
  0x18, 0x00, 0x00, 0x00, 0x20, 0x00, 0x00, 0x00, 0x3c, 0x00, 0x00, 0x00,
  0x87, 0x00, 0x00, 0x00, 0x00, 0x00, 0x00, 0x09, 0xe8, 0x00, 0x00, 0x00,
  0x02, 0x00, 0x00, 0x00, 0xff, 0xff, 0xff, 0xff, 0x08, 0x00, 0x00, 0x00,
  0x0c, 0xa3, 0xff, 0xff, 0x08, 0x00, 0x00, 0x00, 0x10, 0x00, 0x00, 0x00,
  0x01, 0x00, 0x00, 0x00, 0xe5, 0xff, 0xff, 0xff, 0xff, 0xff, 0xff, 0xff,
  0x01, 0x00, 0x00, 0x00, 0xc7, 0xc5, 0x81, 0x3c, 0xb3, 0x00, 0x00, 0x00,
  0x66, 0x75, 0x6e, 0x63, 0x74, 0x69, 0x6f, 0x6e, 0x61, 0x6c, 0x5f, 0x32,
  0x37, 0x5f, 0x31, 0x2f, 0x6c, 0x73, 0x74, 0x6d, 0x5f, 0x36, 0x5f, 0x31,
  0x2f, 0x6c, 0x73, 0x74, 0x6d, 0x5f, 0x63, 0x65, 0x6c, 0x6c, 0x5f, 0x31,
  0x33, 0x2f, 0x73, 0x70, 0x6c, 0x69, 0x74, 0x3b, 0x66, 0x75, 0x6e, 0x63,
  0x74, 0x69, 0x6f, 0x6e, 0x61, 0x6c, 0x5f, 0x32, 0x37, 0x5f, 0x31, 0x2f,
  0x6c, 0x73, 0x74, 0x6d, 0x5f, 0x36, 0x5f, 0x31, 0x2f, 0x6c, 0x73, 0x74,
  0x6d, 0x5f, 0x63, 0x65, 0x6c, 0x6c, 0x5f, 0x31, 0x33, 0x2f, 0x73, 0x70,
  0x6c, 0x69, 0x74, 0x31, 0x3b, 0x66, 0x75, 0x6e, 0x63, 0x74, 0x69, 0x6f,
  0x6e, 0x61, 0x6c, 0x5f, 0x32, 0x37, 0x5f, 0x31, 0x2f, 0x6c, 0x73, 0x74,
  0x6d, 0x5f, 0x36, 0x5f, 0x31, 0x2f, 0x6c, 0x73, 0x74, 0x6d, 0x5f, 0x63,
  0x65, 0x6c, 0x6c, 0x5f, 0x31, 0x33, 0x2f, 0x73, 0x70, 0x6c, 0x69, 0x74,
  0x32, 0x3b, 0x66, 0x75, 0x6e, 0x63, 0x74, 0x69, 0x6f, 0x6e, 0x61, 0x6c,
  0x5f, 0x32, 0x37, 0x5f, 0x31, 0x2f, 0x6c, 0x73, 0x74, 0x6d, 0x5f, 0x36,
  0x5f, 0x31, 0x2f, 0x6c, 0x73, 0x74, 0x6d, 0x5f, 0x63, 0x65, 0x6c, 0x6c,
  0x5f, 0x31, 0x33, 0x2f, 0x73, 0x70, 0x6c, 0x69, 0x74, 0x33, 0x32, 0x00,
  0x02, 0x00, 0x00, 0x00, 0x01, 0x00, 0x00, 0x00, 0x08, 0x00, 0x00, 0x00,
  0x36, 0xa4, 0xff, 0xff, 0x00, 0x00, 0x00, 0x01, 0x18, 0x00, 0x00, 0x00,
  0x20, 0x00, 0x00, 0x00, 0x3c, 0x00, 0x00, 0x00, 0x86, 0x00, 0x00, 0x00,
  0x00, 0x00, 0x00, 0x09, 0xe8, 0x00, 0x00, 0x00, 0x02, 0x00, 0x00, 0x00,
  0xff, 0xff, 0xff, 0xff, 0x08, 0x00, 0x00, 0x00, 0x1c, 0xa4, 0xff, 0xff,
  0x08, 0x00, 0x00, 0x00, 0x10, 0x00, 0x00, 0x00, 0x01, 0x00, 0x00, 0x00,
  0xe5, 0xff, 0xff, 0xff, 0xff, 0xff, 0xff, 0xff, 0x01, 0x00, 0x00, 0x00,
  0xc7, 0xc5, 0x81, 0x3c, 0xb3, 0x00, 0x00, 0x00, 0x66, 0x75, 0x6e, 0x63,
  0x74, 0x69, 0x6f, 0x6e, 0x61, 0x6c, 0x5f, 0x32, 0x37, 0x5f, 0x31, 0x2f,
  0x6c, 0x73, 0x74, 0x6d, 0x5f, 0x36, 0x5f, 0x31, 0x2f, 0x6c, 0x73, 0x74,
  0x6d, 0x5f, 0x63, 0x65, 0x6c, 0x6c, 0x5f, 0x31, 0x33, 0x2f, 0x73, 0x70,
  0x6c, 0x69, 0x74, 0x3b, 0x66, 0x75, 0x6e, 0x63, 0x74, 0x69, 0x6f, 0x6e,
  0x61, 0x6c, 0x5f, 0x32, 0x37, 0x5f, 0x31, 0x2f, 0x6c, 0x73, 0x74, 0x6d,
  0x5f, 0x36, 0x5f, 0x31, 0x2f, 0x6c, 0x73, 0x74, 0x6d, 0x5f, 0x63, 0x65,
  0x6c, 0x6c, 0x5f, 0x31, 0x33, 0x2f, 0x73, 0x70, 0x6c, 0x69, 0x74, 0x31,
  0x3b, 0x66, 0x75, 0x6e, 0x63, 0x74, 0x69, 0x6f, 0x6e, 0x61, 0x6c, 0x5f,
  0x32, 0x37, 0x5f, 0x31, 0x2f, 0x6c, 0x73, 0x74, 0x6d, 0x5f, 0x36, 0x5f,
  0x31, 0x2f, 0x6c, 0x73, 0x74, 0x6d, 0x5f, 0x63, 0x65, 0x6c, 0x6c, 0x5f,
  0x31, 0x33, 0x2f, 0x73, 0x70, 0x6c, 0x69, 0x74, 0x32, 0x3b, 0x66, 0x75,
  0x6e, 0x63, 0x74, 0x69, 0x6f, 0x6e, 0x61, 0x6c, 0x5f, 0x32, 0x37, 0x5f,
  0x31, 0x2f, 0x6c, 0x73, 0x74, 0x6d, 0x5f, 0x36, 0x5f, 0x31, 0x2f, 0x6c,
  0x73, 0x74, 0x6d, 0x5f, 0x63, 0x65, 0x6c, 0x6c, 0x5f, 0x31, 0x33, 0x2f,
  0x73, 0x70, 0x6c, 0x69, 0x74, 0x33, 0x31, 0x00, 0x02, 0x00, 0x00, 0x00,
  0x01, 0x00, 0x00, 0x00, 0x08, 0x00, 0x00, 0x00, 0x46, 0xa5, 0xff, 0xff,
  0x00, 0x00, 0x00, 0x01, 0x18, 0x00, 0x00, 0x00, 0x20, 0x00, 0x00, 0x00,
  0x3c, 0x00, 0x00, 0x00, 0x85, 0x00, 0x00, 0x00, 0x00, 0x00, 0x00, 0x09,
  0xe8, 0x00, 0x00, 0x00, 0x02, 0x00, 0x00, 0x00, 0xff, 0xff, 0xff, 0xff,
  0x08, 0x00, 0x00, 0x00, 0x2c, 0xa5, 0xff, 0xff, 0x08, 0x00, 0x00, 0x00,
  0x10, 0x00, 0x00, 0x00, 0x01, 0x00, 0x00, 0x00, 0xe5, 0xff, 0xff, 0xff,
  0xff, 0xff, 0xff, 0xff, 0x01, 0x00, 0x00, 0x00, 0xc7, 0xc5, 0x81, 0x3c,
  0xb2, 0x00, 0x00, 0x00, 0x66, 0x75, 0x6e, 0x63, 0x74, 0x69, 0x6f, 0x6e,
  0x61, 0x6c, 0x5f, 0x32, 0x37, 0x5f, 0x31, 0x2f, 0x6c, 0x73, 0x74, 0x6d,
  0x5f, 0x36, 0x5f, 0x31, 0x2f, 0x6c, 0x73, 0x74, 0x6d, 0x5f, 0x63, 0x65,
  0x6c, 0x6c, 0x5f, 0x31, 0x33, 0x2f, 0x73, 0x70, 0x6c, 0x69, 0x74, 0x3b,
  0x66, 0x75, 0x6e, 0x63, 0x74, 0x69, 0x6f, 0x6e, 0x61, 0x6c, 0x5f, 0x32,
  0x37, 0x5f, 0x31, 0x2f, 0x6c, 0x73, 0x74, 0x6d, 0x5f, 0x36, 0x5f, 0x31,
  0x2f, 0x6c, 0x73, 0x74, 0x6d, 0x5f, 0x63, 0x65, 0x6c, 0x6c, 0x5f, 0x31,
  0x33, 0x2f, 0x73, 0x70, 0x6c, 0x69, 0x74, 0x31, 0x3b, 0x66, 0x75, 0x6e,
  0x63, 0x74, 0x69, 0x6f, 0x6e, 0x61, 0x6c, 0x5f, 0x32, 0x37, 0x5f, 0x31,
  0x2f, 0x6c, 0x73, 0x74, 0x6d, 0x5f, 0x36, 0x5f, 0x31, 0x2f, 0x6c, 0x73,
  0x74, 0x6d, 0x5f, 0x63, 0x65, 0x6c, 0x6c, 0x5f, 0x31, 0x33, 0x2f, 0x73,
  0x70, 0x6c, 0x69, 0x74, 0x32, 0x3b, 0x66, 0x75, 0x6e, 0x63, 0x74, 0x69,
  0x6f, 0x6e, 0x61, 0x6c, 0x5f, 0x32, 0x37, 0x5f, 0x31, 0x2f, 0x6c, 0x73,
  0x74, 0x6d, 0x5f, 0x36, 0x5f, 0x31, 0x2f, 0x6c, 0x73, 0x74, 0x6d, 0x5f,
  0x63, 0x65, 0x6c, 0x6c, 0x5f, 0x31, 0x33, 0x2f, 0x73, 0x70, 0x6c, 0x69,
  0x74, 0x33, 0x00, 0x00, 0x02, 0x00, 0x00, 0x00, 0x01, 0x00, 0x00, 0x00,
  0x08, 0x00, 0x00, 0x00, 0x56, 0xa6, 0xff, 0xff, 0x00, 0x00, 0x00, 0x01,
  0x18, 0x00, 0x00, 0x00, 0x20, 0x00, 0x00, 0x00, 0x3c, 0x00, 0x00, 0x00,
  0x84, 0x00, 0x00, 0x00, 0x00, 0x00, 0x00, 0x09, 0x60, 0x00, 0x00, 0x00,
  0x02, 0x00, 0x00, 0x00, 0xff, 0xff, 0xff, 0xff, 0x20, 0x00, 0x00, 0x00,
  0x3c, 0xa6, 0xff, 0xff, 0x08, 0x00, 0x00, 0x00, 0x10, 0x00, 0x00, 0x00,
  0x01, 0x00, 0x00, 0x00, 0xe5, 0xff, 0xff, 0xff, 0xff, 0xff, 0xff, 0xff,
  0x01, 0x00, 0x00, 0x00, 0xc7, 0xc5, 0x81, 0x3c, 0x2b, 0x00, 0x00, 0x00,
  0x66, 0x75, 0x6e, 0x63, 0x74, 0x69, 0x6f, 0x6e, 0x61, 0x6c, 0x5f, 0x32,
  0x37, 0x5f, 0x31, 0x2f, 0x6c, 0x73, 0x74, 0x6d, 0x5f, 0x36, 0x5f, 0x31,
  0x2f, 0x6c, 0x73, 0x74, 0x6d, 0x5f, 0x63, 0x65, 0x6c, 0x6c, 0x5f, 0x31,
  0x33, 0x2f, 0x61, 0x64, 0x64, 0x5f, 0x31, 0x00, 0x02, 0x00, 0x00, 0x00,
  0x01, 0x00, 0x00, 0x00, 0x20, 0x00, 0x00, 0x00, 0xde, 0xa6, 0xff, 0xff,
  0x00, 0x00, 0x00, 0x01, 0x18, 0x00, 0x00, 0x00, 0x20, 0x00, 0x00, 0x00,
  0x3c, 0x00, 0x00, 0x00, 0x83, 0x00, 0x00, 0x00, 0x00, 0x00, 0x00, 0x09,
  0x60, 0x00, 0x00, 0x00, 0x02, 0x00, 0x00, 0x00, 0xff, 0xff, 0xff, 0xff,
  0x20, 0x00, 0x00, 0x00, 0xc4, 0xa6, 0xff, 0xff, 0x08, 0x00, 0x00, 0x00,
  0x10, 0x00, 0x00, 0x00, 0x01, 0x00, 0x00, 0x00, 0xe5, 0xff, 0xff, 0xff,
  0xff, 0xff, 0xff, 0xff, 0x01, 0x00, 0x00, 0x00, 0xc7, 0xc5, 0x81, 0x3c,
  0x29, 0x00, 0x00, 0x00, 0x66, 0x75, 0x6e, 0x63, 0x74, 0x69, 0x6f, 0x6e,
  0x61, 0x6c, 0x5f, 0x32, 0x37, 0x5f, 0x31, 0x2f, 0x6c, 0x73, 0x74, 0x6d,
  0x5f, 0x36, 0x5f, 0x31, 0x2f, 0x6c, 0x73, 0x74, 0x6d, 0x5f, 0x63, 0x65,
  0x6c, 0x6c, 0x5f, 0x31, 0x33, 0x2f, 0x61, 0x64, 0x64, 0x00, 0x00, 0x00,
  0x02, 0x00, 0x00, 0x00, 0x01, 0x00, 0x00, 0x00, 0x20, 0x00, 0x00, 0x00,
  0x66, 0xa7, 0xff, 0xff, 0x00, 0x00, 0x00, 0x01, 0x18, 0x00, 0x00, 0x00,
  0x20, 0x00, 0x00, 0x00, 0x40, 0x00, 0x00, 0x00, 0x82, 0x00, 0x00, 0x00,
  0x00, 0x00, 0x00, 0x09, 0x68, 0x00, 0x00, 0x00, 0x02, 0x00, 0x00, 0x00,
  0xff, 0xff, 0xff, 0xff, 0x20, 0x00, 0x00, 0x00, 0x4c, 0xa7, 0xff, 0xff,
  0x08, 0x00, 0x00, 0x00, 0x14, 0x00, 0x00, 0x00, 0x01, 0x00, 0x00, 0x00,
  0xf6, 0xff, 0xff, 0xff, 0xff, 0xff, 0xff, 0xff, 0x00, 0x00, 0x00, 0x00,
  0x01, 0x00, 0x00, 0x00, 0x98, 0xa8, 0x1d, 0x3b, 0x2e, 0x00, 0x00, 0x00,
  0x66, 0x75, 0x6e, 0x63, 0x74, 0x69, 0x6f, 0x6e, 0x61, 0x6c, 0x5f, 0x32,
  0x37, 0x5f, 0x31, 0x2f, 0x6c, 0x73, 0x74, 0x6d, 0x5f, 0x36, 0x5f, 0x31,
  0x2f, 0x6c, 0x73, 0x74, 0x6d, 0x5f, 0x63, 0x65, 0x6c, 0x6c, 0x5f, 0x31,
  0x33, 0x2f, 0x4d, 0x61, 0x74, 0x4d, 0x75, 0x6c, 0x5f, 0x31, 0x00, 0x00,
  0x02, 0x00, 0x00, 0x00, 0x01, 0x00, 0x00, 0x00, 0x20, 0x00, 0x00, 0x00,
  0xf6, 0xa7, 0xff, 0xff, 0x00, 0x00, 0x00, 0x01, 0x18, 0x00, 0x00, 0x00,
  0x20, 0x00, 0x00, 0x00, 0x3c, 0x00, 0x00, 0x00, 0x81, 0x00, 0x00, 0x00,
  0x00, 0x00, 0x00, 0x09, 0x60, 0x00, 0x00, 0x00, 0x02, 0x00, 0x00, 0x00,
  0xff, 0xff, 0xff, 0xff, 0x08, 0x00, 0x00, 0x00, 0xdc, 0xa7, 0xff, 0xff,
  0x08, 0x00, 0x00, 0x00, 0x10, 0x00, 0x00, 0x00, 0x01, 0x00, 0x00, 0x00,
  0x0a, 0x00, 0x00, 0x00, 0x00, 0x00, 0x00, 0x00, 0x01, 0x00, 0x00, 0x00,
  0xe5, 0x74, 0x76, 0x3b, 0x2b, 0x00, 0x00, 0x00, 0x66, 0x75, 0x6e, 0x63,
  0x74, 0x69, 0x6f, 0x6e, 0x61, 0x6c, 0x5f, 0x32, 0x37, 0x5f, 0x31, 0x2f,
  0x6c, 0x73, 0x74, 0x6d, 0x5f, 0x36, 0x5f, 0x31, 0x2f, 0x6c, 0x73, 0x74,
  0x6d, 0x5f, 0x63, 0x65, 0x6c, 0x6c, 0x5f, 0x31, 0x31, 0x2f, 0x6d, 0x75,
  0x6c, 0x5f, 0x32, 0x00, 0x02, 0x00, 0x00, 0x00, 0x01, 0x00, 0x00, 0x00,
  0x08, 0x00, 0x00, 0x00, 0x7e, 0xa8, 0xff, 0xff, 0x00, 0x00, 0x00, 0x01,
  0x18, 0x00, 0x00, 0x00, 0x20, 0x00, 0x00, 0x00, 0x40, 0x00, 0x00, 0x00,
  0x80, 0x00, 0x00, 0x00, 0x00, 0x00, 0x00, 0x09, 0x68, 0x00, 0x00, 0x00,
  0x02, 0x00, 0x00, 0x00, 0xff, 0xff, 0xff, 0xff, 0x08, 0x00, 0x00, 0x00,
  0x64, 0xa8, 0xff, 0xff, 0x08, 0x00, 0x00, 0x00, 0x14, 0x00, 0x00, 0x00,
  0x01, 0x00, 0x00, 0x00, 0x00, 0x00, 0x00, 0x00, 0x00, 0x00, 0x00, 0x00,
  0x00, 0x00, 0x00, 0x00, 0x01, 0x00, 0x00, 0x00, 0x00, 0x00, 0x00, 0x3c,
  0x2c, 0x00, 0x00, 0x00, 0x66, 0x75, 0x6e, 0x63, 0x74, 0x69, 0x6f, 0x6e,
  0x61, 0x6c, 0x5f, 0x32, 0x37, 0x5f, 0x31, 0x2f, 0x6c, 0x73, 0x74, 0x6d,
  0x5f, 0x36, 0x5f, 0x31, 0x2f, 0x6c, 0x73, 0x74, 0x6d, 0x5f, 0x63, 0x65,
  0x6c, 0x6c, 0x5f, 0x31, 0x31, 0x2f, 0x54, 0x61, 0x6e, 0x68, 0x5f, 0x31,
  0x00, 0x00, 0x00, 0x00, 0x02, 0x00, 0x00, 0x00, 0x01, 0x00, 0x00, 0x00,
  0x08, 0x00, 0x00, 0x00, 0x0e, 0xa9, 0xff, 0xff, 0x00, 0x00, 0x00, 0x01,
  0x18, 0x00, 0x00, 0x00, 0x20, 0x00, 0x00, 0x00, 0x3c, 0x00, 0x00, 0x00,
  0x7f, 0x00, 0x00, 0x00, 0x00, 0x00, 0x00, 0x09, 0x60, 0x00, 0x00, 0x00,
  0x02, 0x00, 0x00, 0x00, 0xff, 0xff, 0xff, 0xff, 0x08, 0x00, 0x00, 0x00,
  0xf4, 0xa8, 0xff, 0xff, 0x08, 0x00, 0x00, 0x00, 0x10, 0x00, 0x00, 0x00,
  0x01, 0x00, 0x00, 0x00, 0x1b, 0x00, 0x00, 0x00, 0x00, 0x00, 0x00, 0x00,
  0x01, 0x00, 0x00, 0x00, 0x22, 0xd9, 0x20, 0x3c, 0x2b, 0x00, 0x00, 0x00,
  0x66, 0x75, 0x6e, 0x63, 0x74, 0x69, 0x6f, 0x6e, 0x61, 0x6c, 0x5f, 0x32,
  0x37, 0x5f, 0x31, 0x2f, 0x6c, 0x73, 0x74, 0x6d, 0x5f, 0x36, 0x5f, 0x31,
  0x2f, 0x6c, 0x73, 0x74, 0x6d, 0x5f, 0x63, 0x65, 0x6c, 0x6c, 0x5f, 0x31,
  0x31, 0x2f, 0x61, 0x64, 0x64, 0x5f, 0x32, 0x00, 0x02, 0x00, 0x00, 0x00,
  0x01, 0x00, 0x00, 0x00, 0x08, 0x00, 0x00, 0x00, 0x96, 0xa9, 0xff, 0xff,
  0x00, 0x00, 0x00, 0x01, 0x18, 0x00, 0x00, 0x00, 0x20, 0x00, 0x00, 0x00,
  0x3c, 0x00, 0x00, 0x00, 0x7e, 0x00, 0x00, 0x00, 0x00, 0x00, 0x00, 0x09,
  0x60, 0x00, 0x00, 0x00, 0x02, 0x00, 0x00, 0x00, 0xff, 0xff, 0xff, 0xff,
  0x08, 0x00, 0x00, 0x00, 0x7c, 0xa9, 0xff, 0xff, 0x08, 0x00, 0x00, 0x00,
  0x10, 0x00, 0x00, 0x00, 0x01, 0x00, 0x00, 0x00, 0x05, 0x00, 0x00, 0x00,
  0x00, 0x00, 0x00, 0x00, 0x01, 0x00, 0x00, 0x00, 0x0f, 0xe3, 0x7d, 0x3b,
  0x2b, 0x00, 0x00, 0x00, 0x66, 0x75, 0x6e, 0x63, 0x74, 0x69, 0x6f, 0x6e,
  0x61, 0x6c, 0x5f, 0x32, 0x37, 0x5f, 0x31, 0x2f, 0x6c, 0x73, 0x74, 0x6d,
  0x5f, 0x36, 0x5f, 0x31, 0x2f, 0x6c, 0x73, 0x74, 0x6d, 0x5f, 0x63, 0x65,
  0x6c, 0x6c, 0x5f, 0x31, 0x31, 0x2f, 0x6d, 0x75, 0x6c, 0x5f, 0x31, 0x00,
  0x02, 0x00, 0x00, 0x00, 0x01, 0x00, 0x00, 0x00, 0x08, 0x00, 0x00, 0x00,
  0x1e, 0xaa, 0xff, 0xff, 0x00, 0x00, 0x00, 0x01, 0x18, 0x00, 0x00, 0x00,
  0x20, 0x00, 0x00, 0x00, 0x3c, 0x00, 0x00, 0x00, 0x7d, 0x00, 0x00, 0x00,
  0x00, 0x00, 0x00, 0x09, 0x60, 0x00, 0x00, 0x00, 0x02, 0x00, 0x00, 0x00,
  0xff, 0xff, 0xff, 0xff, 0x08, 0x00, 0x00, 0x00, 0x04, 0xaa, 0xff, 0xff,
  0x08, 0x00, 0x00, 0x00, 0x10, 0x00, 0x00, 0x00, 0x01, 0x00, 0x00, 0x00,
  0x00, 0x00, 0x00, 0x00, 0x00, 0x00, 0x00, 0x00, 0x01, 0x00, 0x00, 0x00,
  0x00, 0x00, 0x00, 0x3c, 0x2a, 0x00, 0x00, 0x00, 0x66, 0x75, 0x6e, 0x63,
  0x74, 0x69, 0x6f, 0x6e, 0x61, 0x6c, 0x5f, 0x32, 0x37, 0x5f, 0x31, 0x2f,
  0x6c, 0x73, 0x74, 0x6d, 0x5f, 0x36, 0x5f, 0x31, 0x2f, 0x6c, 0x73, 0x74,
  0x6d, 0x5f, 0x63, 0x65, 0x6c, 0x6c, 0x5f, 0x31, 0x31, 0x2f, 0x54, 0x61,
  0x6e, 0x68, 0x00, 0x00, 0x02, 0x00, 0x00, 0x00, 0x01, 0x00, 0x00, 0x00,
  0x08, 0x00, 0x00, 0x00, 0xa6, 0xaa, 0xff, 0xff, 0x00, 0x00, 0x00, 0x01,
  0x18, 0x00, 0x00, 0x00, 0x20, 0x00, 0x00, 0x00, 0x40, 0x00, 0x00, 0x00,
  0x7c, 0x00, 0x00, 0x00, 0x00, 0x00, 0x00, 0x09, 0x68, 0x00, 0x00, 0x00,
  0x02, 0x00, 0x00, 0x00, 0xff, 0xff, 0xff, 0xff, 0x08, 0x00, 0x00, 0x00,
  0x8c, 0xaa, 0xff, 0xff, 0x08, 0x00, 0x00, 0x00, 0x14, 0x00, 0x00, 0x00,
  0x01, 0x00, 0x00, 0x00, 0x80, 0xff, 0xff, 0xff, 0xff, 0xff, 0xff, 0xff,
  0x00, 0x00, 0x00, 0x00, 0x01, 0x00, 0x00, 0x00, 0x00, 0x00, 0x80, 0x3b,
  0x2f, 0x00, 0x00, 0x00, 0x66, 0x75, 0x6e, 0x63, 0x74, 0x69, 0x6f, 0x6e,
  0x61, 0x6c, 0x5f, 0x32, 0x37, 0x5f, 0x31, 0x2f, 0x6c, 0x73, 0x74, 0x6d,
  0x5f, 0x36, 0x5f, 0x31, 0x2f, 0x6c, 0x73, 0x74, 0x6d, 0x5f, 0x63, 0x65,
  0x6c, 0x6c, 0x5f, 0x31, 0x31, 0x2f, 0x53, 0x69, 0x67, 0x6d, 0x6f, 0x69,
  0x64, 0x5f, 0x32, 0x00, 0x02, 0x00, 0x00, 0x00, 0x01, 0x00, 0x00, 0x00,
  0x08, 0x00, 0x00, 0x00, 0x36, 0xab, 0xff, 0xff, 0x00, 0x00, 0x00, 0x01,
  0x18, 0x00, 0x00, 0x00, 0x20, 0x00, 0x00, 0x00, 0x3c, 0x00, 0x00, 0x00,
  0x7b, 0x00, 0x00, 0x00, 0x00, 0x00, 0x00, 0x09, 0x60, 0x00, 0x00, 0x00,
  0x02, 0x00, 0x00, 0x00, 0xff, 0xff, 0xff, 0xff, 0x08, 0x00, 0x00, 0x00,
  0x1c, 0xab, 0xff, 0xff, 0x08, 0x00, 0x00, 0x00, 0x10, 0x00, 0x00, 0x00,
  0x01, 0x00, 0x00, 0x00, 0x1b, 0x00, 0x00, 0x00, 0x00, 0x00, 0x00, 0x00,
  0x01, 0x00, 0x00, 0x00, 0x22, 0xd9, 0x20, 0x3c, 0x29, 0x00, 0x00, 0x00,
  0x66, 0x75, 0x6e, 0x63, 0x74, 0x69, 0x6f, 0x6e, 0x61, 0x6c, 0x5f, 0x32,
  0x37, 0x5f, 0x31, 0x2f, 0x6c, 0x73, 0x74, 0x6d, 0x5f, 0x36, 0x5f, 0x31,
  0x2f, 0x6c, 0x73, 0x74, 0x6d, 0x5f, 0x63, 0x65, 0x6c, 0x6c, 0x5f, 0x31,
  0x31, 0x2f, 0x6d, 0x75, 0x6c, 0x00, 0x00, 0x00, 0x02, 0x00, 0x00, 0x00,
  0x01, 0x00, 0x00, 0x00, 0x08, 0x00, 0x00, 0x00, 0xbe, 0xab, 0xff, 0xff,
  0x00, 0x00, 0x00, 0x01, 0x18, 0x00, 0x00, 0x00, 0x20, 0x00, 0x00, 0x00,
  0x40, 0x00, 0x00, 0x00, 0x7a, 0x00, 0x00, 0x00, 0x00, 0x00, 0x00, 0x09,
  0x68, 0x00, 0x00, 0x00, 0x02, 0x00, 0x00, 0x00, 0xff, 0xff, 0xff, 0xff,
  0x08, 0x00, 0x00, 0x00, 0xa4, 0xab, 0xff, 0xff, 0x08, 0x00, 0x00, 0x00,
  0x14, 0x00, 0x00, 0x00, 0x01, 0x00, 0x00, 0x00, 0x80, 0xff, 0xff, 0xff,
  0xff, 0xff, 0xff, 0xff, 0x00, 0x00, 0x00, 0x00, 0x01, 0x00, 0x00, 0x00,
  0x00, 0x00, 0x80, 0x3b, 0x2f, 0x00, 0x00, 0x00, 0x66, 0x75, 0x6e, 0x63,
  0x74, 0x69, 0x6f, 0x6e, 0x61, 0x6c, 0x5f, 0x32, 0x37, 0x5f, 0x31, 0x2f,
  0x6c, 0x73, 0x74, 0x6d, 0x5f, 0x36, 0x5f, 0x31, 0x2f, 0x6c, 0x73, 0x74,
  0x6d, 0x5f, 0x63, 0x65, 0x6c, 0x6c, 0x5f, 0x31, 0x31, 0x2f, 0x53, 0x69,
  0x67, 0x6d, 0x6f, 0x69, 0x64, 0x5f, 0x31, 0x00, 0x02, 0x00, 0x00, 0x00,
  0x01, 0x00, 0x00, 0x00, 0x08, 0x00, 0x00, 0x00, 0x4e, 0xac, 0xff, 0xff,
  0x00, 0x00, 0x00, 0x01, 0x18, 0x00, 0x00, 0x00, 0x20, 0x00, 0x00, 0x00,
  0x40, 0x00, 0x00, 0x00, 0x79, 0x00, 0x00, 0x00, 0x00, 0x00, 0x00, 0x09,
  0x68, 0x00, 0x00, 0x00, 0x02, 0x00, 0x00, 0x00, 0xff, 0xff, 0xff, 0xff,
  0x08, 0x00, 0x00, 0x00, 0x34, 0xac, 0xff, 0xff, 0x08, 0x00, 0x00, 0x00,
  0x14, 0x00, 0x00, 0x00, 0x01, 0x00, 0x00, 0x00, 0x80, 0xff, 0xff, 0xff,
  0xff, 0xff, 0xff, 0xff, 0x00, 0x00, 0x00, 0x00, 0x01, 0x00, 0x00, 0x00,
  0x00, 0x00, 0x80, 0x3b, 0x2d, 0x00, 0x00, 0x00, 0x66, 0x75, 0x6e, 0x63,
  0x74, 0x69, 0x6f, 0x6e, 0x61, 0x6c, 0x5f, 0x32, 0x37, 0x5f, 0x31, 0x2f,
  0x6c, 0x73, 0x74, 0x6d, 0x5f, 0x36, 0x5f, 0x31, 0x2f, 0x6c, 0x73, 0x74,
  0x6d, 0x5f, 0x63, 0x65, 0x6c, 0x6c, 0x5f, 0x31, 0x31, 0x2f, 0x53, 0x69,
  0x67, 0x6d, 0x6f, 0x69, 0x64, 0x00, 0x00, 0x00, 0x02, 0x00, 0x00, 0x00,
  0x01, 0x00, 0x00, 0x00, 0x08, 0x00, 0x00, 0x00, 0xde, 0xac, 0xff, 0xff,
  0x00, 0x00, 0x00, 0x01, 0x18, 0x00, 0x00, 0x00, 0x20, 0x00, 0x00, 0x00,
  0x3c, 0x00, 0x00, 0x00, 0x78, 0x00, 0x00, 0x00, 0x00, 0x00, 0x00, 0x09,
  0xe8, 0x00, 0x00, 0x00, 0x02, 0x00, 0x00, 0x00, 0xff, 0xff, 0xff, 0xff,
  0x08, 0x00, 0x00, 0x00, 0xc4, 0xac, 0xff, 0xff, 0x08, 0x00, 0x00, 0x00,
  0x10, 0x00, 0x00, 0x00, 0x01, 0x00, 0x00, 0x00, 0xdf, 0xff, 0xff, 0xff,
  0xff, 0xff, 0xff, 0xff, 0x01, 0x00, 0x00, 0x00, 0x0b, 0x51, 0x61, 0x3c,
  0xb3, 0x00, 0x00, 0x00, 0x66, 0x75, 0x6e, 0x63, 0x74, 0x69, 0x6f, 0x6e,
  0x61, 0x6c, 0x5f, 0x32, 0x37, 0x5f, 0x31, 0x2f, 0x6c, 0x73, 0x74, 0x6d,
  0x5f, 0x36, 0x5f, 0x31, 0x2f, 0x6c, 0x73, 0x74, 0x6d, 0x5f, 0x63, 0x65,
  0x6c, 0x6c, 0x5f, 0x31, 0x31, 0x2f, 0x73, 0x70, 0x6c, 0x69, 0x74, 0x3b,
  0x66, 0x75, 0x6e, 0x63, 0x74, 0x69, 0x6f, 0x6e, 0x61, 0x6c, 0x5f, 0x32,
  0x37, 0x5f, 0x31, 0x2f, 0x6c, 0x73, 0x74, 0x6d, 0x5f, 0x36, 0x5f, 0x31,
  0x2f, 0x6c, 0x73, 0x74, 0x6d, 0x5f, 0x63, 0x65, 0x6c, 0x6c, 0x5f, 0x31,
  0x31, 0x2f, 0x73, 0x70, 0x6c, 0x69, 0x74, 0x31, 0x3b, 0x66, 0x75, 0x6e,
  0x63, 0x74, 0x69, 0x6f, 0x6e, 0x61, 0x6c, 0x5f, 0x32, 0x37, 0x5f, 0x31,
  0x2f, 0x6c, 0x73, 0x74, 0x6d, 0x5f, 0x36, 0x5f, 0x31, 0x2f, 0x6c, 0x73,
  0x74, 0x6d, 0x5f, 0x63, 0x65, 0x6c, 0x6c, 0x5f, 0x31, 0x31, 0x2f, 0x73,
  0x70, 0x6c, 0x69, 0x74, 0x32, 0x3b, 0x66, 0x75, 0x6e, 0x63, 0x74, 0x69,
  0x6f, 0x6e, 0x61, 0x6c, 0x5f, 0x32, 0x37, 0x5f, 0x31, 0x2f, 0x6c, 0x73,
  0x74, 0x6d, 0x5f, 0x36, 0x5f, 0x31, 0x2f, 0x6c, 0x73, 0x74, 0x6d, 0x5f,
  0x63, 0x65, 0x6c, 0x6c, 0x5f, 0x31, 0x31, 0x2f, 0x73, 0x70, 0x6c, 0x69,
  0x74, 0x33, 0x33, 0x00, 0x02, 0x00, 0x00, 0x00, 0x01, 0x00, 0x00, 0x00,
  0x08, 0x00, 0x00, 0x00, 0xee, 0xad, 0xff, 0xff, 0x00, 0x00, 0x00, 0x01,
  0x18, 0x00, 0x00, 0x00, 0x20, 0x00, 0x00, 0x00, 0x3c, 0x00, 0x00, 0x00,
  0x77, 0x00, 0x00, 0x00, 0x00, 0x00, 0x00, 0x09, 0xe8, 0x00, 0x00, 0x00,
  0x02, 0x00, 0x00, 0x00, 0xff, 0xff, 0xff, 0xff, 0x08, 0x00, 0x00, 0x00,
  0xd4, 0xad, 0xff, 0xff, 0x08, 0x00, 0x00, 0x00, 0x10, 0x00, 0x00, 0x00,
  0x01, 0x00, 0x00, 0x00, 0xdf, 0xff, 0xff, 0xff, 0xff, 0xff, 0xff, 0xff,
  0x01, 0x00, 0x00, 0x00, 0x0b, 0x51, 0x61, 0x3c, 0xb3, 0x00, 0x00, 0x00,
  0x66, 0x75, 0x6e, 0x63, 0x74, 0x69, 0x6f, 0x6e, 0x61, 0x6c, 0x5f, 0x32,
  0x37, 0x5f, 0x31, 0x2f, 0x6c, 0x73, 0x74, 0x6d, 0x5f, 0x36, 0x5f, 0x31,
  0x2f, 0x6c, 0x73, 0x74, 0x6d, 0x5f, 0x63, 0x65, 0x6c, 0x6c, 0x5f, 0x31,
  0x31, 0x2f, 0x73, 0x70, 0x6c, 0x69, 0x74, 0x3b, 0x66, 0x75, 0x6e, 0x63,
  0x74, 0x69, 0x6f, 0x6e, 0x61, 0x6c, 0x5f, 0x32, 0x37, 0x5f, 0x31, 0x2f,
  0x6c, 0x73, 0x74, 0x6d, 0x5f, 0x36, 0x5f, 0x31, 0x2f, 0x6c, 0x73, 0x74,
  0x6d, 0x5f, 0x63, 0x65, 0x6c, 0x6c, 0x5f, 0x31, 0x31, 0x2f, 0x73, 0x70,
  0x6c, 0x69, 0x74, 0x31, 0x3b, 0x66, 0x75, 0x6e, 0x63, 0x74, 0x69, 0x6f,
  0x6e, 0x61, 0x6c, 0x5f, 0x32, 0x37, 0x5f, 0x31, 0x2f, 0x6c, 0x73, 0x74,
  0x6d, 0x5f, 0x36, 0x5f, 0x31, 0x2f, 0x6c, 0x73, 0x74, 0x6d, 0x5f, 0x63,
  0x65, 0x6c, 0x6c, 0x5f, 0x31, 0x31, 0x2f, 0x73, 0x70, 0x6c, 0x69, 0x74,
  0x32, 0x3b, 0x66, 0x75, 0x6e, 0x63, 0x74, 0x69, 0x6f, 0x6e, 0x61, 0x6c,
  0x5f, 0x32, 0x37, 0x5f, 0x31, 0x2f, 0x6c, 0x73, 0x74, 0x6d, 0x5f, 0x36,
  0x5f, 0x31, 0x2f, 0x6c, 0x73, 0x74, 0x6d, 0x5f, 0x63, 0x65, 0x6c, 0x6c,
  0x5f, 0x31, 0x31, 0x2f, 0x73, 0x70, 0x6c, 0x69, 0x74, 0x33, 0x32, 0x00,
  0x02, 0x00, 0x00, 0x00, 0x01, 0x00, 0x00, 0x00, 0x08, 0x00, 0x00, 0x00,
  0xfe, 0xae, 0xff, 0xff, 0x00, 0x00, 0x00, 0x01, 0x18, 0x00, 0x00, 0x00,
  0x20, 0x00, 0x00, 0x00, 0x3c, 0x00, 0x00, 0x00, 0x76, 0x00, 0x00, 0x00,
  0x00, 0x00, 0x00, 0x09, 0xe8, 0x00, 0x00, 0x00, 0x02, 0x00, 0x00, 0x00,
  0xff, 0xff, 0xff, 0xff, 0x08, 0x00, 0x00, 0x00, 0xe4, 0xae, 0xff, 0xff,
  0x08, 0x00, 0x00, 0x00, 0x10, 0x00, 0x00, 0x00, 0x01, 0x00, 0x00, 0x00,
  0xdf, 0xff, 0xff, 0xff, 0xff, 0xff, 0xff, 0xff, 0x01, 0x00, 0x00, 0x00,
  0x0b, 0x51, 0x61, 0x3c, 0xb3, 0x00, 0x00, 0x00, 0x66, 0x75, 0x6e, 0x63,
  0x74, 0x69, 0x6f, 0x6e, 0x61, 0x6c, 0x5f, 0x32, 0x37, 0x5f, 0x31, 0x2f,
  0x6c, 0x73, 0x74, 0x6d, 0x5f, 0x36, 0x5f, 0x31, 0x2f, 0x6c, 0x73, 0x74,
  0x6d, 0x5f, 0x63, 0x65, 0x6c, 0x6c, 0x5f, 0x31, 0x31, 0x2f, 0x73, 0x70,
  0x6c, 0x69, 0x74, 0x3b, 0x66, 0x75, 0x6e, 0x63, 0x74, 0x69, 0x6f, 0x6e,
  0x61, 0x6c, 0x5f, 0x32, 0x37, 0x5f, 0x31, 0x2f, 0x6c, 0x73, 0x74, 0x6d,
  0x5f, 0x36, 0x5f, 0x31, 0x2f, 0x6c, 0x73, 0x74, 0x6d, 0x5f, 0x63, 0x65,
  0x6c, 0x6c, 0x5f, 0x31, 0x31, 0x2f, 0x73, 0x70, 0x6c, 0x69, 0x74, 0x31,
  0x3b, 0x66, 0x75, 0x6e, 0x63, 0x74, 0x69, 0x6f, 0x6e, 0x61, 0x6c, 0x5f,
  0x32, 0x37, 0x5f, 0x31, 0x2f, 0x6c, 0x73, 0x74, 0x6d, 0x5f, 0x36, 0x5f,
  0x31, 0x2f, 0x6c, 0x73, 0x74, 0x6d, 0x5f, 0x63, 0x65, 0x6c, 0x6c, 0x5f,
  0x31, 0x31, 0x2f, 0x73, 0x70, 0x6c, 0x69, 0x74, 0x32, 0x3b, 0x66, 0x75,
  0x6e, 0x63, 0x74, 0x69, 0x6f, 0x6e, 0x61, 0x6c, 0x5f, 0x32, 0x37, 0x5f,
  0x31, 0x2f, 0x6c, 0x73, 0x74, 0x6d, 0x5f, 0x36, 0x5f, 0x31, 0x2f, 0x6c,
  0x73, 0x74, 0x6d, 0x5f, 0x63, 0x65, 0x6c, 0x6c, 0x5f, 0x31, 0x31, 0x2f,
  0x73, 0x70, 0x6c, 0x69, 0x74, 0x33, 0x31, 0x00, 0x02, 0x00, 0x00, 0x00,
  0x01, 0x00, 0x00, 0x00, 0x08, 0x00, 0x00, 0x00, 0x0e, 0xb0, 0xff, 0xff,
  0x00, 0x00, 0x00, 0x01, 0x18, 0x00, 0x00, 0x00, 0x20, 0x00, 0x00, 0x00,
  0x3c, 0x00, 0x00, 0x00, 0x75, 0x00, 0x00, 0x00, 0x00, 0x00, 0x00, 0x09,
  0xe8, 0x00, 0x00, 0x00, 0x02, 0x00, 0x00, 0x00, 0xff, 0xff, 0xff, 0xff,
  0x08, 0x00, 0x00, 0x00, 0xf4, 0xaf, 0xff, 0xff, 0x08, 0x00, 0x00, 0x00,
  0x10, 0x00, 0x00, 0x00, 0x01, 0x00, 0x00, 0x00, 0xdf, 0xff, 0xff, 0xff,
  0xff, 0xff, 0xff, 0xff, 0x01, 0x00, 0x00, 0x00, 0x0b, 0x51, 0x61, 0x3c,
  0xb2, 0x00, 0x00, 0x00, 0x66, 0x75, 0x6e, 0x63, 0x74, 0x69, 0x6f, 0x6e,
  0x61, 0x6c, 0x5f, 0x32, 0x37, 0x5f, 0x31, 0x2f, 0x6c, 0x73, 0x74, 0x6d,
  0x5f, 0x36, 0x5f, 0x31, 0x2f, 0x6c, 0x73, 0x74, 0x6d, 0x5f, 0x63, 0x65,
  0x6c, 0x6c, 0x5f, 0x31, 0x31, 0x2f, 0x73, 0x70, 0x6c, 0x69, 0x74, 0x3b,
  0x66, 0x75, 0x6e, 0x63, 0x74, 0x69, 0x6f, 0x6e, 0x61, 0x6c, 0x5f, 0x32,
  0x37, 0x5f, 0x31, 0x2f, 0x6c, 0x73, 0x74, 0x6d, 0x5f, 0x36, 0x5f, 0x31,
  0x2f, 0x6c, 0x73, 0x74, 0x6d, 0x5f, 0x63, 0x65, 0x6c, 0x6c, 0x5f, 0x31,
  0x31, 0x2f, 0x73, 0x70, 0x6c, 0x69, 0x74, 0x31, 0x3b, 0x66, 0x75, 0x6e,
  0x63, 0x74, 0x69, 0x6f, 0x6e, 0x61, 0x6c, 0x5f, 0x32, 0x37, 0x5f, 0x31,
  0x2f, 0x6c, 0x73, 0x74, 0x6d, 0x5f, 0x36, 0x5f, 0x31, 0x2f, 0x6c, 0x73,
  0x74, 0x6d, 0x5f, 0x63, 0x65, 0x6c, 0x6c, 0x5f, 0x31, 0x31, 0x2f, 0x73,
  0x70, 0x6c, 0x69, 0x74, 0x32, 0x3b, 0x66, 0x75, 0x6e, 0x63, 0x74, 0x69,
  0x6f, 0x6e, 0x61, 0x6c, 0x5f, 0x32, 0x37, 0x5f, 0x31, 0x2f, 0x6c, 0x73,
  0x74, 0x6d, 0x5f, 0x36, 0x5f, 0x31, 0x2f, 0x6c, 0x73, 0x74, 0x6d, 0x5f,
  0x63, 0x65, 0x6c, 0x6c, 0x5f, 0x31, 0x31, 0x2f, 0x73, 0x70, 0x6c, 0x69,
  0x74, 0x33, 0x00, 0x00, 0x02, 0x00, 0x00, 0x00, 0x01, 0x00, 0x00, 0x00,
  0x08, 0x00, 0x00, 0x00, 0x1e, 0xb1, 0xff, 0xff, 0x00, 0x00, 0x00, 0x01,
  0x18, 0x00, 0x00, 0x00, 0x20, 0x00, 0x00, 0x00, 0x3c, 0x00, 0x00, 0x00,
  0x74, 0x00, 0x00, 0x00, 0x00, 0x00, 0x00, 0x09, 0x60, 0x00, 0x00, 0x00,
  0x02, 0x00, 0x00, 0x00, 0xff, 0xff, 0xff, 0xff, 0x20, 0x00, 0x00, 0x00,
  0x04, 0xb1, 0xff, 0xff, 0x08, 0x00, 0x00, 0x00, 0x10, 0x00, 0x00, 0x00,
  0x01, 0x00, 0x00, 0x00, 0xdf, 0xff, 0xff, 0xff, 0xff, 0xff, 0xff, 0xff,
  0x01, 0x00, 0x00, 0x00, 0x0b, 0x51, 0x61, 0x3c, 0x2b, 0x00, 0x00, 0x00,
  0x66, 0x75, 0x6e, 0x63, 0x74, 0x69, 0x6f, 0x6e, 0x61, 0x6c, 0x5f, 0x32,
  0x37, 0x5f, 0x31, 0x2f, 0x6c, 0x73, 0x74, 0x6d, 0x5f, 0x36, 0x5f, 0x31,
  0x2f, 0x6c, 0x73, 0x74, 0x6d, 0x5f, 0x63, 0x65, 0x6c, 0x6c, 0x5f, 0x31,
  0x31, 0x2f, 0x61, 0x64, 0x64, 0x5f, 0x31, 0x00, 0x02, 0x00, 0x00, 0x00,
  0x01, 0x00, 0x00, 0x00, 0x20, 0x00, 0x00, 0x00, 0xa6, 0xb1, 0xff, 0xff,
  0x00, 0x00, 0x00, 0x01, 0x18, 0x00, 0x00, 0x00, 0x20, 0x00, 0x00, 0x00,
  0x3c, 0x00, 0x00, 0x00, 0x73, 0x00, 0x00, 0x00, 0x00, 0x00, 0x00, 0x09,
  0x60, 0x00, 0x00, 0x00, 0x02, 0x00, 0x00, 0x00, 0xff, 0xff, 0xff, 0xff,
  0x20, 0x00, 0x00, 0x00, 0x8c, 0xb1, 0xff, 0xff, 0x08, 0x00, 0x00, 0x00,
  0x10, 0x00, 0x00, 0x00, 0x01, 0x00, 0x00, 0x00, 0xe3, 0xff, 0xff, 0xff,
  0xff, 0xff, 0xff, 0xff, 0x01, 0x00, 0x00, 0x00, 0x3c, 0x97, 0x66, 0x3c,
  0x29, 0x00, 0x00, 0x00, 0x66, 0x75, 0x6e, 0x63, 0x74, 0x69, 0x6f, 0x6e,
  0x61, 0x6c, 0x5f, 0x32, 0x37, 0x5f, 0x31, 0x2f, 0x6c, 0x73, 0x74, 0x6d,
  0x5f, 0x36, 0x5f, 0x31, 0x2f, 0x6c, 0x73, 0x74, 0x6d, 0x5f, 0x63, 0x65,
  0x6c, 0x6c, 0x5f, 0x31, 0x31, 0x2f, 0x61, 0x64, 0x64, 0x00, 0x00, 0x00,
  0x02, 0x00, 0x00, 0x00, 0x01, 0x00, 0x00, 0x00, 0x20, 0x00, 0x00, 0x00,
  0x2e, 0xb2, 0xff, 0xff, 0x00, 0x00, 0x00, 0x01, 0x18, 0x00, 0x00, 0x00,
  0x20, 0x00, 0x00, 0x00, 0x40, 0x00, 0x00, 0x00, 0x72, 0x00, 0x00, 0x00,
  0x00, 0x00, 0x00, 0x09, 0x68, 0x00, 0x00, 0x00, 0x02, 0x00, 0x00, 0x00,
  0xff, 0xff, 0xff, 0xff, 0x20, 0x00, 0x00, 0x00, 0x14, 0xb2, 0xff, 0xff,
  0x08, 0x00, 0x00, 0x00, 0x14, 0x00, 0x00, 0x00, 0x01, 0x00, 0x00, 0x00,
  0x06, 0x00, 0x00, 0x00, 0x00, 0x00, 0x00, 0x00, 0x00, 0x00, 0x00, 0x00,
  0x01, 0x00, 0x00, 0x00, 0xe4, 0xae, 0x0f, 0x3b, 0x2e, 0x00, 0x00, 0x00,
  0x66, 0x75, 0x6e, 0x63, 0x74, 0x69, 0x6f, 0x6e, 0x61, 0x6c, 0x5f, 0x32,
  0x37, 0x5f, 0x31, 0x2f, 0x6c, 0x73, 0x74, 0x6d, 0x5f, 0x36, 0x5f, 0x31,
  0x2f, 0x6c, 0x73, 0x74, 0x6d, 0x5f, 0x63, 0x65, 0x6c, 0x6c, 0x5f, 0x31,
  0x31, 0x2f, 0x4d, 0x61, 0x74, 0x4d, 0x75, 0x6c, 0x5f, 0x31, 0x00, 0x00,
  0x02, 0x00, 0x00, 0x00, 0x01, 0x00, 0x00, 0x00, 0x20, 0x00, 0x00, 0x00,
  0xbe, 0xb2, 0xff, 0xff, 0x00, 0x00, 0x00, 0x01, 0x18, 0x00, 0x00, 0x00,
  0x20, 0x00, 0x00, 0x00, 0x3c, 0x00, 0x00, 0x00, 0x71, 0x00, 0x00, 0x00,
  0x00, 0x00, 0x00, 0x09, 0x60, 0x00, 0x00, 0x00, 0x02, 0x00, 0x00, 0x00,
  0xff, 0xff, 0xff, 0xff, 0x08, 0x00, 0x00, 0x00, 0xa4, 0xb2, 0xff, 0xff,
  0x08, 0x00, 0x00, 0x00, 0x10, 0x00, 0x00, 0x00, 0x01, 0x00, 0x00, 0x00,
  0x06, 0x00, 0x00, 0x00, 0x00, 0x00, 0x00, 0x00, 0x01, 0x00, 0x00, 0x00,
  0x96, 0xaf, 0x6f, 0x3b, 0x2a, 0x00, 0x00, 0x00, 0x66, 0x75, 0x6e, 0x63,
  0x74, 0x69, 0x6f, 0x6e, 0x61, 0x6c, 0x5f, 0x32, 0x37, 0x5f, 0x31, 0x2f,
  0x6c, 0x73, 0x74, 0x6d, 0x5f, 0x36, 0x5f, 0x31, 0x2f, 0x6c, 0x73, 0x74,
  0x6d, 0x5f, 0x63, 0x65, 0x6c, 0x6c, 0x5f, 0x39, 0x2f, 0x6d, 0x75, 0x6c,
  0x5f, 0x32, 0x00, 0x00, 0x02, 0x00, 0x00, 0x00, 0x01, 0x00, 0x00, 0x00,
  0x08, 0x00, 0x00, 0x00, 0x46, 0xb3, 0xff, 0xff, 0x00, 0x00, 0x00, 0x01,
  0x18, 0x00, 0x00, 0x00, 0x20, 0x00, 0x00, 0x00, 0x3c, 0x00, 0x00, 0x00,
  0x70, 0x00, 0x00, 0x00, 0x00, 0x00, 0x00, 0x09, 0x60, 0x00, 0x00, 0x00,
  0x02, 0x00, 0x00, 0x00, 0xff, 0xff, 0xff, 0xff, 0x08, 0x00, 0x00, 0x00,
  0x2c, 0xb3, 0xff, 0xff, 0x08, 0x00, 0x00, 0x00, 0x10, 0x00, 0x00, 0x00,
  0x01, 0x00, 0x00, 0x00, 0x00, 0x00, 0x00, 0x00, 0x00, 0x00, 0x00, 0x00,
  0x01, 0x00, 0x00, 0x00, 0x00, 0x00, 0x00, 0x3c, 0x2b, 0x00, 0x00, 0x00,
  0x66, 0x75, 0x6e, 0x63, 0x74, 0x69, 0x6f, 0x6e, 0x61, 0x6c, 0x5f, 0x32,
  0x37, 0x5f, 0x31, 0x2f, 0x6c, 0x73, 0x74, 0x6d, 0x5f, 0x36, 0x5f, 0x31,
  0x2f, 0x6c, 0x73, 0x74, 0x6d, 0x5f, 0x63, 0x65, 0x6c, 0x6c, 0x5f, 0x39,
  0x2f, 0x54, 0x61, 0x6e, 0x68, 0x5f, 0x31, 0x00, 0x02, 0x00, 0x00, 0x00,
  0x01, 0x00, 0x00, 0x00, 0x08, 0x00, 0x00, 0x00, 0xce, 0xb3, 0xff, 0xff,
  0x00, 0x00, 0x00, 0x01, 0x18, 0x00, 0x00, 0x00, 0x20, 0x00, 0x00, 0x00,
  0x3c, 0x00, 0x00, 0x00, 0x6f, 0x00, 0x00, 0x00, 0x00, 0x00, 0x00, 0x09,
  0x60, 0x00, 0x00, 0x00, 0x02, 0x00, 0x00, 0x00, 0xff, 0xff, 0xff, 0xff,
  0x08, 0x00, 0x00, 0x00, 0xb4, 0xb3, 0xff, 0xff, 0x08, 0x00, 0x00, 0x00,
  0x10, 0x00, 0x00, 0x00, 0x01, 0x00, 0x00, 0x00, 0x19, 0x00, 0x00, 0x00,
  0x00, 0x00, 0x00, 0x00, 0x01, 0x00, 0x00, 0x00, 0xc5, 0x07, 0x1c, 0x3c,
  0x2a, 0x00, 0x00, 0x00, 0x66, 0x75, 0x6e, 0x63, 0x74, 0x69, 0x6f, 0x6e,
  0x61, 0x6c, 0x5f, 0x32, 0x37, 0x5f, 0x31, 0x2f, 0x6c, 0x73, 0x74, 0x6d,
  0x5f, 0x36, 0x5f, 0x31, 0x2f, 0x6c, 0x73, 0x74, 0x6d, 0x5f, 0x63, 0x65,
  0x6c, 0x6c, 0x5f, 0x39, 0x2f, 0x61, 0x64, 0x64, 0x5f, 0x32, 0x00, 0x00,
  0x02, 0x00, 0x00, 0x00, 0x01, 0x00, 0x00, 0x00, 0x08, 0x00, 0x00, 0x00,
  0x56, 0xb4, 0xff, 0xff, 0x00, 0x00, 0x00, 0x01, 0x18, 0x00, 0x00, 0x00,
  0x20, 0x00, 0x00, 0x00, 0x3c, 0x00, 0x00, 0x00, 0x6e, 0x00, 0x00, 0x00,
  0x00, 0x00, 0x00, 0x09, 0x60, 0x00, 0x00, 0x00, 0x02, 0x00, 0x00, 0x00,
  0xff, 0xff, 0xff, 0xff, 0x08, 0x00, 0x00, 0x00, 0x3c, 0xb4, 0xff, 0xff,
  0x08, 0x00, 0x00, 0x00, 0x10, 0x00, 0x00, 0x00, 0x01, 0x00, 0x00, 0x00,
  0x0b, 0x00, 0x00, 0x00, 0x00, 0x00, 0x00, 0x00, 0x01, 0x00, 0x00, 0x00,
  0x61, 0xb9, 0x7e, 0x3b, 0x2a, 0x00, 0x00, 0x00, 0x66, 0x75, 0x6e, 0x63,
  0x74, 0x69, 0x6f, 0x6e, 0x61, 0x6c, 0x5f, 0x32, 0x37, 0x5f, 0x31, 0x2f,
  0x6c, 0x73, 0x74, 0x6d, 0x5f, 0x36, 0x5f, 0x31, 0x2f, 0x6c, 0x73, 0x74,
  0x6d, 0x5f, 0x63, 0x65, 0x6c, 0x6c, 0x5f, 0x39, 0x2f, 0x6d, 0x75, 0x6c,
  0x5f, 0x31, 0x00, 0x00, 0x02, 0x00, 0x00, 0x00, 0x01, 0x00, 0x00, 0x00,
  0x08, 0x00, 0x00, 0x00, 0xde, 0xb4, 0xff, 0xff, 0x00, 0x00, 0x00, 0x01,
  0x18, 0x00, 0x00, 0x00, 0x20, 0x00, 0x00, 0x00, 0x3c, 0x00, 0x00, 0x00,
  0x6d, 0x00, 0x00, 0x00, 0x00, 0x00, 0x00, 0x09, 0x60, 0x00, 0x00, 0x00,
  0x02, 0x00, 0x00, 0x00, 0xff, 0xff, 0xff, 0xff, 0x08, 0x00, 0x00, 0x00,
  0xc4, 0xb4, 0xff, 0xff, 0x08, 0x00, 0x00, 0x00, 0x10, 0x00, 0x00, 0x00,
  0x01, 0x00, 0x00, 0x00, 0x00, 0x00, 0x00, 0x00, 0x00, 0x00, 0x00, 0x00,
  0x01, 0x00, 0x00, 0x00, 0x00, 0x00, 0x00, 0x3c, 0x29, 0x00, 0x00, 0x00,
  0x66, 0x75, 0x6e, 0x63, 0x74, 0x69, 0x6f, 0x6e, 0x61, 0x6c, 0x5f, 0x32,
  0x37, 0x5f, 0x31, 0x2f, 0x6c, 0x73, 0x74, 0x6d, 0x5f, 0x36, 0x5f, 0x31,
  0x2f, 0x6c, 0x73, 0x74, 0x6d, 0x5f, 0x63, 0x65, 0x6c, 0x6c, 0x5f, 0x39,
  0x2f, 0x54, 0x61, 0x6e, 0x68, 0x00, 0x00, 0x00, 0x02, 0x00, 0x00, 0x00,
  0x01, 0x00, 0x00, 0x00, 0x08, 0x00, 0x00, 0x00, 0x66, 0xb5, 0xff, 0xff,
  0x00, 0x00, 0x00, 0x01, 0x18, 0x00, 0x00, 0x00, 0x20, 0x00, 0x00, 0x00,
  0x40, 0x00, 0x00, 0x00, 0x6c, 0x00, 0x00, 0x00, 0x00, 0x00, 0x00, 0x09,
  0x68, 0x00, 0x00, 0x00, 0x02, 0x00, 0x00, 0x00, 0xff, 0xff, 0xff, 0xff,
  0x08, 0x00, 0x00, 0x00, 0x4c, 0xb5, 0xff, 0xff, 0x08, 0x00, 0x00, 0x00,
  0x14, 0x00, 0x00, 0x00, 0x01, 0x00, 0x00, 0x00, 0x80, 0xff, 0xff, 0xff,
  0xff, 0xff, 0xff, 0xff, 0x00, 0x00, 0x00, 0x00, 0x01, 0x00, 0x00, 0x00,
  0x00, 0x00, 0x80, 0x3b, 0x2e, 0x00, 0x00, 0x00, 0x66, 0x75, 0x6e, 0x63,
  0x74, 0x69, 0x6f, 0x6e, 0x61, 0x6c, 0x5f, 0x32, 0x37, 0x5f, 0x31, 0x2f,
  0x6c, 0x73, 0x74, 0x6d, 0x5f, 0x36, 0x5f, 0x31, 0x2f, 0x6c, 0x73, 0x74,
  0x6d, 0x5f, 0x63, 0x65, 0x6c, 0x6c, 0x5f, 0x39, 0x2f, 0x53, 0x69, 0x67,
  0x6d, 0x6f, 0x69, 0x64, 0x5f, 0x32, 0x00, 0x00, 0x02, 0x00, 0x00, 0x00,
  0x01, 0x00, 0x00, 0x00, 0x08, 0x00, 0x00, 0x00, 0xf6, 0xb5, 0xff, 0xff,
  0x00, 0x00, 0x00, 0x01, 0x18, 0x00, 0x00, 0x00, 0x20, 0x00, 0x00, 0x00,
  0x3c, 0x00, 0x00, 0x00, 0x6b, 0x00, 0x00, 0x00, 0x00, 0x00, 0x00, 0x09,
  0x60, 0x00, 0x00, 0x00, 0x02, 0x00, 0x00, 0x00, 0xff, 0xff, 0xff, 0xff,
  0x08, 0x00, 0x00, 0x00, 0xdc, 0xb5, 0xff, 0xff, 0x08, 0x00, 0x00, 0x00,
  0x10, 0x00, 0x00, 0x00, 0x01, 0x00, 0x00, 0x00, 0x19, 0x00, 0x00, 0x00,
  0x00, 0x00, 0x00, 0x00, 0x01, 0x00, 0x00, 0x00, 0xc5, 0x07, 0x1c, 0x3c,
  0x28, 0x00, 0x00, 0x00, 0x66, 0x75, 0x6e, 0x63, 0x74, 0x69, 0x6f, 0x6e,
  0x61, 0x6c, 0x5f, 0x32, 0x37, 0x5f, 0x31, 0x2f, 0x6c, 0x73, 0x74, 0x6d,
  0x5f, 0x36, 0x5f, 0x31, 0x2f, 0x6c, 0x73, 0x74, 0x6d, 0x5f, 0x63, 0x65,
  0x6c, 0x6c, 0x5f, 0x39, 0x2f, 0x6d, 0x75, 0x6c, 0x00, 0x00, 0x00, 0x00,
  0x02, 0x00, 0x00, 0x00, 0x01, 0x00, 0x00, 0x00, 0x08, 0x00, 0x00, 0x00,
  0x7e, 0xb6, 0xff, 0xff, 0x00, 0x00, 0x00, 0x01, 0x18, 0x00, 0x00, 0x00,
  0x20, 0x00, 0x00, 0x00, 0x40, 0x00, 0x00, 0x00, 0x6a, 0x00, 0x00, 0x00,
  0x00, 0x00, 0x00, 0x09, 0x68, 0x00, 0x00, 0x00, 0x02, 0x00, 0x00, 0x00,
  0xff, 0xff, 0xff, 0xff, 0x08, 0x00, 0x00, 0x00, 0x64, 0xb6, 0xff, 0xff,
  0x08, 0x00, 0x00, 0x00, 0x14, 0x00, 0x00, 0x00, 0x01, 0x00, 0x00, 0x00,
  0x80, 0xff, 0xff, 0xff, 0xff, 0xff, 0xff, 0xff, 0x00, 0x00, 0x00, 0x00,
  0x01, 0x00, 0x00, 0x00, 0x00, 0x00, 0x80, 0x3b, 0x2e, 0x00, 0x00, 0x00,
  0x66, 0x75, 0x6e, 0x63, 0x74, 0x69, 0x6f, 0x6e, 0x61, 0x6c, 0x5f, 0x32,
  0x37, 0x5f, 0x31, 0x2f, 0x6c, 0x73, 0x74, 0x6d, 0x5f, 0x36, 0x5f, 0x31,
  0x2f, 0x6c, 0x73, 0x74, 0x6d, 0x5f, 0x63, 0x65, 0x6c, 0x6c, 0x5f, 0x39,
  0x2f, 0x53, 0x69, 0x67, 0x6d, 0x6f, 0x69, 0x64, 0x5f, 0x31, 0x00, 0x00,
  0x02, 0x00, 0x00, 0x00, 0x01, 0x00, 0x00, 0x00, 0x08, 0x00, 0x00, 0x00,
  0x0e, 0xb7, 0xff, 0xff, 0x00, 0x00, 0x00, 0x01, 0x18, 0x00, 0x00, 0x00,
  0x20, 0x00, 0x00, 0x00, 0x40, 0x00, 0x00, 0x00, 0x69, 0x00, 0x00, 0x00,
  0x00, 0x00, 0x00, 0x09, 0x68, 0x00, 0x00, 0x00, 0x02, 0x00, 0x00, 0x00,
  0xff, 0xff, 0xff, 0xff, 0x08, 0x00, 0x00, 0x00, 0xf4, 0xb6, 0xff, 0xff,
  0x08, 0x00, 0x00, 0x00, 0x14, 0x00, 0x00, 0x00, 0x01, 0x00, 0x00, 0x00,
  0x80, 0xff, 0xff, 0xff, 0xff, 0xff, 0xff, 0xff, 0x00, 0x00, 0x00, 0x00,
  0x01, 0x00, 0x00, 0x00, 0x00, 0x00, 0x80, 0x3b, 0x2c, 0x00, 0x00, 0x00,
  0x66, 0x75, 0x6e, 0x63, 0x74, 0x69, 0x6f, 0x6e, 0x61, 0x6c, 0x5f, 0x32,
  0x37, 0x5f, 0x31, 0x2f, 0x6c, 0x73, 0x74, 0x6d, 0x5f, 0x36, 0x5f, 0x31,
  0x2f, 0x6c, 0x73, 0x74, 0x6d, 0x5f, 0x63, 0x65, 0x6c, 0x6c, 0x5f, 0x39,
  0x2f, 0x53, 0x69, 0x67, 0x6d, 0x6f, 0x69, 0x64, 0x00, 0x00, 0x00, 0x00,
  0x02, 0x00, 0x00, 0x00, 0x01, 0x00, 0x00, 0x00, 0x08, 0x00, 0x00, 0x00,
  0x9e, 0xb7, 0xff, 0xff, 0x00, 0x00, 0x00, 0x01, 0x18, 0x00, 0x00, 0x00,
  0x20, 0x00, 0x00, 0x00, 0x40, 0x00, 0x00, 0x00, 0x68, 0x00, 0x00, 0x00,
  0x00, 0x00, 0x00, 0x09, 0xe8, 0x00, 0x00, 0x00, 0x02, 0x00, 0x00, 0x00,
  0xff, 0xff, 0xff, 0xff, 0x08, 0x00, 0x00, 0x00, 0x84, 0xb7, 0xff, 0xff,
  0x08, 0x00, 0x00, 0x00, 0x14, 0x00, 0x00, 0x00, 0x01, 0x00, 0x00, 0x00,
  0xe1, 0xff, 0xff, 0xff, 0xff, 0xff, 0xff, 0xff, 0x00, 0x00, 0x00, 0x00,
  0x01, 0x00, 0x00, 0x00, 0x51, 0x27, 0x80, 0x3c, 0xaf, 0x00, 0x00, 0x00,
  0x66, 0x75, 0x6e, 0x63, 0x74, 0x69, 0x6f, 0x6e, 0x61, 0x6c, 0x5f, 0x32,
  0x37, 0x5f, 0x31, 0x2f, 0x6c, 0x73, 0x74, 0x6d, 0x5f, 0x36, 0x5f, 0x31,
  0x2f, 0x6c, 0x73, 0x74, 0x6d, 0x5f, 0x63, 0x65, 0x6c, 0x6c, 0x5f, 0x39,
  0x2f, 0x73, 0x70, 0x6c, 0x69, 0x74, 0x3b, 0x66, 0x75, 0x6e, 0x63, 0x74,
  0x69, 0x6f, 0x6e, 0x61, 0x6c, 0x5f, 0x32, 0x37, 0x5f, 0x31, 0x2f, 0x6c,
  0x73, 0x74, 0x6d, 0x5f, 0x36, 0x5f, 0x31, 0x2f, 0x6c, 0x73, 0x74, 0x6d,
  0x5f, 0x63, 0x65, 0x6c, 0x6c, 0x5f, 0x39, 0x2f, 0x73, 0x70, 0x6c, 0x69,
  0x74, 0x31, 0x3b, 0x66, 0x75, 0x6e, 0x63, 0x74, 0x69, 0x6f, 0x6e, 0x61,
  0x6c, 0x5f, 0x32, 0x37, 0x5f, 0x31, 0x2f, 0x6c, 0x73, 0x74, 0x6d, 0x5f,
  0x36, 0x5f, 0x31, 0x2f, 0x6c, 0x73, 0x74, 0x6d, 0x5f, 0x63, 0x65, 0x6c,
  0x6c, 0x5f, 0x39, 0x2f, 0x73, 0x70, 0x6c, 0x69, 0x74, 0x32, 0x3b, 0x66,
  0x75, 0x6e, 0x63, 0x74, 0x69, 0x6f, 0x6e, 0x61, 0x6c, 0x5f, 0x32, 0x37,
  0x5f, 0x31, 0x2f, 0x6c, 0x73, 0x74, 0x6d, 0x5f, 0x36, 0x5f, 0x31, 0x2f,
  0x6c, 0x73, 0x74, 0x6d, 0x5f, 0x63, 0x65, 0x6c, 0x6c, 0x5f, 0x39, 0x2f,
  0x73, 0x70, 0x6c, 0x69, 0x74, 0x33, 0x33, 0x00, 0x02, 0x00, 0x00, 0x00,
  0x01, 0x00, 0x00, 0x00, 0x08, 0x00, 0x00, 0x00, 0xae, 0xb8, 0xff, 0xff,
  0x00, 0x00, 0x00, 0x01, 0x18, 0x00, 0x00, 0x00, 0x20, 0x00, 0x00, 0x00,
  0x40, 0x00, 0x00, 0x00, 0x67, 0x00, 0x00, 0x00, 0x00, 0x00, 0x00, 0x09,
  0xe8, 0x00, 0x00, 0x00, 0x02, 0x00, 0x00, 0x00, 0xff, 0xff, 0xff, 0xff,
  0x08, 0x00, 0x00, 0x00, 0x94, 0xb8, 0xff, 0xff, 0x08, 0x00, 0x00, 0x00,
  0x14, 0x00, 0x00, 0x00, 0x01, 0x00, 0x00, 0x00, 0xe1, 0xff, 0xff, 0xff,
  0xff, 0xff, 0xff, 0xff, 0x00, 0x00, 0x00, 0x00, 0x01, 0x00, 0x00, 0x00,
  0x51, 0x27, 0x80, 0x3c, 0xaf, 0x00, 0x00, 0x00, 0x66, 0x75, 0x6e, 0x63,
  0x74, 0x69, 0x6f, 0x6e, 0x61, 0x6c, 0x5f, 0x32, 0x37, 0x5f, 0x31, 0x2f,
  0x6c, 0x73, 0x74, 0x6d, 0x5f, 0x36, 0x5f, 0x31, 0x2f, 0x6c, 0x73, 0x74,
  0x6d, 0x5f, 0x63, 0x65, 0x6c, 0x6c, 0x5f, 0x39, 0x2f, 0x73, 0x70, 0x6c,
  0x69, 0x74, 0x3b, 0x66, 0x75, 0x6e, 0x63, 0x74, 0x69, 0x6f, 0x6e, 0x61,
  0x6c, 0x5f, 0x32, 0x37, 0x5f, 0x31, 0x2f, 0x6c, 0x73, 0x74, 0x6d, 0x5f,
  0x36, 0x5f, 0x31, 0x2f, 0x6c, 0x73, 0x74, 0x6d, 0x5f, 0x63, 0x65, 0x6c,
  0x6c, 0x5f, 0x39, 0x2f, 0x73, 0x70, 0x6c, 0x69, 0x74, 0x31, 0x3b, 0x66,
  0x75, 0x6e, 0x63, 0x74, 0x69, 0x6f, 0x6e, 0x61, 0x6c, 0x5f, 0x32, 0x37,
  0x5f, 0x31, 0x2f, 0x6c, 0x73, 0x74, 0x6d, 0x5f, 0x36, 0x5f, 0x31, 0x2f,
  0x6c, 0x73, 0x74, 0x6d, 0x5f, 0x63, 0x65, 0x6c, 0x6c, 0x5f, 0x39, 0x2f,
  0x73, 0x70, 0x6c, 0x69, 0x74, 0x32, 0x3b, 0x66, 0x75, 0x6e, 0x63, 0x74,
  0x69, 0x6f, 0x6e, 0x61, 0x6c, 0x5f, 0x32, 0x37, 0x5f, 0x31, 0x2f, 0x6c,
  0x73, 0x74, 0x6d, 0x5f, 0x36, 0x5f, 0x31, 0x2f, 0x6c, 0x73, 0x74, 0x6d,
  0x5f, 0x63, 0x65, 0x6c, 0x6c, 0x5f, 0x39, 0x2f, 0x73, 0x70, 0x6c, 0x69,
  0x74, 0x33, 0x32, 0x00, 0x02, 0x00, 0x00, 0x00, 0x01, 0x00, 0x00, 0x00,
  0x08, 0x00, 0x00, 0x00, 0xbe, 0xb9, 0xff, 0xff, 0x00, 0x00, 0x00, 0x01,
  0x18, 0x00, 0x00, 0x00, 0x20, 0x00, 0x00, 0x00, 0x40, 0x00, 0x00, 0x00,
  0x66, 0x00, 0x00, 0x00, 0x00, 0x00, 0x00, 0x09, 0xe8, 0x00, 0x00, 0x00,
  0x02, 0x00, 0x00, 0x00, 0xff, 0xff, 0xff, 0xff, 0x08, 0x00, 0x00, 0x00,
  0xa4, 0xb9, 0xff, 0xff, 0x08, 0x00, 0x00, 0x00, 0x14, 0x00, 0x00, 0x00,
  0x01, 0x00, 0x00, 0x00, 0xe1, 0xff, 0xff, 0xff, 0xff, 0xff, 0xff, 0xff,
  0x00, 0x00, 0x00, 0x00, 0x01, 0x00, 0x00, 0x00, 0x51, 0x27, 0x80, 0x3c,
  0xaf, 0x00, 0x00, 0x00, 0x66, 0x75, 0x6e, 0x63, 0x74, 0x69, 0x6f, 0x6e,
  0x61, 0x6c, 0x5f, 0x32, 0x37, 0x5f, 0x31, 0x2f, 0x6c, 0x73, 0x74, 0x6d,
  0x5f, 0x36, 0x5f, 0x31, 0x2f, 0x6c, 0x73, 0x74, 0x6d, 0x5f, 0x63, 0x65,
  0x6c, 0x6c, 0x5f, 0x39, 0x2f, 0x73, 0x70, 0x6c, 0x69, 0x74, 0x3b, 0x66,
  0x75, 0x6e, 0x63, 0x74, 0x69, 0x6f, 0x6e, 0x61, 0x6c, 0x5f, 0x32, 0x37,
  0x5f, 0x31, 0x2f, 0x6c, 0x73, 0x74, 0x6d, 0x5f, 0x36, 0x5f, 0x31, 0x2f,
  0x6c, 0x73, 0x74, 0x6d, 0x5f, 0x63, 0x65, 0x6c, 0x6c, 0x5f, 0x39, 0x2f,
  0x73, 0x70, 0x6c, 0x69, 0x74, 0x31, 0x3b, 0x66, 0x75, 0x6e, 0x63, 0x74,
  0x69, 0x6f, 0x6e, 0x61, 0x6c, 0x5f, 0x32, 0x37, 0x5f, 0x31, 0x2f, 0x6c,
  0x73, 0x74, 0x6d, 0x5f, 0x36, 0x5f, 0x31, 0x2f, 0x6c, 0x73, 0x74, 0x6d,
  0x5f, 0x63, 0x65, 0x6c, 0x6c, 0x5f, 0x39, 0x2f, 0x73, 0x70, 0x6c, 0x69,
  0x74, 0x32, 0x3b, 0x66, 0x75, 0x6e, 0x63, 0x74, 0x69, 0x6f, 0x6e, 0x61,
  0x6c, 0x5f, 0x32, 0x37, 0x5f, 0x31, 0x2f, 0x6c, 0x73, 0x74, 0x6d, 0x5f,
  0x36, 0x5f, 0x31, 0x2f, 0x6c, 0x73, 0x74, 0x6d, 0x5f, 0x63, 0x65, 0x6c,
  0x6c, 0x5f, 0x39, 0x2f, 0x73, 0x70, 0x6c, 0x69, 0x74, 0x33, 0x31, 0x00,
  0x02, 0x00, 0x00, 0x00, 0x01, 0x00, 0x00, 0x00, 0x08, 0x00, 0x00, 0x00,
  0xce, 0xba, 0xff, 0xff, 0x00, 0x00, 0x00, 0x01, 0x18, 0x00, 0x00, 0x00,
  0x20, 0x00, 0x00, 0x00, 0x40, 0x00, 0x00, 0x00, 0x65, 0x00, 0x00, 0x00,
  0x00, 0x00, 0x00, 0x09, 0xe8, 0x00, 0x00, 0x00, 0x02, 0x00, 0x00, 0x00,
  0xff, 0xff, 0xff, 0xff, 0x08, 0x00, 0x00, 0x00, 0xb4, 0xba, 0xff, 0xff,
  0x08, 0x00, 0x00, 0x00, 0x14, 0x00, 0x00, 0x00, 0x01, 0x00, 0x00, 0x00,
  0xe1, 0xff, 0xff, 0xff, 0xff, 0xff, 0xff, 0xff, 0x00, 0x00, 0x00, 0x00,
  0x01, 0x00, 0x00, 0x00, 0x51, 0x27, 0x80, 0x3c, 0xae, 0x00, 0x00, 0x00,
  0x66, 0x75, 0x6e, 0x63, 0x74, 0x69, 0x6f, 0x6e, 0x61, 0x6c, 0x5f, 0x32,
  0x37, 0x5f, 0x31, 0x2f, 0x6c, 0x73, 0x74, 0x6d, 0x5f, 0x36, 0x5f, 0x31,
  0x2f, 0x6c, 0x73, 0x74, 0x6d, 0x5f, 0x63, 0x65, 0x6c, 0x6c, 0x5f, 0x39,
  0x2f, 0x73, 0x70, 0x6c, 0x69, 0x74, 0x3b, 0x66, 0x75, 0x6e, 0x63, 0x74,
  0x69, 0x6f, 0x6e, 0x61, 0x6c, 0x5f, 0x32, 0x37, 0x5f, 0x31, 0x2f, 0x6c,
  0x73, 0x74, 0x6d, 0x5f, 0x36, 0x5f, 0x31, 0x2f, 0x6c, 0x73, 0x74, 0x6d,
  0x5f, 0x63, 0x65, 0x6c, 0x6c, 0x5f, 0x39, 0x2f, 0x73, 0x70, 0x6c, 0x69,
  0x74, 0x31, 0x3b, 0x66, 0x75, 0x6e, 0x63, 0x74, 0x69, 0x6f, 0x6e, 0x61,
  0x6c, 0x5f, 0x32, 0x37, 0x5f, 0x31, 0x2f, 0x6c, 0x73, 0x74, 0x6d, 0x5f,
  0x36, 0x5f, 0x31, 0x2f, 0x6c, 0x73, 0x74, 0x6d, 0x5f, 0x63, 0x65, 0x6c,
  0x6c, 0x5f, 0x39, 0x2f, 0x73, 0x70, 0x6c, 0x69, 0x74, 0x32, 0x3b, 0x66,
  0x75, 0x6e, 0x63, 0x74, 0x69, 0x6f, 0x6e, 0x61, 0x6c, 0x5f, 0x32, 0x37,
  0x5f, 0x31, 0x2f, 0x6c, 0x73, 0x74, 0x6d, 0x5f, 0x36, 0x5f, 0x31, 0x2f,
  0x6c, 0x73, 0x74, 0x6d, 0x5f, 0x63, 0x65, 0x6c, 0x6c, 0x5f, 0x39, 0x2f,
  0x73, 0x70, 0x6c, 0x69, 0x74, 0x33, 0x00, 0x00, 0x02, 0x00, 0x00, 0x00,
  0x01, 0x00, 0x00, 0x00, 0x08, 0x00, 0x00, 0x00, 0xde, 0xbb, 0xff, 0xff,
  0x00, 0x00, 0x00, 0x01, 0x18, 0x00, 0x00, 0x00, 0x20, 0x00, 0x00, 0x00,
  0x3c, 0x00, 0x00, 0x00, 0x64, 0x00, 0x00, 0x00, 0x00, 0x00, 0x00, 0x09,
  0x60, 0x00, 0x00, 0x00, 0x02, 0x00, 0x00, 0x00, 0xff, 0xff, 0xff, 0xff,
  0x20, 0x00, 0x00, 0x00, 0xc4, 0xbb, 0xff, 0xff, 0x08, 0x00, 0x00, 0x00,
  0x10, 0x00, 0x00, 0x00, 0x01, 0x00, 0x00, 0x00, 0xe1, 0xff, 0xff, 0xff,
  0xff, 0xff, 0xff, 0xff, 0x01, 0x00, 0x00, 0x00, 0x51, 0x27, 0x80, 0x3c,
  0x2a, 0x00, 0x00, 0x00, 0x66, 0x75, 0x6e, 0x63, 0x74, 0x69, 0x6f, 0x6e,
  0x61, 0x6c, 0x5f, 0x32, 0x37, 0x5f, 0x31, 0x2f, 0x6c, 0x73, 0x74, 0x6d,
  0x5f, 0x36, 0x5f, 0x31, 0x2f, 0x6c, 0x73, 0x74, 0x6d, 0x5f, 0x63, 0x65,
  0x6c, 0x6c, 0x5f, 0x39, 0x2f, 0x61, 0x64, 0x64, 0x5f, 0x31, 0x00, 0x00,
  0x02, 0x00, 0x00, 0x00, 0x01, 0x00, 0x00, 0x00, 0x20, 0x00, 0x00, 0x00,
  0x66, 0xbc, 0xff, 0xff, 0x00, 0x00, 0x00, 0x01, 0x18, 0x00, 0x00, 0x00,
  0x20, 0x00, 0x00, 0x00, 0x3c, 0x00, 0x00, 0x00, 0x63, 0x00, 0x00, 0x00,
  0x00, 0x00, 0x00, 0x09, 0x60, 0x00, 0x00, 0x00, 0x02, 0x00, 0x00, 0x00,
  0xff, 0xff, 0xff, 0xff, 0x20, 0x00, 0x00, 0x00, 0x4c, 0xbc, 0xff, 0xff,
  0x08, 0x00, 0x00, 0x00, 0x10, 0x00, 0x00, 0x00, 0x01, 0x00, 0x00, 0x00,
  0xe5, 0xff, 0xff, 0xff, 0xff, 0xff, 0xff, 0xff, 0x01, 0x00, 0x00, 0x00,
  0x19, 0x45, 0x83, 0x3c, 0x28, 0x00, 0x00, 0x00, 0x66, 0x75, 0x6e, 0x63,
  0x74, 0x69, 0x6f, 0x6e, 0x61, 0x6c, 0x5f, 0x32, 0x37, 0x5f, 0x31, 0x2f,
  0x6c, 0x73, 0x74, 0x6d, 0x5f, 0x36, 0x5f, 0x31, 0x2f, 0x6c, 0x73, 0x74,
  0x6d, 0x5f, 0x63, 0x65, 0x6c, 0x6c, 0x5f, 0x39, 0x2f, 0x61, 0x64, 0x64,
  0x00, 0x00, 0x00, 0x00, 0x02, 0x00, 0x00, 0x00, 0x01, 0x00, 0x00, 0x00,
  0x20, 0x00, 0x00, 0x00, 0xee, 0xbc, 0xff, 0xff, 0x00, 0x00, 0x00, 0x01,
  0x18, 0x00, 0x00, 0x00, 0x20, 0x00, 0x00, 0x00, 0x3c, 0x00, 0x00, 0x00,
  0x62, 0x00, 0x00, 0x00, 0x00, 0x00, 0x00, 0x09, 0x60, 0x00, 0x00, 0x00,
  0x02, 0x00, 0x00, 0x00, 0xff, 0xff, 0xff, 0xff, 0x20, 0x00, 0x00, 0x00,
  0xd4, 0xbc, 0xff, 0xff, 0x08, 0x00, 0x00, 0x00, 0x10, 0x00, 0x00, 0x00,
  0x01, 0x00, 0x00, 0x00, 0x06, 0x00, 0x00, 0x00, 0x00, 0x00, 0x00, 0x00,
  0x01, 0x00, 0x00, 0x00, 0xb7, 0x48, 0x46, 0x3c, 0x2b, 0x00, 0x00, 0x00,
  0x66, 0x75, 0x6e, 0x63, 0x74, 0x69, 0x6f, 0x6e, 0x61, 0x6c, 0x5f, 0x32,
  0x37, 0x5f, 0x31, 0x2f, 0x6c, 0x73, 0x74, 0x6d, 0x5f, 0x36, 0x5f, 0x31,
  0x2f, 0x6c, 0x73, 0x74, 0x6d, 0x5f, 0x63, 0x65, 0x6c, 0x6c, 0x5f, 0x39,
  0x2f, 0x4d, 0x61, 0x74, 0x4d, 0x75, 0x6c, 0x00, 0x02, 0x00, 0x00, 0x00,
  0x01, 0x00, 0x00, 0x00, 0x20, 0x00, 0x00, 0x00, 0x76, 0xbd, 0xff, 0xff,
  0x00, 0x00, 0x00, 0x01, 0x18, 0x00, 0x00, 0x00, 0x20, 0x00, 0x00, 0x00,
  0x40, 0x00, 0x00, 0x00, 0x61, 0x00, 0x00, 0x00, 0x00, 0x00, 0x00, 0x09,
  0x68, 0x00, 0x00, 0x00, 0x02, 0x00, 0x00, 0x00, 0xff, 0xff, 0xff, 0xff,
  0x20, 0x00, 0x00, 0x00, 0x5c, 0xbd, 0xff, 0xff, 0x08, 0x00, 0x00, 0x00,
  0x14, 0x00, 0x00, 0x00, 0x01, 0x00, 0x00, 0x00, 0xfe, 0xff, 0xff, 0xff,
  0xff, 0xff, 0xff, 0xff, 0x00, 0x00, 0x00, 0x00, 0x01, 0x00, 0x00, 0x00,
  0xf0, 0x3a, 0x0c, 0x3b, 0x2d, 0x00, 0x00, 0x00, 0x66, 0x75, 0x6e, 0x63,
  0x74, 0x69, 0x6f, 0x6e, 0x61, 0x6c, 0x5f, 0x32, 0x37, 0x5f, 0x31, 0x2f,
  0x6c, 0x73, 0x74, 0x6d, 0x5f, 0x36, 0x5f, 0x31, 0x2f, 0x6c, 0x73, 0x74,
  0x6d, 0x5f, 0x63, 0x65, 0x6c, 0x6c, 0x5f, 0x39, 0x2f, 0x4d, 0x61, 0x74,
  0x4d, 0x75, 0x6c, 0x5f, 0x31, 0x00, 0x00, 0x00, 0x02, 0x00, 0x00, 0x00,
  0x01, 0x00, 0x00, 0x00, 0x20, 0x00, 0x00, 0x00, 0x06, 0xbe, 0xff, 0xff,
  0x00, 0x00, 0x00, 0x01, 0x18, 0x00, 0x00, 0x00, 0x20, 0x00, 0x00, 0x00,
  0x3c, 0x00, 0x00, 0x00, 0x60, 0x00, 0x00, 0x00, 0x00, 0x00, 0x00, 0x09,
  0x60, 0x00, 0x00, 0x00, 0x02, 0x00, 0x00, 0x00, 0xff, 0xff, 0xff, 0xff,
  0x08, 0x00, 0x00, 0x00, 0xec, 0xbd, 0xff, 0xff, 0x08, 0x00, 0x00, 0x00,
  0x10, 0x00, 0x00, 0x00, 0x01, 0x00, 0x00, 0x00, 0x08, 0x00, 0x00, 0x00,
  0x00, 0x00, 0x00, 0x00, 0x01, 0x00, 0x00, 0x00, 0x54, 0x2c, 0x5f, 0x3b,
  0x2a, 0x00, 0x00, 0x00, 0x66, 0x75, 0x6e, 0x63, 0x74, 0x69, 0x6f, 0x6e,
  0x61, 0x6c, 0x5f, 0x32, 0x37, 0x5f, 0x31, 0x2f, 0x6c, 0x73, 0x74, 0x6d,
  0x5f, 0x36, 0x5f, 0x31, 0x2f, 0x6c, 0x73, 0x74, 0x6d, 0x5f, 0x63, 0x65,
  0x6c, 0x6c, 0x5f, 0x37, 0x2f, 0x6d, 0x75, 0x6c, 0x5f, 0x32, 0x00, 0x00,
  0x02, 0x00, 0x00, 0x00, 0x01, 0x00, 0x00, 0x00, 0x08, 0x00, 0x00, 0x00,
  0x8e, 0xbe, 0xff, 0xff, 0x00, 0x00, 0x00, 0x01, 0x18, 0x00, 0x00, 0x00,
  0x20, 0x00, 0x00, 0x00, 0x3c, 0x00, 0x00, 0x00, 0x5f, 0x00, 0x00, 0x00,
  0x00, 0x00, 0x00, 0x09, 0x60, 0x00, 0x00, 0x00, 0x02, 0x00, 0x00, 0x00,
  0xff, 0xff, 0xff, 0xff, 0x08, 0x00, 0x00, 0x00, 0x74, 0xbe, 0xff, 0xff,
  0x08, 0x00, 0x00, 0x00, 0x10, 0x00, 0x00, 0x00, 0x01, 0x00, 0x00, 0x00,
  0x00, 0x00, 0x00, 0x00, 0x00, 0x00, 0x00, 0x00, 0x01, 0x00, 0x00, 0x00,
  0x00, 0x00, 0x00, 0x3c, 0x2b, 0x00, 0x00, 0x00, 0x66, 0x75, 0x6e, 0x63,
  0x74, 0x69, 0x6f, 0x6e, 0x61, 0x6c, 0x5f, 0x32, 0x37, 0x5f, 0x31, 0x2f,
  0x6c, 0x73, 0x74, 0x6d, 0x5f, 0x36, 0x5f, 0x31, 0x2f, 0x6c, 0x73, 0x74,
  0x6d, 0x5f, 0x63, 0x65, 0x6c, 0x6c, 0x5f, 0x37, 0x2f, 0x54, 0x61, 0x6e,
  0x68, 0x5f, 0x31, 0x00, 0x02, 0x00, 0x00, 0x00, 0x01, 0x00, 0x00, 0x00,
  0x08, 0x00, 0x00, 0x00, 0x16, 0xbf, 0xff, 0xff, 0x00, 0x00, 0x00, 0x01,
  0x18, 0x00, 0x00, 0x00, 0x20, 0x00, 0x00, 0x00, 0x3c, 0x00, 0x00, 0x00,
  0x5e, 0x00, 0x00, 0x00, 0x00, 0x00, 0x00, 0x09, 0x60, 0x00, 0x00, 0x00,
  0x02, 0x00, 0x00, 0x00, 0xff, 0xff, 0xff, 0xff, 0x08, 0x00, 0x00, 0x00,
  0xfc, 0xbe, 0xff, 0xff, 0x08, 0x00, 0x00, 0x00, 0x10, 0x00, 0x00, 0x00,
  0x01, 0x00, 0x00, 0x00, 0x17, 0x00, 0x00, 0x00, 0x00, 0x00, 0x00, 0x00,
  0x01, 0x00, 0x00, 0x00, 0x36, 0xe0, 0x08, 0x3c, 0x2a, 0x00, 0x00, 0x00,
  0x66, 0x75, 0x6e, 0x63, 0x74, 0x69, 0x6f, 0x6e, 0x61, 0x6c, 0x5f, 0x32,
  0x37, 0x5f, 0x31, 0x2f, 0x6c, 0x73, 0x74, 0x6d, 0x5f, 0x36, 0x5f, 0x31,
  0x2f, 0x6c, 0x73, 0x74, 0x6d, 0x5f, 0x63, 0x65, 0x6c, 0x6c, 0x5f, 0x37,
  0x2f, 0x61, 0x64, 0x64, 0x5f, 0x32, 0x00, 0x00, 0x02, 0x00, 0x00, 0x00,
  0x01, 0x00, 0x00, 0x00, 0x08, 0x00, 0x00, 0x00, 0x9e, 0xbf, 0xff, 0xff,
  0x00, 0x00, 0x00, 0x01, 0x18, 0x00, 0x00, 0x00, 0x20, 0x00, 0x00, 0x00,
  0x3c, 0x00, 0x00, 0x00, 0x5d, 0x00, 0x00, 0x00, 0x00, 0x00, 0x00, 0x09,
  0x60, 0x00, 0x00, 0x00, 0x02, 0x00, 0x00, 0x00, 0xff, 0xff, 0xff, 0xff,
  0x08, 0x00, 0x00, 0x00, 0x84, 0xbf, 0xff, 0xff, 0x08, 0x00, 0x00, 0x00,
  0x10, 0x00, 0x00, 0x00, 0x01, 0x00, 0x00, 0x00, 0x08, 0x00, 0x00, 0x00,
  0x00, 0x00, 0x00, 0x00, 0x01, 0x00, 0x00, 0x00, 0x54, 0x3b, 0x6c, 0x3b,
  0x2a, 0x00, 0x00, 0x00, 0x66, 0x75, 0x6e, 0x63, 0x74, 0x69, 0x6f, 0x6e,
  0x61, 0x6c, 0x5f, 0x32, 0x37, 0x5f, 0x31, 0x2f, 0x6c, 0x73, 0x74, 0x6d,
  0x5f, 0x36, 0x5f, 0x31, 0x2f, 0x6c, 0x73, 0x74, 0x6d, 0x5f, 0x63, 0x65,
  0x6c, 0x6c, 0x5f, 0x37, 0x2f, 0x6d, 0x75, 0x6c, 0x5f, 0x31, 0x00, 0x00,
  0x02, 0x00, 0x00, 0x00, 0x01, 0x00, 0x00, 0x00, 0x08, 0x00, 0x00, 0x00,
  0x26, 0xc0, 0xff, 0xff, 0x00, 0x00, 0x00, 0x01, 0x18, 0x00, 0x00, 0x00,
  0x20, 0x00, 0x00, 0x00, 0x3c, 0x00, 0x00, 0x00, 0x5c, 0x00, 0x00, 0x00,
  0x00, 0x00, 0x00, 0x09, 0x60, 0x00, 0x00, 0x00, 0x02, 0x00, 0x00, 0x00,
  0xff, 0xff, 0xff, 0xff, 0x08, 0x00, 0x00, 0x00, 0x0c, 0xc0, 0xff, 0xff,
  0x08, 0x00, 0x00, 0x00, 0x10, 0x00, 0x00, 0x00, 0x01, 0x00, 0x00, 0x00,
  0x00, 0x00, 0x00, 0x00, 0x00, 0x00, 0x00, 0x00, 0x01, 0x00, 0x00, 0x00,
  0x00, 0x00, 0x00, 0x3c, 0x29, 0x00, 0x00, 0x00, 0x66, 0x75, 0x6e, 0x63,
  0x74, 0x69, 0x6f, 0x6e, 0x61, 0x6c, 0x5f, 0x32, 0x37, 0x5f, 0x31, 0x2f,
  0x6c, 0x73, 0x74, 0x6d, 0x5f, 0x36, 0x5f, 0x31, 0x2f, 0x6c, 0x73, 0x74,
  0x6d, 0x5f, 0x63, 0x65, 0x6c, 0x6c, 0x5f, 0x37, 0x2f, 0x54, 0x61, 0x6e,
  0x68, 0x00, 0x00, 0x00, 0x02, 0x00, 0x00, 0x00, 0x01, 0x00, 0x00, 0x00,
  0x08, 0x00, 0x00, 0x00, 0xae, 0xc0, 0xff, 0xff, 0x00, 0x00, 0x00, 0x01,
  0x18, 0x00, 0x00, 0x00, 0x20, 0x00, 0x00, 0x00, 0x40, 0x00, 0x00, 0x00,
  0x5b, 0x00, 0x00, 0x00, 0x00, 0x00, 0x00, 0x09, 0x68, 0x00, 0x00, 0x00,
  0x02, 0x00, 0x00, 0x00, 0xff, 0xff, 0xff, 0xff, 0x08, 0x00, 0x00, 0x00,
  0x94, 0xc0, 0xff, 0xff, 0x08, 0x00, 0x00, 0x00, 0x14, 0x00, 0x00, 0x00,
  0x01, 0x00, 0x00, 0x00, 0x80, 0xff, 0xff, 0xff, 0xff, 0xff, 0xff, 0xff,
  0x00, 0x00, 0x00, 0x00, 0x01, 0x00, 0x00, 0x00, 0x00, 0x00, 0x80, 0x3b,
  0x2e, 0x00, 0x00, 0x00, 0x66, 0x75, 0x6e, 0x63, 0x74, 0x69, 0x6f, 0x6e,
  0x61, 0x6c, 0x5f, 0x32, 0x37, 0x5f, 0x31, 0x2f, 0x6c, 0x73, 0x74, 0x6d,
  0x5f, 0x36, 0x5f, 0x31, 0x2f, 0x6c, 0x73, 0x74, 0x6d, 0x5f, 0x63, 0x65,
  0x6c, 0x6c, 0x5f, 0x37, 0x2f, 0x53, 0x69, 0x67, 0x6d, 0x6f, 0x69, 0x64,
  0x5f, 0x32, 0x00, 0x00, 0x02, 0x00, 0x00, 0x00, 0x01, 0x00, 0x00, 0x00,
  0x08, 0x00, 0x00, 0x00, 0x3e, 0xc1, 0xff, 0xff, 0x00, 0x00, 0x00, 0x01,
  0x18, 0x00, 0x00, 0x00, 0x20, 0x00, 0x00, 0x00, 0x3c, 0x00, 0x00, 0x00,
  0x5a, 0x00, 0x00, 0x00, 0x00, 0x00, 0x00, 0x09, 0x60, 0x00, 0x00, 0x00,
  0x02, 0x00, 0x00, 0x00, 0xff, 0xff, 0xff, 0xff, 0x08, 0x00, 0x00, 0x00,
  0x24, 0xc1, 0xff, 0xff, 0x08, 0x00, 0x00, 0x00, 0x10, 0x00, 0x00, 0x00,
  0x01, 0x00, 0x00, 0x00, 0x17, 0x00, 0x00, 0x00, 0x00, 0x00, 0x00, 0x00,
  0x01, 0x00, 0x00, 0x00, 0x36, 0xe0, 0x08, 0x3c, 0x28, 0x00, 0x00, 0x00,
  0x66, 0x75, 0x6e, 0x63, 0x74, 0x69, 0x6f, 0x6e, 0x61, 0x6c, 0x5f, 0x32,
  0x37, 0x5f, 0x31, 0x2f, 0x6c, 0x73, 0x74, 0x6d, 0x5f, 0x36, 0x5f, 0x31,
  0x2f, 0x6c, 0x73, 0x74, 0x6d, 0x5f, 0x63, 0x65, 0x6c, 0x6c, 0x5f, 0x37,
  0x2f, 0x6d, 0x75, 0x6c, 0x00, 0x00, 0x00, 0x00, 0x02, 0x00, 0x00, 0x00,
  0x01, 0x00, 0x00, 0x00, 0x08, 0x00, 0x00, 0x00, 0xc6, 0xc1, 0xff, 0xff,
  0x00, 0x00, 0x00, 0x01, 0x18, 0x00, 0x00, 0x00, 0x20, 0x00, 0x00, 0x00,
  0x40, 0x00, 0x00, 0x00, 0x59, 0x00, 0x00, 0x00, 0x00, 0x00, 0x00, 0x09,
  0x68, 0x00, 0x00, 0x00, 0x02, 0x00, 0x00, 0x00, 0xff, 0xff, 0xff, 0xff,
  0x08, 0x00, 0x00, 0x00, 0xac, 0xc1, 0xff, 0xff, 0x08, 0x00, 0x00, 0x00,
  0x14, 0x00, 0x00, 0x00, 0x01, 0x00, 0x00, 0x00, 0x80, 0xff, 0xff, 0xff,
  0xff, 0xff, 0xff, 0xff, 0x00, 0x00, 0x00, 0x00, 0x01, 0x00, 0x00, 0x00,
  0x00, 0x00, 0x80, 0x3b, 0x2e, 0x00, 0x00, 0x00, 0x66, 0x75, 0x6e, 0x63,
  0x74, 0x69, 0x6f, 0x6e, 0x61, 0x6c, 0x5f, 0x32, 0x37, 0x5f, 0x31, 0x2f,
  0x6c, 0x73, 0x74, 0x6d, 0x5f, 0x36, 0x5f, 0x31, 0x2f, 0x6c, 0x73, 0x74,
  0x6d, 0x5f, 0x63, 0x65, 0x6c, 0x6c, 0x5f, 0x37, 0x2f, 0x53, 0x69, 0x67,
  0x6d, 0x6f, 0x69, 0x64, 0x5f, 0x31, 0x00, 0x00, 0x02, 0x00, 0x00, 0x00,
  0x01, 0x00, 0x00, 0x00, 0x08, 0x00, 0x00, 0x00, 0x56, 0xc2, 0xff, 0xff,
  0x00, 0x00, 0x00, 0x01, 0x18, 0x00, 0x00, 0x00, 0x20, 0x00, 0x00, 0x00,
  0x40, 0x00, 0x00, 0x00, 0x58, 0x00, 0x00, 0x00, 0x00, 0x00, 0x00, 0x09,
  0x68, 0x00, 0x00, 0x00, 0x02, 0x00, 0x00, 0x00, 0xff, 0xff, 0xff, 0xff,
  0x08, 0x00, 0x00, 0x00, 0x3c, 0xc2, 0xff, 0xff, 0x08, 0x00, 0x00, 0x00,
  0x14, 0x00, 0x00, 0x00, 0x01, 0x00, 0x00, 0x00, 0x80, 0xff, 0xff, 0xff,
  0xff, 0xff, 0xff, 0xff, 0x00, 0x00, 0x00, 0x00, 0x01, 0x00, 0x00, 0x00,
  0x00, 0x00, 0x80, 0x3b, 0x2c, 0x00, 0x00, 0x00, 0x66, 0x75, 0x6e, 0x63,
  0x74, 0x69, 0x6f, 0x6e, 0x61, 0x6c, 0x5f, 0x32, 0x37, 0x5f, 0x31, 0x2f,
  0x6c, 0x73, 0x74, 0x6d, 0x5f, 0x36, 0x5f, 0x31, 0x2f, 0x6c, 0x73, 0x74,
  0x6d, 0x5f, 0x63, 0x65, 0x6c, 0x6c, 0x5f, 0x37, 0x2f, 0x53, 0x69, 0x67,
  0x6d, 0x6f, 0x69, 0x64, 0x00, 0x00, 0x00, 0x00, 0x02, 0x00, 0x00, 0x00,
  0x01, 0x00, 0x00, 0x00, 0x08, 0x00, 0x00, 0x00, 0xe6, 0xc2, 0xff, 0xff,
  0x00, 0x00, 0x00, 0x01, 0x18, 0x00, 0x00, 0x00, 0x20, 0x00, 0x00, 0x00,
  0x40, 0x00, 0x00, 0x00, 0x57, 0x00, 0x00, 0x00, 0x00, 0x00, 0x00, 0x09,
  0xe8, 0x00, 0x00, 0x00, 0x02, 0x00, 0x00, 0x00, 0xff, 0xff, 0xff, 0xff,
  0x08, 0x00, 0x00, 0x00, 0xcc, 0xc2, 0xff, 0xff, 0x08, 0x00, 0x00, 0x00,
  0x14, 0x00, 0x00, 0x00, 0x01, 0x00, 0x00, 0x00, 0xe3, 0xff, 0xff, 0xff,
  0xff, 0xff, 0xff, 0xff, 0x00, 0x00, 0x00, 0x00, 0x01, 0x00, 0x00, 0x00,
  0x90, 0x9f, 0x78, 0x3c, 0xaf, 0x00, 0x00, 0x00, 0x66, 0x75, 0x6e, 0x63,
  0x74, 0x69, 0x6f, 0x6e, 0x61, 0x6c, 0x5f, 0x32, 0x37, 0x5f, 0x31, 0x2f,
  0x6c, 0x73, 0x74, 0x6d, 0x5f, 0x36, 0x5f, 0x31, 0x2f, 0x6c, 0x73, 0x74,
  0x6d, 0x5f, 0x63, 0x65, 0x6c, 0x6c, 0x5f, 0x37, 0x2f, 0x73, 0x70, 0x6c,
  0x69, 0x74, 0x3b, 0x66, 0x75, 0x6e, 0x63, 0x74, 0x69, 0x6f, 0x6e, 0x61,
  0x6c, 0x5f, 0x32, 0x37, 0x5f, 0x31, 0x2f, 0x6c, 0x73, 0x74, 0x6d, 0x5f,
  0x36, 0x5f, 0x31, 0x2f, 0x6c, 0x73, 0x74, 0x6d, 0x5f, 0x63, 0x65, 0x6c,
  0x6c, 0x5f, 0x37, 0x2f, 0x73, 0x70, 0x6c, 0x69, 0x74, 0x31, 0x3b, 0x66,
  0x75, 0x6e, 0x63, 0x74, 0x69, 0x6f, 0x6e, 0x61, 0x6c, 0x5f, 0x32, 0x37,
  0x5f, 0x31, 0x2f, 0x6c, 0x73, 0x74, 0x6d, 0x5f, 0x36, 0x5f, 0x31, 0x2f,
  0x6c, 0x73, 0x74, 0x6d, 0x5f, 0x63, 0x65, 0x6c, 0x6c, 0x5f, 0x37, 0x2f,
  0x73, 0x70, 0x6c, 0x69, 0x74, 0x32, 0x3b, 0x66, 0x75, 0x6e, 0x63, 0x74,
  0x69, 0x6f, 0x6e, 0x61, 0x6c, 0x5f, 0x32, 0x37, 0x5f, 0x31, 0x2f, 0x6c,
  0x73, 0x74, 0x6d, 0x5f, 0x36, 0x5f, 0x31, 0x2f, 0x6c, 0x73, 0x74, 0x6d,
  0x5f, 0x63, 0x65, 0x6c, 0x6c, 0x5f, 0x37, 0x2f, 0x73, 0x70, 0x6c, 0x69,
  0x74, 0x33, 0x33, 0x00, 0x02, 0x00, 0x00, 0x00, 0x01, 0x00, 0x00, 0x00,
  0x08, 0x00, 0x00, 0x00, 0xf6, 0xc3, 0xff, 0xff, 0x00, 0x00, 0x00, 0x01,
  0x18, 0x00, 0x00, 0x00, 0x20, 0x00, 0x00, 0x00, 0x40, 0x00, 0x00, 0x00,
  0x56, 0x00, 0x00, 0x00, 0x00, 0x00, 0x00, 0x09, 0xe8, 0x00, 0x00, 0x00,
  0x02, 0x00, 0x00, 0x00, 0xff, 0xff, 0xff, 0xff, 0x08, 0x00, 0x00, 0x00,
  0xdc, 0xc3, 0xff, 0xff, 0x08, 0x00, 0x00, 0x00, 0x14, 0x00, 0x00, 0x00,
  0x01, 0x00, 0x00, 0x00, 0xe3, 0xff, 0xff, 0xff, 0xff, 0xff, 0xff, 0xff,
  0x00, 0x00, 0x00, 0x00, 0x01, 0x00, 0x00, 0x00, 0x90, 0x9f, 0x78, 0x3c,
  0xaf, 0x00, 0x00, 0x00, 0x66, 0x75, 0x6e, 0x63, 0x74, 0x69, 0x6f, 0x6e,
  0x61, 0x6c, 0x5f, 0x32, 0x37, 0x5f, 0x31, 0x2f, 0x6c, 0x73, 0x74, 0x6d,
  0x5f, 0x36, 0x5f, 0x31, 0x2f, 0x6c, 0x73, 0x74, 0x6d, 0x5f, 0x63, 0x65,
  0x6c, 0x6c, 0x5f, 0x37, 0x2f, 0x73, 0x70, 0x6c, 0x69, 0x74, 0x3b, 0x66,
  0x75, 0x6e, 0x63, 0x74, 0x69, 0x6f, 0x6e, 0x61, 0x6c, 0x5f, 0x32, 0x37,
  0x5f, 0x31, 0x2f, 0x6c, 0x73, 0x74, 0x6d, 0x5f, 0x36, 0x5f, 0x31, 0x2f,
  0x6c, 0x73, 0x74, 0x6d, 0x5f, 0x63, 0x65, 0x6c, 0x6c, 0x5f, 0x37, 0x2f,
  0x73, 0x70, 0x6c, 0x69, 0x74, 0x31, 0x3b, 0x66, 0x75, 0x6e, 0x63, 0x74,
  0x69, 0x6f, 0x6e, 0x61, 0x6c, 0x5f, 0x32, 0x37, 0x5f, 0x31, 0x2f, 0x6c,
  0x73, 0x74, 0x6d, 0x5f, 0x36, 0x5f, 0x31, 0x2f, 0x6c, 0x73, 0x74, 0x6d,
  0x5f, 0x63, 0x65, 0x6c, 0x6c, 0x5f, 0x37, 0x2f, 0x73, 0x70, 0x6c, 0x69,
  0x74, 0x32, 0x3b, 0x66, 0x75, 0x6e, 0x63, 0x74, 0x69, 0x6f, 0x6e, 0x61,
  0x6c, 0x5f, 0x32, 0x37, 0x5f, 0x31, 0x2f, 0x6c, 0x73, 0x74, 0x6d, 0x5f,
  0x36, 0x5f, 0x31, 0x2f, 0x6c, 0x73, 0x74, 0x6d, 0x5f, 0x63, 0x65, 0x6c,
  0x6c, 0x5f, 0x37, 0x2f, 0x73, 0x70, 0x6c, 0x69, 0x74, 0x33, 0x32, 0x00,
  0x02, 0x00, 0x00, 0x00, 0x01, 0x00, 0x00, 0x00, 0x08, 0x00, 0x00, 0x00,
  0x06, 0xc5, 0xff, 0xff, 0x00, 0x00, 0x00, 0x01, 0x18, 0x00, 0x00, 0x00,
  0x20, 0x00, 0x00, 0x00, 0x40, 0x00, 0x00, 0x00, 0x55, 0x00, 0x00, 0x00,
  0x00, 0x00, 0x00, 0x09, 0xe8, 0x00, 0x00, 0x00, 0x02, 0x00, 0x00, 0x00,
  0xff, 0xff, 0xff, 0xff, 0x08, 0x00, 0x00, 0x00, 0xec, 0xc4, 0xff, 0xff,
  0x08, 0x00, 0x00, 0x00, 0x14, 0x00, 0x00, 0x00, 0x01, 0x00, 0x00, 0x00,
  0xe3, 0xff, 0xff, 0xff, 0xff, 0xff, 0xff, 0xff, 0x00, 0x00, 0x00, 0x00,
  0x01, 0x00, 0x00, 0x00, 0x90, 0x9f, 0x78, 0x3c, 0xaf, 0x00, 0x00, 0x00,
  0x66, 0x75, 0x6e, 0x63, 0x74, 0x69, 0x6f, 0x6e, 0x61, 0x6c, 0x5f, 0x32,
  0x37, 0x5f, 0x31, 0x2f, 0x6c, 0x73, 0x74, 0x6d, 0x5f, 0x36, 0x5f, 0x31,
  0x2f, 0x6c, 0x73, 0x74, 0x6d, 0x5f, 0x63, 0x65, 0x6c, 0x6c, 0x5f, 0x37,
  0x2f, 0x73, 0x70, 0x6c, 0x69, 0x74, 0x3b, 0x66, 0x75, 0x6e, 0x63, 0x74,
  0x69, 0x6f, 0x6e, 0x61, 0x6c, 0x5f, 0x32, 0x37, 0x5f, 0x31, 0x2f, 0x6c,
  0x73, 0x74, 0x6d, 0x5f, 0x36, 0x5f, 0x31, 0x2f, 0x6c, 0x73, 0x74, 0x6d,
  0x5f, 0x63, 0x65, 0x6c, 0x6c, 0x5f, 0x37, 0x2f, 0x73, 0x70, 0x6c, 0x69,
  0x74, 0x31, 0x3b, 0x66, 0x75, 0x6e, 0x63, 0x74, 0x69, 0x6f, 0x6e, 0x61,
  0x6c, 0x5f, 0x32, 0x37, 0x5f, 0x31, 0x2f, 0x6c, 0x73, 0x74, 0x6d, 0x5f,
  0x36, 0x5f, 0x31, 0x2f, 0x6c, 0x73, 0x74, 0x6d, 0x5f, 0x63, 0x65, 0x6c,
  0x6c, 0x5f, 0x37, 0x2f, 0x73, 0x70, 0x6c, 0x69, 0x74, 0x32, 0x3b, 0x66,
  0x75, 0x6e, 0x63, 0x74, 0x69, 0x6f, 0x6e, 0x61, 0x6c, 0x5f, 0x32, 0x37,
  0x5f, 0x31, 0x2f, 0x6c, 0x73, 0x74, 0x6d, 0x5f, 0x36, 0x5f, 0x31, 0x2f,
  0x6c, 0x73, 0x74, 0x6d, 0x5f, 0x63, 0x65, 0x6c, 0x6c, 0x5f, 0x37, 0x2f,
  0x73, 0x70, 0x6c, 0x69, 0x74, 0x33, 0x31, 0x00, 0x02, 0x00, 0x00, 0x00,
  0x01, 0x00, 0x00, 0x00, 0x08, 0x00, 0x00, 0x00, 0x16, 0xc6, 0xff, 0xff,
  0x00, 0x00, 0x00, 0x01, 0x18, 0x00, 0x00, 0x00, 0x20, 0x00, 0x00, 0x00,
  0x40, 0x00, 0x00, 0x00, 0x54, 0x00, 0x00, 0x00, 0x00, 0x00, 0x00, 0x09,
  0xe8, 0x00, 0x00, 0x00, 0x02, 0x00, 0x00, 0x00, 0xff, 0xff, 0xff, 0xff,
  0x08, 0x00, 0x00, 0x00, 0xfc, 0xc5, 0xff, 0xff, 0x08, 0x00, 0x00, 0x00,
  0x14, 0x00, 0x00, 0x00, 0x01, 0x00, 0x00, 0x00, 0xe3, 0xff, 0xff, 0xff,
  0xff, 0xff, 0xff, 0xff, 0x00, 0x00, 0x00, 0x00, 0x01, 0x00, 0x00, 0x00,
  0x90, 0x9f, 0x78, 0x3c, 0xae, 0x00, 0x00, 0x00, 0x66, 0x75, 0x6e, 0x63,
  0x74, 0x69, 0x6f, 0x6e, 0x61, 0x6c, 0x5f, 0x32, 0x37, 0x5f, 0x31, 0x2f,
  0x6c, 0x73, 0x74, 0x6d, 0x5f, 0x36, 0x5f, 0x31, 0x2f, 0x6c, 0x73, 0x74,
  0x6d, 0x5f, 0x63, 0x65, 0x6c, 0x6c, 0x5f, 0x37, 0x2f, 0x73, 0x70, 0x6c,
  0x69, 0x74, 0x3b, 0x66, 0x75, 0x6e, 0x63, 0x74, 0x69, 0x6f, 0x6e, 0x61,
  0x6c, 0x5f, 0x32, 0x37, 0x5f, 0x31, 0x2f, 0x6c, 0x73, 0x74, 0x6d, 0x5f,
  0x36, 0x5f, 0x31, 0x2f, 0x6c, 0x73, 0x74, 0x6d, 0x5f, 0x63, 0x65, 0x6c,
  0x6c, 0x5f, 0x37, 0x2f, 0x73, 0x70, 0x6c, 0x69, 0x74, 0x31, 0x3b, 0x66,
  0x75, 0x6e, 0x63, 0x74, 0x69, 0x6f, 0x6e, 0x61, 0x6c, 0x5f, 0x32, 0x37,
  0x5f, 0x31, 0x2f, 0x6c, 0x73, 0x74, 0x6d, 0x5f, 0x36, 0x5f, 0x31, 0x2f,
  0x6c, 0x73, 0x74, 0x6d, 0x5f, 0x63, 0x65, 0x6c, 0x6c, 0x5f, 0x37, 0x2f,
  0x73, 0x70, 0x6c, 0x69, 0x74, 0x32, 0x3b, 0x66, 0x75, 0x6e, 0x63, 0x74,
  0x69, 0x6f, 0x6e, 0x61, 0x6c, 0x5f, 0x32, 0x37, 0x5f, 0x31, 0x2f, 0x6c,
  0x73, 0x74, 0x6d, 0x5f, 0x36, 0x5f, 0x31, 0x2f, 0x6c, 0x73, 0x74, 0x6d,
  0x5f, 0x63, 0x65, 0x6c, 0x6c, 0x5f, 0x37, 0x2f, 0x73, 0x70, 0x6c, 0x69,
  0x74, 0x33, 0x00, 0x00, 0x02, 0x00, 0x00, 0x00, 0x01, 0x00, 0x00, 0x00,
  0x08, 0x00, 0x00, 0x00, 0x26, 0xc7, 0xff, 0xff, 0x00, 0x00, 0x00, 0x01,
  0x18, 0x00, 0x00, 0x00, 0x20, 0x00, 0x00, 0x00, 0x3c, 0x00, 0x00, 0x00,
  0x53, 0x00, 0x00, 0x00, 0x00, 0x00, 0x00, 0x09, 0x60, 0x00, 0x00, 0x00,
  0x02, 0x00, 0x00, 0x00, 0xff, 0xff, 0xff, 0xff, 0x20, 0x00, 0x00, 0x00,
  0x0c, 0xc7, 0xff, 0xff, 0x08, 0x00, 0x00, 0x00, 0x10, 0x00, 0x00, 0x00,
  0x01, 0x00, 0x00, 0x00, 0xe3, 0xff, 0xff, 0xff, 0xff, 0xff, 0xff, 0xff,
  0x01, 0x00, 0x00, 0x00, 0x90, 0x9f, 0x78, 0x3c, 0x2a, 0x00, 0x00, 0x00,
  0x66, 0x75, 0x6e, 0x63, 0x74, 0x69, 0x6f, 0x6e, 0x61, 0x6c, 0x5f, 0x32,
  0x37, 0x5f, 0x31, 0x2f, 0x6c, 0x73, 0x74, 0x6d, 0x5f, 0x36, 0x5f, 0x31,
  0x2f, 0x6c, 0x73, 0x74, 0x6d, 0x5f, 0x63, 0x65, 0x6c, 0x6c, 0x5f, 0x37,
  0x2f, 0x61, 0x64, 0x64, 0x5f, 0x31, 0x00, 0x00, 0x02, 0x00, 0x00, 0x00,
  0x01, 0x00, 0x00, 0x00, 0x20, 0x00, 0x00, 0x00, 0xae, 0xc7, 0xff, 0xff,
  0x00, 0x00, 0x00, 0x01, 0x18, 0x00, 0x00, 0x00, 0x20, 0x00, 0x00, 0x00,
  0x3c, 0x00, 0x00, 0x00, 0x52, 0x00, 0x00, 0x00, 0x00, 0x00, 0x00, 0x09,
  0x60, 0x00, 0x00, 0x00, 0x02, 0x00, 0x00, 0x00, 0xff, 0xff, 0xff, 0xff,
  0x20, 0x00, 0x00, 0x00, 0x94, 0xc7, 0xff, 0xff, 0x08, 0x00, 0x00, 0x00,
  0x10, 0x00, 0x00, 0x00, 0x01, 0x00, 0x00, 0x00, 0xe3, 0xff, 0xff, 0xff,
  0xff, 0xff, 0xff, 0xff, 0x01, 0x00, 0x00, 0x00, 0x90, 0x9f, 0x78, 0x3c,
  0x28, 0x00, 0x00, 0x00, 0x66, 0x75, 0x6e, 0x63, 0x74, 0x69, 0x6f, 0x6e,
  0x61, 0x6c, 0x5f, 0x32, 0x37, 0x5f, 0x31, 0x2f, 0x6c, 0x73, 0x74, 0x6d,
  0x5f, 0x36, 0x5f, 0x31, 0x2f, 0x6c, 0x73, 0x74, 0x6d, 0x5f, 0x63, 0x65,
  0x6c, 0x6c, 0x5f, 0x37, 0x2f, 0x61, 0x64, 0x64, 0x00, 0x00, 0x00, 0x00,
  0x02, 0x00, 0x00, 0x00, 0x01, 0x00, 0x00, 0x00, 0x20, 0x00, 0x00, 0x00,
  0x36, 0xc8, 0xff, 0xff, 0x00, 0x00, 0x00, 0x01, 0x18, 0x00, 0x00, 0x00,
  0x20, 0x00, 0x00, 0x00, 0x3c, 0x00, 0x00, 0x00, 0x51, 0x00, 0x00, 0x00,
  0x00, 0x00, 0x00, 0x09, 0x60, 0x00, 0x00, 0x00, 0x02, 0x00, 0x00, 0x00,
  0xff, 0xff, 0xff, 0xff, 0x20, 0x00, 0x00, 0x00, 0x1c, 0xc8, 0xff, 0xff,
  0x08, 0x00, 0x00, 0x00, 0x10, 0x00, 0x00, 0x00, 0x01, 0x00, 0x00, 0x00,
  0x06, 0x00, 0x00, 0x00, 0x00, 0x00, 0x00, 0x00, 0x01, 0x00, 0x00, 0x00,
  0xb9, 0x5d, 0x38, 0x3c, 0x2b, 0x00, 0x00, 0x00, 0x66, 0x75, 0x6e, 0x63,
  0x74, 0x69, 0x6f, 0x6e, 0x61, 0x6c, 0x5f, 0x32, 0x37, 0x5f, 0x31, 0x2f,
  0x6c, 0x73, 0x74, 0x6d, 0x5f, 0x36, 0x5f, 0x31, 0x2f, 0x6c, 0x73, 0x74,
  0x6d, 0x5f, 0x63, 0x65, 0x6c, 0x6c, 0x5f, 0x37, 0x2f, 0x4d, 0x61, 0x74,
  0x4d, 0x75, 0x6c, 0x00, 0x02, 0x00, 0x00, 0x00, 0x01, 0x00, 0x00, 0x00,
  0x20, 0x00, 0x00, 0x00, 0xbe, 0xc8, 0xff, 0xff, 0x00, 0x00, 0x00, 0x01,
  0x18, 0x00, 0x00, 0x00, 0x20, 0x00, 0x00, 0x00, 0x40, 0x00, 0x00, 0x00,
  0x50, 0x00, 0x00, 0x00, 0x00, 0x00, 0x00, 0x09, 0x68, 0x00, 0x00, 0x00,
  0x02, 0x00, 0x00, 0x00, 0xff, 0xff, 0xff, 0xff, 0x20, 0x00, 0x00, 0x00,
  0xa4, 0xc8, 0xff, 0xff, 0x08, 0x00, 0x00, 0x00, 0x14, 0x00, 0x00, 0x00,
  0x01, 0x00, 0x00, 0x00, 0x04, 0x00, 0x00, 0x00, 0x00, 0x00, 0x00, 0x00,
  0x00, 0x00, 0x00, 0x00, 0x01, 0x00, 0x00, 0x00, 0xdd, 0x18, 0xef, 0x3a,
  0x2d, 0x00, 0x00, 0x00, 0x66, 0x75, 0x6e, 0x63, 0x74, 0x69, 0x6f, 0x6e,
  0x61, 0x6c, 0x5f, 0x32, 0x37, 0x5f, 0x31, 0x2f, 0x6c, 0x73, 0x74, 0x6d,
  0x5f, 0x36, 0x5f, 0x31, 0x2f, 0x6c, 0x73, 0x74, 0x6d, 0x5f, 0x63, 0x65,
  0x6c, 0x6c, 0x5f, 0x37, 0x2f, 0x4d, 0x61, 0x74, 0x4d, 0x75, 0x6c, 0x5f,
  0x31, 0x00, 0x00, 0x00, 0x02, 0x00, 0x00, 0x00, 0x01, 0x00, 0x00, 0x00,
  0x20, 0x00, 0x00, 0x00, 0x4e, 0xc9, 0xff, 0xff, 0x00, 0x00, 0x00, 0x01,
  0x18, 0x00, 0x00, 0x00, 0x20, 0x00, 0x00, 0x00, 0x3c, 0x00, 0x00, 0x00,
  0x4f, 0x00, 0x00, 0x00, 0x00, 0x00, 0x00, 0x09, 0x60, 0x00, 0x00, 0x00,
  0x02, 0x00, 0x00, 0x00, 0xff, 0xff, 0xff, 0xff, 0x08, 0x00, 0x00, 0x00,
  0x34, 0xc9, 0xff, 0xff, 0x08, 0x00, 0x00, 0x00, 0x10, 0x00, 0x00, 0x00,
  0x01, 0x00, 0x00, 0x00, 0x05, 0x00, 0x00, 0x00, 0x00, 0x00, 0x00, 0x00,
  0x01, 0x00, 0x00, 0x00, 0x6e, 0x8c, 0x46, 0x3b, 0x2a, 0x00, 0x00, 0x00,
  0x66, 0x75, 0x6e, 0x63, 0x74, 0x69, 0x6f, 0x6e, 0x61, 0x6c, 0x5f, 0x32,
  0x37, 0x5f, 0x31, 0x2f, 0x6c, 0x73, 0x74, 0x6d, 0x5f, 0x36, 0x5f, 0x31,
  0x2f, 0x6c, 0x73, 0x74, 0x6d, 0x5f, 0x63, 0x65, 0x6c, 0x6c, 0x5f, 0x35,
  0x2f, 0x6d, 0x75, 0x6c, 0x5f, 0x32, 0x00, 0x00, 0x02, 0x00, 0x00, 0x00,
  0x01, 0x00, 0x00, 0x00, 0x08, 0x00, 0x00, 0x00, 0xd6, 0xc9, 0xff, 0xff,
  0x00, 0x00, 0x00, 0x01, 0x18, 0x00, 0x00, 0x00, 0x20, 0x00, 0x00, 0x00,
  0x3c, 0x00, 0x00, 0x00, 0x4e, 0x00, 0x00, 0x00, 0x00, 0x00, 0x00, 0x09,
  0x60, 0x00, 0x00, 0x00, 0x02, 0x00, 0x00, 0x00, 0xff, 0xff, 0xff, 0xff,
  0x08, 0x00, 0x00, 0x00, 0xbc, 0xc9, 0xff, 0xff, 0x08, 0x00, 0x00, 0x00,
  0x10, 0x00, 0x00, 0x00, 0x01, 0x00, 0x00, 0x00, 0x00, 0x00, 0x00, 0x00,
  0x00, 0x00, 0x00, 0x00, 0x01, 0x00, 0x00, 0x00, 0x00, 0x00, 0x00, 0x3c,
  0x2b, 0x00, 0x00, 0x00, 0x66, 0x75, 0x6e, 0x63, 0x74, 0x69, 0x6f, 0x6e,
  0x61, 0x6c, 0x5f, 0x32, 0x37, 0x5f, 0x31, 0x2f, 0x6c, 0x73, 0x74, 0x6d,
  0x5f, 0x36, 0x5f, 0x31, 0x2f, 0x6c, 0x73, 0x74, 0x6d, 0x5f, 0x63, 0x65,
  0x6c, 0x6c, 0x5f, 0x35, 0x2f, 0x54, 0x61, 0x6e, 0x68, 0x5f, 0x31, 0x00,
  0x02, 0x00, 0x00, 0x00, 0x01, 0x00, 0x00, 0x00, 0x08, 0x00, 0x00, 0x00,
  0x5e, 0xca, 0xff, 0xff, 0x00, 0x00, 0x00, 0x01, 0x18, 0x00, 0x00, 0x00,
  0x20, 0x00, 0x00, 0x00, 0x3c, 0x00, 0x00, 0x00, 0x4d, 0x00, 0x00, 0x00,
  0x00, 0x00, 0x00, 0x09, 0x60, 0x00, 0x00, 0x00, 0x02, 0x00, 0x00, 0x00,
  0xff, 0xff, 0xff, 0xff, 0x08, 0x00, 0x00, 0x00, 0x44, 0xca, 0xff, 0xff,
  0x08, 0x00, 0x00, 0x00, 0x10, 0x00, 0x00, 0x00, 0x01, 0x00, 0x00, 0x00,
  0x16, 0x00, 0x00, 0x00, 0x00, 0x00, 0x00, 0x00, 0x01, 0x00, 0x00, 0x00,
  0xe8, 0x13, 0xd4, 0x3b, 0x2a, 0x00, 0x00, 0x00, 0x66, 0x75, 0x6e, 0x63,
  0x74, 0x69, 0x6f, 0x6e, 0x61, 0x6c, 0x5f, 0x32, 0x37, 0x5f, 0x31, 0x2f,
  0x6c, 0x73, 0x74, 0x6d, 0x5f, 0x36, 0x5f, 0x31, 0x2f, 0x6c, 0x73, 0x74,
  0x6d, 0x5f, 0x63, 0x65, 0x6c, 0x6c, 0x5f, 0x35, 0x2f, 0x61, 0x64, 0x64,
  0x5f, 0x32, 0x00, 0x00, 0x02, 0x00, 0x00, 0x00, 0x01, 0x00, 0x00, 0x00,
  0x08, 0x00, 0x00, 0x00, 0xe6, 0xca, 0xff, 0xff, 0x00, 0x00, 0x00, 0x01,
  0x18, 0x00, 0x00, 0x00, 0x20, 0x00, 0x00, 0x00, 0x3c, 0x00, 0x00, 0x00,
  0x4c, 0x00, 0x00, 0x00, 0x00, 0x00, 0x00, 0x09, 0x60, 0x00, 0x00, 0x00,
  0x02, 0x00, 0x00, 0x00, 0xff, 0xff, 0xff, 0xff, 0x08, 0x00, 0x00, 0x00,
  0xcc, 0xca, 0xff, 0xff, 0x08, 0x00, 0x00, 0x00, 0x10, 0x00, 0x00, 0x00,
  0x01, 0x00, 0x00, 0x00, 0x08, 0x00, 0x00, 0x00, 0x00, 0x00, 0x00, 0x00,
  0x01, 0x00, 0x00, 0x00, 0x6d, 0x23, 0x5f, 0x3b, 0x2a, 0x00, 0x00, 0x00,
  0x66, 0x75, 0x6e, 0x63, 0x74, 0x69, 0x6f, 0x6e, 0x61, 0x6c, 0x5f, 0x32,
  0x37, 0x5f, 0x31, 0x2f, 0x6c, 0x73, 0x74, 0x6d, 0x5f, 0x36, 0x5f, 0x31,
  0x2f, 0x6c, 0x73, 0x74, 0x6d, 0x5f, 0x63, 0x65, 0x6c, 0x6c, 0x5f, 0x35,
  0x2f, 0x6d, 0x75, 0x6c, 0x5f, 0x31, 0x00, 0x00, 0x02, 0x00, 0x00, 0x00,
  0x01, 0x00, 0x00, 0x00, 0x08, 0x00, 0x00, 0x00, 0x6e, 0xcb, 0xff, 0xff,
  0x00, 0x00, 0x00, 0x01, 0x18, 0x00, 0x00, 0x00, 0x20, 0x00, 0x00, 0x00,
  0x3c, 0x00, 0x00, 0x00, 0x4b, 0x00, 0x00, 0x00, 0x00, 0x00, 0x00, 0x09,
  0x60, 0x00, 0x00, 0x00, 0x02, 0x00, 0x00, 0x00, 0xff, 0xff, 0xff, 0xff,
  0x08, 0x00, 0x00, 0x00, 0x54, 0xcb, 0xff, 0xff, 0x08, 0x00, 0x00, 0x00,
  0x10, 0x00, 0x00, 0x00, 0x01, 0x00, 0x00, 0x00, 0x00, 0x00, 0x00, 0x00,
  0x00, 0x00, 0x00, 0x00, 0x01, 0x00, 0x00, 0x00, 0x00, 0x00, 0x00, 0x3c,
  0x29, 0x00, 0x00, 0x00, 0x66, 0x75, 0x6e, 0x63, 0x74, 0x69, 0x6f, 0x6e,
  0x61, 0x6c, 0x5f, 0x32, 0x37, 0x5f, 0x31, 0x2f, 0x6c, 0x73, 0x74, 0x6d,
  0x5f, 0x36, 0x5f, 0x31, 0x2f, 0x6c, 0x73, 0x74, 0x6d, 0x5f, 0x63, 0x65,
  0x6c, 0x6c, 0x5f, 0x35, 0x2f, 0x54, 0x61, 0x6e, 0x68, 0x00, 0x00, 0x00,
  0x02, 0x00, 0x00, 0x00, 0x01, 0x00, 0x00, 0x00, 0x08, 0x00, 0x00, 0x00,
  0xf6, 0xcb, 0xff, 0xff, 0x00, 0x00, 0x00, 0x01, 0x18, 0x00, 0x00, 0x00,
  0x20, 0x00, 0x00, 0x00, 0x40, 0x00, 0x00, 0x00, 0x4a, 0x00, 0x00, 0x00,
  0x00, 0x00, 0x00, 0x09, 0x68, 0x00, 0x00, 0x00, 0x02, 0x00, 0x00, 0x00,
  0xff, 0xff, 0xff, 0xff, 0x08, 0x00, 0x00, 0x00, 0xdc, 0xcb, 0xff, 0xff,
  0x08, 0x00, 0x00, 0x00, 0x14, 0x00, 0x00, 0x00, 0x01, 0x00, 0x00, 0x00,
  0x80, 0xff, 0xff, 0xff, 0xff, 0xff, 0xff, 0xff, 0x00, 0x00, 0x00, 0x00,
  0x01, 0x00, 0x00, 0x00, 0x00, 0x00, 0x80, 0x3b, 0x2e, 0x00, 0x00, 0x00,
  0x66, 0x75, 0x6e, 0x63, 0x74, 0x69, 0x6f, 0x6e, 0x61, 0x6c, 0x5f, 0x32,
  0x37, 0x5f, 0x31, 0x2f, 0x6c, 0x73, 0x74, 0x6d, 0x5f, 0x36, 0x5f, 0x31,
  0x2f, 0x6c, 0x73, 0x74, 0x6d, 0x5f, 0x63, 0x65, 0x6c, 0x6c, 0x5f, 0x35,
  0x2f, 0x53, 0x69, 0x67, 0x6d, 0x6f, 0x69, 0x64, 0x5f, 0x32, 0x00, 0x00,
  0x02, 0x00, 0x00, 0x00, 0x01, 0x00, 0x00, 0x00, 0x08, 0x00, 0x00, 0x00,
  0x86, 0xcc, 0xff, 0xff, 0x00, 0x00, 0x00, 0x01, 0x18, 0x00, 0x00, 0x00,
  0x20, 0x00, 0x00, 0x00, 0x3c, 0x00, 0x00, 0x00, 0x49, 0x00, 0x00, 0x00,
  0x00, 0x00, 0x00, 0x09, 0x60, 0x00, 0x00, 0x00, 0x02, 0x00, 0x00, 0x00,
  0xff, 0xff, 0xff, 0xff, 0x08, 0x00, 0x00, 0x00, 0x6c, 0xcc, 0xff, 0xff,
  0x08, 0x00, 0x00, 0x00, 0x10, 0x00, 0x00, 0x00, 0x01, 0x00, 0x00, 0x00,
  0x16, 0x00, 0x00, 0x00, 0x00, 0x00, 0x00, 0x00, 0x01, 0x00, 0x00, 0x00,
  0xe8, 0x13, 0xd4, 0x3b, 0x28, 0x00, 0x00, 0x00, 0x66, 0x75, 0x6e, 0x63,
  0x74, 0x69, 0x6f, 0x6e, 0x61, 0x6c, 0x5f, 0x32, 0x37, 0x5f, 0x31, 0x2f,
  0x6c, 0x73, 0x74, 0x6d, 0x5f, 0x36, 0x5f, 0x31, 0x2f, 0x6c, 0x73, 0x74,
  0x6d, 0x5f, 0x63, 0x65, 0x6c, 0x6c, 0x5f, 0x35, 0x2f, 0x6d, 0x75, 0x6c,
  0x00, 0x00, 0x00, 0x00, 0x02, 0x00, 0x00, 0x00, 0x01, 0x00, 0x00, 0x00,
  0x08, 0x00, 0x00, 0x00, 0x0e, 0xcd, 0xff, 0xff, 0x00, 0x00, 0x00, 0x01,
  0x18, 0x00, 0x00, 0x00, 0x20, 0x00, 0x00, 0x00, 0x40, 0x00, 0x00, 0x00,
  0x48, 0x00, 0x00, 0x00, 0x00, 0x00, 0x00, 0x09, 0x68, 0x00, 0x00, 0x00,
  0x02, 0x00, 0x00, 0x00, 0xff, 0xff, 0xff, 0xff, 0x08, 0x00, 0x00, 0x00,
  0xf4, 0xcc, 0xff, 0xff, 0x08, 0x00, 0x00, 0x00, 0x14, 0x00, 0x00, 0x00,
  0x01, 0x00, 0x00, 0x00, 0x80, 0xff, 0xff, 0xff, 0xff, 0xff, 0xff, 0xff,
  0x00, 0x00, 0x00, 0x00, 0x01, 0x00, 0x00, 0x00, 0x00, 0x00, 0x80, 0x3b,
  0x2e, 0x00, 0x00, 0x00, 0x66, 0x75, 0x6e, 0x63, 0x74, 0x69, 0x6f, 0x6e,
  0x61, 0x6c, 0x5f, 0x32, 0x37, 0x5f, 0x31, 0x2f, 0x6c, 0x73, 0x74, 0x6d,
  0x5f, 0x36, 0x5f, 0x31, 0x2f, 0x6c, 0x73, 0x74, 0x6d, 0x5f, 0x63, 0x65,
  0x6c, 0x6c, 0x5f, 0x35, 0x2f, 0x53, 0x69, 0x67, 0x6d, 0x6f, 0x69, 0x64,
  0x5f, 0x31, 0x00, 0x00, 0x02, 0x00, 0x00, 0x00, 0x01, 0x00, 0x00, 0x00,
  0x08, 0x00, 0x00, 0x00, 0x9e, 0xcd, 0xff, 0xff, 0x00, 0x00, 0x00, 0x01,
  0x18, 0x00, 0x00, 0x00, 0x20, 0x00, 0x00, 0x00, 0x40, 0x00, 0x00, 0x00,
  0x47, 0x00, 0x00, 0x00, 0x00, 0x00, 0x00, 0x09, 0x68, 0x00, 0x00, 0x00,
  0x02, 0x00, 0x00, 0x00, 0xff, 0xff, 0xff, 0xff, 0x08, 0x00, 0x00, 0x00,
  0x84, 0xcd, 0xff, 0xff, 0x08, 0x00, 0x00, 0x00, 0x14, 0x00, 0x00, 0x00,
  0x01, 0x00, 0x00, 0x00, 0x80, 0xff, 0xff, 0xff, 0xff, 0xff, 0xff, 0xff,
  0x00, 0x00, 0x00, 0x00, 0x01, 0x00, 0x00, 0x00, 0x00, 0x00, 0x80, 0x3b,
  0x2c, 0x00, 0x00, 0x00, 0x66, 0x75, 0x6e, 0x63, 0x74, 0x69, 0x6f, 0x6e,
  0x61, 0x6c, 0x5f, 0x32, 0x37, 0x5f, 0x31, 0x2f, 0x6c, 0x73, 0x74, 0x6d,
  0x5f, 0x36, 0x5f, 0x31, 0x2f, 0x6c, 0x73, 0x74, 0x6d, 0x5f, 0x63, 0x65,
  0x6c, 0x6c, 0x5f, 0x35, 0x2f, 0x53, 0x69, 0x67, 0x6d, 0x6f, 0x69, 0x64,
  0x00, 0x00, 0x00, 0x00, 0x02, 0x00, 0x00, 0x00, 0x01, 0x00, 0x00, 0x00,
  0x08, 0x00, 0x00, 0x00, 0x2e, 0xce, 0xff, 0xff, 0x00, 0x00, 0x00, 0x01,
  0x18, 0x00, 0x00, 0x00, 0x20, 0x00, 0x00, 0x00, 0x40, 0x00, 0x00, 0x00,
  0x46, 0x00, 0x00, 0x00, 0x00, 0x00, 0x00, 0x09, 0xe8, 0x00, 0x00, 0x00,
  0x02, 0x00, 0x00, 0x00, 0xff, 0xff, 0xff, 0xff, 0x08, 0x00, 0x00, 0x00,
  0x14, 0xce, 0xff, 0xff, 0x08, 0x00, 0x00, 0x00, 0x14, 0x00, 0x00, 0x00,
  0x01, 0x00, 0x00, 0x00, 0xe0, 0xff, 0xff, 0xff, 0xff, 0xff, 0xff, 0xff,
  0x00, 0x00, 0x00, 0x00, 0x01, 0x00, 0x00, 0x00, 0x30, 0x34, 0x68, 0x3c,
  0xaf, 0x00, 0x00, 0x00, 0x66, 0x75, 0x6e, 0x63, 0x74, 0x69, 0x6f, 0x6e,
  0x61, 0x6c, 0x5f, 0x32, 0x37, 0x5f, 0x31, 0x2f, 0x6c, 0x73, 0x74, 0x6d,
  0x5f, 0x36, 0x5f, 0x31, 0x2f, 0x6c, 0x73, 0x74, 0x6d, 0x5f, 0x63, 0x65,
  0x6c, 0x6c, 0x5f, 0x35, 0x2f, 0x73, 0x70, 0x6c, 0x69, 0x74, 0x3b, 0x66,
  0x75, 0x6e, 0x63, 0x74, 0x69, 0x6f, 0x6e, 0x61, 0x6c, 0x5f, 0x32, 0x37,
  0x5f, 0x31, 0x2f, 0x6c, 0x73, 0x74, 0x6d, 0x5f, 0x36, 0x5f, 0x31, 0x2f,
  0x6c, 0x73, 0x74, 0x6d, 0x5f, 0x63, 0x65, 0x6c, 0x6c, 0x5f, 0x35, 0x2f,
  0x73, 0x70, 0x6c, 0x69, 0x74, 0x31, 0x3b, 0x66, 0x75, 0x6e, 0x63, 0x74,
  0x69, 0x6f, 0x6e, 0x61, 0x6c, 0x5f, 0x32, 0x37, 0x5f, 0x31, 0x2f, 0x6c,
  0x73, 0x74, 0x6d, 0x5f, 0x36, 0x5f, 0x31, 0x2f, 0x6c, 0x73, 0x74, 0x6d,
  0x5f, 0x63, 0x65, 0x6c, 0x6c, 0x5f, 0x35, 0x2f, 0x73, 0x70, 0x6c, 0x69,
  0x74, 0x32, 0x3b, 0x66, 0x75, 0x6e, 0x63, 0x74, 0x69, 0x6f, 0x6e, 0x61,
  0x6c, 0x5f, 0x32, 0x37, 0x5f, 0x31, 0x2f, 0x6c, 0x73, 0x74, 0x6d, 0x5f,
  0x36, 0x5f, 0x31, 0x2f, 0x6c, 0x73, 0x74, 0x6d, 0x5f, 0x63, 0x65, 0x6c,
  0x6c, 0x5f, 0x35, 0x2f, 0x73, 0x70, 0x6c, 0x69, 0x74, 0x33, 0x33, 0x00,
  0x02, 0x00, 0x00, 0x00, 0x01, 0x00, 0x00, 0x00, 0x08, 0x00, 0x00, 0x00,
  0x3e, 0xcf, 0xff, 0xff, 0x00, 0x00, 0x00, 0x01, 0x18, 0x00, 0x00, 0x00,
  0x20, 0x00, 0x00, 0x00, 0x40, 0x00, 0x00, 0x00, 0x45, 0x00, 0x00, 0x00,
  0x00, 0x00, 0x00, 0x09, 0xe8, 0x00, 0x00, 0x00, 0x02, 0x00, 0x00, 0x00,
  0xff, 0xff, 0xff, 0xff, 0x08, 0x00, 0x00, 0x00, 0x24, 0xcf, 0xff, 0xff,
  0x08, 0x00, 0x00, 0x00, 0x14, 0x00, 0x00, 0x00, 0x01, 0x00, 0x00, 0x00,
  0xe0, 0xff, 0xff, 0xff, 0xff, 0xff, 0xff, 0xff, 0x00, 0x00, 0x00, 0x00,
  0x01, 0x00, 0x00, 0x00, 0x30, 0x34, 0x68, 0x3c, 0xaf, 0x00, 0x00, 0x00,
  0x66, 0x75, 0x6e, 0x63, 0x74, 0x69, 0x6f, 0x6e, 0x61, 0x6c, 0x5f, 0x32,
  0x37, 0x5f, 0x31, 0x2f, 0x6c, 0x73, 0x74, 0x6d, 0x5f, 0x36, 0x5f, 0x31,
  0x2f, 0x6c, 0x73, 0x74, 0x6d, 0x5f, 0x63, 0x65, 0x6c, 0x6c, 0x5f, 0x35,
  0x2f, 0x73, 0x70, 0x6c, 0x69, 0x74, 0x3b, 0x66, 0x75, 0x6e, 0x63, 0x74,
  0x69, 0x6f, 0x6e, 0x61, 0x6c, 0x5f, 0x32, 0x37, 0x5f, 0x31, 0x2f, 0x6c,
  0x73, 0x74, 0x6d, 0x5f, 0x36, 0x5f, 0x31, 0x2f, 0x6c, 0x73, 0x74, 0x6d,
  0x5f, 0x63, 0x65, 0x6c, 0x6c, 0x5f, 0x35, 0x2f, 0x73, 0x70, 0x6c, 0x69,
  0x74, 0x31, 0x3b, 0x66, 0x75, 0x6e, 0x63, 0x74, 0x69, 0x6f, 0x6e, 0x61,
  0x6c, 0x5f, 0x32, 0x37, 0x5f, 0x31, 0x2f, 0x6c, 0x73, 0x74, 0x6d, 0x5f,
  0x36, 0x5f, 0x31, 0x2f, 0x6c, 0x73, 0x74, 0x6d, 0x5f, 0x63, 0x65, 0x6c,
  0x6c, 0x5f, 0x35, 0x2f, 0x73, 0x70, 0x6c, 0x69, 0x74, 0x32, 0x3b, 0x66,
  0x75, 0x6e, 0x63, 0x74, 0x69, 0x6f, 0x6e, 0x61, 0x6c, 0x5f, 0x32, 0x37,
  0x5f, 0x31, 0x2f, 0x6c, 0x73, 0x74, 0x6d, 0x5f, 0x36, 0x5f, 0x31, 0x2f,
  0x6c, 0x73, 0x74, 0x6d, 0x5f, 0x63, 0x65, 0x6c, 0x6c, 0x5f, 0x35, 0x2f,
  0x73, 0x70, 0x6c, 0x69, 0x74, 0x33, 0x32, 0x00, 0x02, 0x00, 0x00, 0x00,
  0x01, 0x00, 0x00, 0x00, 0x08, 0x00, 0x00, 0x00, 0x4e, 0xd0, 0xff, 0xff,
  0x00, 0x00, 0x00, 0x01, 0x18, 0x00, 0x00, 0x00, 0x20, 0x00, 0x00, 0x00,
  0x40, 0x00, 0x00, 0x00, 0x44, 0x00, 0x00, 0x00, 0x00, 0x00, 0x00, 0x09,
  0xe8, 0x00, 0x00, 0x00, 0x02, 0x00, 0x00, 0x00, 0xff, 0xff, 0xff, 0xff,
  0x08, 0x00, 0x00, 0x00, 0x34, 0xd0, 0xff, 0xff, 0x08, 0x00, 0x00, 0x00,
  0x14, 0x00, 0x00, 0x00, 0x01, 0x00, 0x00, 0x00, 0xe0, 0xff, 0xff, 0xff,
  0xff, 0xff, 0xff, 0xff, 0x00, 0x00, 0x00, 0x00, 0x01, 0x00, 0x00, 0x00,
  0x30, 0x34, 0x68, 0x3c, 0xaf, 0x00, 0x00, 0x00, 0x66, 0x75, 0x6e, 0x63,
  0x74, 0x69, 0x6f, 0x6e, 0x61, 0x6c, 0x5f, 0x32, 0x37, 0x5f, 0x31, 0x2f,
  0x6c, 0x73, 0x74, 0x6d, 0x5f, 0x36, 0x5f, 0x31, 0x2f, 0x6c, 0x73, 0x74,
  0x6d, 0x5f, 0x63, 0x65, 0x6c, 0x6c, 0x5f, 0x35, 0x2f, 0x73, 0x70, 0x6c,
  0x69, 0x74, 0x3b, 0x66, 0x75, 0x6e, 0x63, 0x74, 0x69, 0x6f, 0x6e, 0x61,
  0x6c, 0x5f, 0x32, 0x37, 0x5f, 0x31, 0x2f, 0x6c, 0x73, 0x74, 0x6d, 0x5f,
  0x36, 0x5f, 0x31, 0x2f, 0x6c, 0x73, 0x74, 0x6d, 0x5f, 0x63, 0x65, 0x6c,
  0x6c, 0x5f, 0x35, 0x2f, 0x73, 0x70, 0x6c, 0x69, 0x74, 0x31, 0x3b, 0x66,
  0x75, 0x6e, 0x63, 0x74, 0x69, 0x6f, 0x6e, 0x61, 0x6c, 0x5f, 0x32, 0x37,
  0x5f, 0x31, 0x2f, 0x6c, 0x73, 0x74, 0x6d, 0x5f, 0x36, 0x5f, 0x31, 0x2f,
  0x6c, 0x73, 0x74, 0x6d, 0x5f, 0x63, 0x65, 0x6c, 0x6c, 0x5f, 0x35, 0x2f,
  0x73, 0x70, 0x6c, 0x69, 0x74, 0x32, 0x3b, 0x66, 0x75, 0x6e, 0x63, 0x74,
  0x69, 0x6f, 0x6e, 0x61, 0x6c, 0x5f, 0x32, 0x37, 0x5f, 0x31, 0x2f, 0x6c,
  0x73, 0x74, 0x6d, 0x5f, 0x36, 0x5f, 0x31, 0x2f, 0x6c, 0x73, 0x74, 0x6d,
  0x5f, 0x63, 0x65, 0x6c, 0x6c, 0x5f, 0x35, 0x2f, 0x73, 0x70, 0x6c, 0x69,
  0x74, 0x33, 0x31, 0x00, 0x02, 0x00, 0x00, 0x00, 0x01, 0x00, 0x00, 0x00,
  0x08, 0x00, 0x00, 0x00, 0x5e, 0xd1, 0xff, 0xff, 0x00, 0x00, 0x00, 0x01,
  0x18, 0x00, 0x00, 0x00, 0x20, 0x00, 0x00, 0x00, 0x40, 0x00, 0x00, 0x00,
  0x43, 0x00, 0x00, 0x00, 0x00, 0x00, 0x00, 0x09, 0xe8, 0x00, 0x00, 0x00,
  0x02, 0x00, 0x00, 0x00, 0xff, 0xff, 0xff, 0xff, 0x08, 0x00, 0x00, 0x00,
  0x44, 0xd1, 0xff, 0xff, 0x08, 0x00, 0x00, 0x00, 0x14, 0x00, 0x00, 0x00,
  0x01, 0x00, 0x00, 0x00, 0xe0, 0xff, 0xff, 0xff, 0xff, 0xff, 0xff, 0xff,
  0x00, 0x00, 0x00, 0x00, 0x01, 0x00, 0x00, 0x00, 0x30, 0x34, 0x68, 0x3c,
  0xae, 0x00, 0x00, 0x00, 0x66, 0x75, 0x6e, 0x63, 0x74, 0x69, 0x6f, 0x6e,
  0x61, 0x6c, 0x5f, 0x32, 0x37, 0x5f, 0x31, 0x2f, 0x6c, 0x73, 0x74, 0x6d,
  0x5f, 0x36, 0x5f, 0x31, 0x2f, 0x6c, 0x73, 0x74, 0x6d, 0x5f, 0x63, 0x65,
  0x6c, 0x6c, 0x5f, 0x35, 0x2f, 0x73, 0x70, 0x6c, 0x69, 0x74, 0x3b, 0x66,
  0x75, 0x6e, 0x63, 0x74, 0x69, 0x6f, 0x6e, 0x61, 0x6c, 0x5f, 0x32, 0x37,
  0x5f, 0x31, 0x2f, 0x6c, 0x73, 0x74, 0x6d, 0x5f, 0x36, 0x5f, 0x31, 0x2f,
  0x6c, 0x73, 0x74, 0x6d, 0x5f, 0x63, 0x65, 0x6c, 0x6c, 0x5f, 0x35, 0x2f,
  0x73, 0x70, 0x6c, 0x69, 0x74, 0x31, 0x3b, 0x66, 0x75, 0x6e, 0x63, 0x74,
  0x69, 0x6f, 0x6e, 0x61, 0x6c, 0x5f, 0x32, 0x37, 0x5f, 0x31, 0x2f, 0x6c,
  0x73, 0x74, 0x6d, 0x5f, 0x36, 0x5f, 0x31, 0x2f, 0x6c, 0x73, 0x74, 0x6d,
  0x5f, 0x63, 0x65, 0x6c, 0x6c, 0x5f, 0x35, 0x2f, 0x73, 0x70, 0x6c, 0x69,
  0x74, 0x32, 0x3b, 0x66, 0x75, 0x6e, 0x63, 0x74, 0x69, 0x6f, 0x6e, 0x61,
  0x6c, 0x5f, 0x32, 0x37, 0x5f, 0x31, 0x2f, 0x6c, 0x73, 0x74, 0x6d, 0x5f,
  0x36, 0x5f, 0x31, 0x2f, 0x6c, 0x73, 0x74, 0x6d, 0x5f, 0x63, 0x65, 0x6c,
  0x6c, 0x5f, 0x35, 0x2f, 0x73, 0x70, 0x6c, 0x69, 0x74, 0x33, 0x00, 0x00,
  0x02, 0x00, 0x00, 0x00, 0x01, 0x00, 0x00, 0x00, 0x08, 0x00, 0x00, 0x00,
  0x6e, 0xd2, 0xff, 0xff, 0x00, 0x00, 0x00, 0x01, 0x18, 0x00, 0x00, 0x00,
  0x20, 0x00, 0x00, 0x00, 0x3c, 0x00, 0x00, 0x00, 0x42, 0x00, 0x00, 0x00,
  0x00, 0x00, 0x00, 0x09, 0x60, 0x00, 0x00, 0x00, 0x02, 0x00, 0x00, 0x00,
  0xff, 0xff, 0xff, 0xff, 0x20, 0x00, 0x00, 0x00, 0x54, 0xd2, 0xff, 0xff,
  0x08, 0x00, 0x00, 0x00, 0x10, 0x00, 0x00, 0x00, 0x01, 0x00, 0x00, 0x00,
  0xe0, 0xff, 0xff, 0xff, 0xff, 0xff, 0xff, 0xff, 0x01, 0x00, 0x00, 0x00,
  0x30, 0x34, 0x68, 0x3c, 0x2a, 0x00, 0x00, 0x00, 0x66, 0x75, 0x6e, 0x63,
  0x74, 0x69, 0x6f, 0x6e, 0x61, 0x6c, 0x5f, 0x32, 0x37, 0x5f, 0x31, 0x2f,
  0x6c, 0x73, 0x74, 0x6d, 0x5f, 0x36, 0x5f, 0x31, 0x2f, 0x6c, 0x73, 0x74,
  0x6d, 0x5f, 0x63, 0x65, 0x6c, 0x6c, 0x5f, 0x35, 0x2f, 0x61, 0x64, 0x64,
  0x5f, 0x31, 0x00, 0x00, 0x02, 0x00, 0x00, 0x00, 0x01, 0x00, 0x00, 0x00,
  0x20, 0x00, 0x00, 0x00, 0xf6, 0xd2, 0xff, 0xff, 0x00, 0x00, 0x00, 0x01,
  0x18, 0x00, 0x00, 0x00, 0x20, 0x00, 0x00, 0x00, 0x3c, 0x00, 0x00, 0x00,
  0x41, 0x00, 0x00, 0x00, 0x00, 0x00, 0x00, 0x09, 0x60, 0x00, 0x00, 0x00,
  0x02, 0x00, 0x00, 0x00, 0xff, 0xff, 0xff, 0xff, 0x20, 0x00, 0x00, 0x00,
  0xdc, 0xd2, 0xff, 0xff, 0x08, 0x00, 0x00, 0x00, 0x10, 0x00, 0x00, 0x00,
  0x01, 0x00, 0x00, 0x00, 0xe7, 0xff, 0xff, 0xff, 0xff, 0xff, 0xff, 0xff,
  0x01, 0x00, 0x00, 0x00, 0x64, 0x47, 0x74, 0x3c, 0x28, 0x00, 0x00, 0x00,
  0x66, 0x75, 0x6e, 0x63, 0x74, 0x69, 0x6f, 0x6e, 0x61, 0x6c, 0x5f, 0x32,
  0x37, 0x5f, 0x31, 0x2f, 0x6c, 0x73, 0x74, 0x6d, 0x5f, 0x36, 0x5f, 0x31,
  0x2f, 0x6c, 0x73, 0x74, 0x6d, 0x5f, 0x63, 0x65, 0x6c, 0x6c, 0x5f, 0x35,
  0x2f, 0x61, 0x64, 0x64, 0x00, 0x00, 0x00, 0x00, 0x02, 0x00, 0x00, 0x00,
  0x01, 0x00, 0x00, 0x00, 0x20, 0x00, 0x00, 0x00, 0x7e, 0xd3, 0xff, 0xff,
  0x00, 0x00, 0x00, 0x01, 0x18, 0x00, 0x00, 0x00, 0x20, 0x00, 0x00, 0x00,
  0x3c, 0x00, 0x00, 0x00, 0x40, 0x00, 0x00, 0x00, 0x00, 0x00, 0x00, 0x09,
  0x60, 0x00, 0x00, 0x00, 0x02, 0x00, 0x00, 0x00, 0xff, 0xff, 0xff, 0xff,
  0x20, 0x00, 0x00, 0x00, 0x64, 0xd3, 0xff, 0xff, 0x08, 0x00, 0x00, 0x00,
  0x10, 0x00, 0x00, 0x00, 0x01, 0x00, 0x00, 0x00, 0x0a, 0x00, 0x00, 0x00,
  0x00, 0x00, 0x00, 0x00, 0x01, 0x00, 0x00, 0x00, 0x47, 0xec, 0x36, 0x3c,
  0x2b, 0x00, 0x00, 0x00, 0x66, 0x75, 0x6e, 0x63, 0x74, 0x69, 0x6f, 0x6e,
  0x61, 0x6c, 0x5f, 0x32, 0x37, 0x5f, 0x31, 0x2f, 0x6c, 0x73, 0x74, 0x6d,
  0x5f, 0x36, 0x5f, 0x31, 0x2f, 0x6c, 0x73, 0x74, 0x6d, 0x5f, 0x63, 0x65,
  0x6c, 0x6c, 0x5f, 0x35, 0x2f, 0x4d, 0x61, 0x74, 0x4d, 0x75, 0x6c, 0x00,
  0x02, 0x00, 0x00, 0x00, 0x01, 0x00, 0x00, 0x00, 0x20, 0x00, 0x00, 0x00,
  0x06, 0xd4, 0xff, 0xff, 0x00, 0x00, 0x00, 0x01, 0x18, 0x00, 0x00, 0x00,
  0x20, 0x00, 0x00, 0x00, 0x40, 0x00, 0x00, 0x00, 0x3f, 0x00, 0x00, 0x00,
  0x00, 0x00, 0x00, 0x09, 0x68, 0x00, 0x00, 0x00, 0x02, 0x00, 0x00, 0x00,
  0xff, 0xff, 0xff, 0xff, 0x20, 0x00, 0x00, 0x00, 0xec, 0xd3, 0xff, 0xff,
  0x08, 0x00, 0x00, 0x00, 0x14, 0x00, 0x00, 0x00, 0x01, 0x00, 0x00, 0x00,
  0xfd, 0xff, 0xff, 0xff, 0xff, 0xff, 0xff, 0xff, 0x00, 0x00, 0x00, 0x00,
  0x01, 0x00, 0x00, 0x00, 0x2f, 0x9c, 0xd2, 0x3a, 0x2d, 0x00, 0x00, 0x00,
  0x66, 0x75, 0x6e, 0x63, 0x74, 0x69, 0x6f, 0x6e, 0x61, 0x6c, 0x5f, 0x32,
  0x37, 0x5f, 0x31, 0x2f, 0x6c, 0x73, 0x74, 0x6d, 0x5f, 0x36, 0x5f, 0x31,
  0x2f, 0x6c, 0x73, 0x74, 0x6d, 0x5f, 0x63, 0x65, 0x6c, 0x6c, 0x5f, 0x35,
  0x2f, 0x4d, 0x61, 0x74, 0x4d, 0x75, 0x6c, 0x5f, 0x31, 0x00, 0x00, 0x00,
  0x02, 0x00, 0x00, 0x00, 0x01, 0x00, 0x00, 0x00, 0x20, 0x00, 0x00, 0x00,
  0x96, 0xd4, 0xff, 0xff, 0x00, 0x00, 0x00, 0x01, 0x18, 0x00, 0x00, 0x00,
  0x20, 0x00, 0x00, 0x00, 0x3c, 0x00, 0x00, 0x00, 0x3e, 0x00, 0x00, 0x00,
  0x00, 0x00, 0x00, 0x09, 0x60, 0x00, 0x00, 0x00, 0x02, 0x00, 0x00, 0x00,
  0xff, 0xff, 0xff, 0xff, 0x08, 0x00, 0x00, 0x00, 0x7c, 0xd4, 0xff, 0xff,
  0x08, 0x00, 0x00, 0x00, 0x10, 0x00, 0x00, 0x00, 0x01, 0x00, 0x00, 0x00,
  0x0a, 0x00, 0x00, 0x00, 0x00, 0x00, 0x00, 0x00, 0x01, 0x00, 0x00, 0x00,
  0xb9, 0xb5, 0x28, 0x3b, 0x2a, 0x00, 0x00, 0x00, 0x66, 0x75, 0x6e, 0x63,
  0x74, 0x69, 0x6f, 0x6e, 0x61, 0x6c, 0x5f, 0x32, 0x37, 0x5f, 0x31, 0x2f,
  0x6c, 0x73, 0x74, 0x6d, 0x5f, 0x36, 0x5f, 0x31, 0x2f, 0x6c, 0x73, 0x74,
  0x6d, 0x5f, 0x63, 0x65, 0x6c, 0x6c, 0x5f, 0x33, 0x2f, 0x6d, 0x75, 0x6c,
  0x5f, 0x32, 0x00, 0x00, 0x02, 0x00, 0x00, 0x00, 0x01, 0x00, 0x00, 0x00,
  0x08, 0x00, 0x00, 0x00, 0x1e, 0xd5, 0xff, 0xff, 0x00, 0x00, 0x00, 0x01,
  0x18, 0x00, 0x00, 0x00, 0x20, 0x00, 0x00, 0x00, 0x3c, 0x00, 0x00, 0x00,
  0x3d, 0x00, 0x00, 0x00, 0x00, 0x00, 0x00, 0x09, 0x60, 0x00, 0x00, 0x00,
  0x02, 0x00, 0x00, 0x00, 0xff, 0xff, 0xff, 0xff, 0x08, 0x00, 0x00, 0x00,
  0x04, 0xd5, 0xff, 0xff, 0x08, 0x00, 0x00, 0x00, 0x10, 0x00, 0x00, 0x00,
  0x01, 0x00, 0x00, 0x00, 0x00, 0x00, 0x00, 0x00, 0x00, 0x00, 0x00, 0x00,
  0x01, 0x00, 0x00, 0x00, 0x00, 0x00, 0x00, 0x3c, 0x2b, 0x00, 0x00, 0x00,
  0x66, 0x75, 0x6e, 0x63, 0x74, 0x69, 0x6f, 0x6e, 0x61, 0x6c, 0x5f, 0x32,
  0x37, 0x5f, 0x31, 0x2f, 0x6c, 0x73, 0x74, 0x6d, 0x5f, 0x36, 0x5f, 0x31,
  0x2f, 0x6c, 0x73, 0x74, 0x6d, 0x5f, 0x63, 0x65, 0x6c, 0x6c, 0x5f, 0x33,
  0x2f, 0x54, 0x61, 0x6e, 0x68, 0x5f, 0x31, 0x00, 0x02, 0x00, 0x00, 0x00,
  0x01, 0x00, 0x00, 0x00, 0x08, 0x00, 0x00, 0x00, 0xa6, 0xd5, 0xff, 0xff,
  0x00, 0x00, 0x00, 0x01, 0x18, 0x00, 0x00, 0x00, 0x20, 0x00, 0x00, 0x00,
  0x3c, 0x00, 0x00, 0x00, 0x3c, 0x00, 0x00, 0x00, 0x00, 0x00, 0x00, 0x09,
  0x60, 0x00, 0x00, 0x00, 0x02, 0x00, 0x00, 0x00, 0xff, 0xff, 0xff, 0xff,
  0x08, 0x00, 0x00, 0x00, 0x8c, 0xd5, 0xff, 0xff, 0x08, 0x00, 0x00, 0x00,
  0x10, 0x00, 0x00, 0x00, 0x01, 0x00, 0x00, 0x00, 0x0d, 0x00, 0x00, 0x00,
  0x00, 0x00, 0x00, 0x00, 0x01, 0x00, 0x00, 0x00, 0x87, 0x58, 0xa7, 0x3b,
  0x2a, 0x00, 0x00, 0x00, 0x66, 0x75, 0x6e, 0x63, 0x74, 0x69, 0x6f, 0x6e,
  0x61, 0x6c, 0x5f, 0x32, 0x37, 0x5f, 0x31, 0x2f, 0x6c, 0x73, 0x74, 0x6d,
  0x5f, 0x36, 0x5f, 0x31, 0x2f, 0x6c, 0x73, 0x74, 0x6d, 0x5f, 0x63, 0x65,
  0x6c, 0x6c, 0x5f, 0x33, 0x2f, 0x61, 0x64, 0x64, 0x5f, 0x32, 0x00, 0x00,
  0x02, 0x00, 0x00, 0x00, 0x01, 0x00, 0x00, 0x00, 0x08, 0x00, 0x00, 0x00,
  0x2e, 0xd6, 0xff, 0xff, 0x00, 0x00, 0x00, 0x01, 0x18, 0x00, 0x00, 0x00,
  0x20, 0x00, 0x00, 0x00, 0x3c, 0x00, 0x00, 0x00, 0x3b, 0x00, 0x00, 0x00,
  0x00, 0x00, 0x00, 0x09, 0x60, 0x00, 0x00, 0x00, 0x02, 0x00, 0x00, 0x00,
  0xff, 0xff, 0xff, 0xff, 0x08, 0x00, 0x00, 0x00, 0x14, 0xd6, 0xff, 0xff,
  0x08, 0x00, 0x00, 0x00, 0x10, 0x00, 0x00, 0x00, 0x01, 0x00, 0x00, 0x00,
  0x19, 0x00, 0x00, 0x00, 0x00, 0x00, 0x00, 0x00, 0x01, 0x00, 0x00, 0x00,
  0x4c, 0xda, 0x60, 0x3b, 0x2a, 0x00, 0x00, 0x00, 0x66, 0x75, 0x6e, 0x63,
  0x74, 0x69, 0x6f, 0x6e, 0x61, 0x6c, 0x5f, 0x32, 0x37, 0x5f, 0x31, 0x2f,
  0x6c, 0x73, 0x74, 0x6d, 0x5f, 0x36, 0x5f, 0x31, 0x2f, 0x6c, 0x73, 0x74,
  0x6d, 0x5f, 0x63, 0x65, 0x6c, 0x6c, 0x5f, 0x33, 0x2f, 0x6d, 0x75, 0x6c,
  0x5f, 0x31, 0x00, 0x00, 0x02, 0x00, 0x00, 0x00, 0x01, 0x00, 0x00, 0x00,
  0x08, 0x00, 0x00, 0x00, 0xb6, 0xd6, 0xff, 0xff, 0x00, 0x00, 0x00, 0x01,
  0x18, 0x00, 0x00, 0x00, 0x20, 0x00, 0x00, 0x00, 0x3c, 0x00, 0x00, 0x00,
  0x3a, 0x00, 0x00, 0x00, 0x00, 0x00, 0x00, 0x09, 0x60, 0x00, 0x00, 0x00,
  0x02, 0x00, 0x00, 0x00, 0xff, 0xff, 0xff, 0xff, 0x08, 0x00, 0x00, 0x00,
  0x9c, 0xd6, 0xff, 0xff, 0x08, 0x00, 0x00, 0x00, 0x10, 0x00, 0x00, 0x00,
  0x01, 0x00, 0x00, 0x00, 0x00, 0x00, 0x00, 0x00, 0x00, 0x00, 0x00, 0x00,
  0x01, 0x00, 0x00, 0x00, 0x00, 0x00, 0x00, 0x3c, 0x29, 0x00, 0x00, 0x00,
  0x66, 0x75, 0x6e, 0x63, 0x74, 0x69, 0x6f, 0x6e, 0x61, 0x6c, 0x5f, 0x32,
  0x37, 0x5f, 0x31, 0x2f, 0x6c, 0x73, 0x74, 0x6d, 0x5f, 0x36, 0x5f, 0x31,
  0x2f, 0x6c, 0x73, 0x74, 0x6d, 0x5f, 0x63, 0x65, 0x6c, 0x6c, 0x5f, 0x33,
  0x2f, 0x54, 0x61, 0x6e, 0x68, 0x00, 0x00, 0x00, 0x02, 0x00, 0x00, 0x00,
  0x01, 0x00, 0x00, 0x00, 0x08, 0x00, 0x00, 0x00, 0x3e, 0xd7, 0xff, 0xff,
  0x00, 0x00, 0x00, 0x01, 0x18, 0x00, 0x00, 0x00, 0x20, 0x00, 0x00, 0x00,
  0x40, 0x00, 0x00, 0x00, 0x39, 0x00, 0x00, 0x00, 0x00, 0x00, 0x00, 0x09,
  0x68, 0x00, 0x00, 0x00, 0x02, 0x00, 0x00, 0x00, 0xff, 0xff, 0xff, 0xff,
  0x08, 0x00, 0x00, 0x00, 0x24, 0xd7, 0xff, 0xff, 0x08, 0x00, 0x00, 0x00,
  0x14, 0x00, 0x00, 0x00, 0x01, 0x00, 0x00, 0x00, 0x80, 0xff, 0xff, 0xff,
  0xff, 0xff, 0xff, 0xff, 0x00, 0x00, 0x00, 0x00, 0x01, 0x00, 0x00, 0x00,
  0x00, 0x00, 0x80, 0x3b, 0x2e, 0x00, 0x00, 0x00, 0x66, 0x75, 0x6e, 0x63,
  0x74, 0x69, 0x6f, 0x6e, 0x61, 0x6c, 0x5f, 0x32, 0x37, 0x5f, 0x31, 0x2f,
  0x6c, 0x73, 0x74, 0x6d, 0x5f, 0x36, 0x5f, 0x31, 0x2f, 0x6c, 0x73, 0x74,
  0x6d, 0x5f, 0x63, 0x65, 0x6c, 0x6c, 0x5f, 0x33, 0x2f, 0x53, 0x69, 0x67,
  0x6d, 0x6f, 0x69, 0x64, 0x5f, 0x32, 0x00, 0x00, 0x02, 0x00, 0x00, 0x00,
  0x01, 0x00, 0x00, 0x00, 0x08, 0x00, 0x00, 0x00, 0xce, 0xd7, 0xff, 0xff,
  0x00, 0x00, 0x00, 0x01, 0x18, 0x00, 0x00, 0x00, 0x20, 0x00, 0x00, 0x00,
  0x3c, 0x00, 0x00, 0x00, 0x38, 0x00, 0x00, 0x00, 0x00, 0x00, 0x00, 0x09,
  0x60, 0x00, 0x00, 0x00, 0x02, 0x00, 0x00, 0x00, 0xff, 0xff, 0xff, 0xff,
  0x08, 0x00, 0x00, 0x00, 0xb4, 0xd7, 0xff, 0xff, 0x08, 0x00, 0x00, 0x00,
  0x10, 0x00, 0x00, 0x00, 0x01, 0x00, 0x00, 0x00, 0x0d, 0x00, 0x00, 0x00,
  0x00, 0x00, 0x00, 0x00, 0x01, 0x00, 0x00, 0x00, 0x87, 0x58, 0xa7, 0x3b,
  0x28, 0x00, 0x00, 0x00, 0x66, 0x75, 0x6e, 0x63, 0x74, 0x69, 0x6f, 0x6e,
  0x61, 0x6c, 0x5f, 0x32, 0x37, 0x5f, 0x31, 0x2f, 0x6c, 0x73, 0x74, 0x6d,
  0x5f, 0x36, 0x5f, 0x31, 0x2f, 0x6c, 0x73, 0x74, 0x6d, 0x5f, 0x63, 0x65,
  0x6c, 0x6c, 0x5f, 0x33, 0x2f, 0x6d, 0x75, 0x6c, 0x00, 0x00, 0x00, 0x00,
  0x02, 0x00, 0x00, 0x00, 0x01, 0x00, 0x00, 0x00, 0x08, 0x00, 0x00, 0x00,
  0x56, 0xd8, 0xff, 0xff, 0x00, 0x00, 0x00, 0x01, 0x18, 0x00, 0x00, 0x00,
  0x20, 0x00, 0x00, 0x00, 0x40, 0x00, 0x00, 0x00, 0x37, 0x00, 0x00, 0x00,
  0x00, 0x00, 0x00, 0x09, 0x68, 0x00, 0x00, 0x00, 0x02, 0x00, 0x00, 0x00,
  0xff, 0xff, 0xff, 0xff, 0x08, 0x00, 0x00, 0x00, 0x3c, 0xd8, 0xff, 0xff,
  0x08, 0x00, 0x00, 0x00, 0x14, 0x00, 0x00, 0x00, 0x01, 0x00, 0x00, 0x00,
  0x80, 0xff, 0xff, 0xff, 0xff, 0xff, 0xff, 0xff, 0x00, 0x00, 0x00, 0x00,
  0x01, 0x00, 0x00, 0x00, 0x00, 0x00, 0x80, 0x3b, 0x2e, 0x00, 0x00, 0x00,
  0x66, 0x75, 0x6e, 0x63, 0x74, 0x69, 0x6f, 0x6e, 0x61, 0x6c, 0x5f, 0x32,
  0x37, 0x5f, 0x31, 0x2f, 0x6c, 0x73, 0x74, 0x6d, 0x5f, 0x36, 0x5f, 0x31,
  0x2f, 0x6c, 0x73, 0x74, 0x6d, 0x5f, 0x63, 0x65, 0x6c, 0x6c, 0x5f, 0x33,
  0x2f, 0x53, 0x69, 0x67, 0x6d, 0x6f, 0x69, 0x64, 0x5f, 0x31, 0x00, 0x00,
  0x02, 0x00, 0x00, 0x00, 0x01, 0x00, 0x00, 0x00, 0x08, 0x00, 0x00, 0x00,
  0xe6, 0xd8, 0xff, 0xff, 0x00, 0x00, 0x00, 0x01, 0x18, 0x00, 0x00, 0x00,
  0x20, 0x00, 0x00, 0x00, 0x40, 0x00, 0x00, 0x00, 0x36, 0x00, 0x00, 0x00,
  0x00, 0x00, 0x00, 0x09, 0x68, 0x00, 0x00, 0x00, 0x02, 0x00, 0x00, 0x00,
  0xff, 0xff, 0xff, 0xff, 0x08, 0x00, 0x00, 0x00, 0xcc, 0xd8, 0xff, 0xff,
  0x08, 0x00, 0x00, 0x00, 0x14, 0x00, 0x00, 0x00, 0x01, 0x00, 0x00, 0x00,
  0x80, 0xff, 0xff, 0xff, 0xff, 0xff, 0xff, 0xff, 0x00, 0x00, 0x00, 0x00,
  0x01, 0x00, 0x00, 0x00, 0x00, 0x00, 0x80, 0x3b, 0x2c, 0x00, 0x00, 0x00,
  0x66, 0x75, 0x6e, 0x63, 0x74, 0x69, 0x6f, 0x6e, 0x61, 0x6c, 0x5f, 0x32,
  0x37, 0x5f, 0x31, 0x2f, 0x6c, 0x73, 0x74, 0x6d, 0x5f, 0x36, 0x5f, 0x31,
  0x2f, 0x6c, 0x73, 0x74, 0x6d, 0x5f, 0x63, 0x65, 0x6c, 0x6c, 0x5f, 0x33,
  0x2f, 0x53, 0x69, 0x67, 0x6d, 0x6f, 0x69, 0x64, 0x00, 0x00, 0x00, 0x00,
  0x02, 0x00, 0x00, 0x00, 0x01, 0x00, 0x00, 0x00, 0x08, 0x00, 0x00, 0x00,
  0x76, 0xd9, 0xff, 0xff, 0x00, 0x00, 0x00, 0x01, 0x18, 0x00, 0x00, 0x00,
  0x20, 0x00, 0x00, 0x00, 0x40, 0x00, 0x00, 0x00, 0x35, 0x00, 0x00, 0x00,
  0x00, 0x00, 0x00, 0x09, 0xe8, 0x00, 0x00, 0x00, 0x02, 0x00, 0x00, 0x00,
  0xff, 0xff, 0xff, 0xff, 0x08, 0x00, 0x00, 0x00, 0x5c, 0xd9, 0xff, 0xff,
  0x08, 0x00, 0x00, 0x00, 0x14, 0x00, 0x00, 0x00, 0x01, 0x00, 0x00, 0x00,
  0xde, 0xff, 0xff, 0xff, 0xff, 0xff, 0xff, 0xff, 0x00, 0x00, 0x00, 0x00,
  0x01, 0x00, 0x00, 0x00, 0x51, 0x50, 0x70, 0x3c, 0xaf, 0x00, 0x00, 0x00,
  0x66, 0x75, 0x6e, 0x63, 0x74, 0x69, 0x6f, 0x6e, 0x61, 0x6c, 0x5f, 0x32,
  0x37, 0x5f, 0x31, 0x2f, 0x6c, 0x73, 0x74, 0x6d, 0x5f, 0x36, 0x5f, 0x31,
  0x2f, 0x6c, 0x73, 0x74, 0x6d, 0x5f, 0x63, 0x65, 0x6c, 0x6c, 0x5f, 0x33,
  0x2f, 0x73, 0x70, 0x6c, 0x69, 0x74, 0x3b, 0x66, 0x75, 0x6e, 0x63, 0x74,
  0x69, 0x6f, 0x6e, 0x61, 0x6c, 0x5f, 0x32, 0x37, 0x5f, 0x31, 0x2f, 0x6c,
  0x73, 0x74, 0x6d, 0x5f, 0x36, 0x5f, 0x31, 0x2f, 0x6c, 0x73, 0x74, 0x6d,
  0x5f, 0x63, 0x65, 0x6c, 0x6c, 0x5f, 0x33, 0x2f, 0x73, 0x70, 0x6c, 0x69,
  0x74, 0x31, 0x3b, 0x66, 0x75, 0x6e, 0x63, 0x74, 0x69, 0x6f, 0x6e, 0x61,
  0x6c, 0x5f, 0x32, 0x37, 0x5f, 0x31, 0x2f, 0x6c, 0x73, 0x74, 0x6d, 0x5f,
  0x36, 0x5f, 0x31, 0x2f, 0x6c, 0x73, 0x74, 0x6d, 0x5f, 0x63, 0x65, 0x6c,
  0x6c, 0x5f, 0x33, 0x2f, 0x73, 0x70, 0x6c, 0x69, 0x74, 0x32, 0x3b, 0x66,
  0x75, 0x6e, 0x63, 0x74, 0x69, 0x6f, 0x6e, 0x61, 0x6c, 0x5f, 0x32, 0x37,
  0x5f, 0x31, 0x2f, 0x6c, 0x73, 0x74, 0x6d, 0x5f, 0x36, 0x5f, 0x31, 0x2f,
  0x6c, 0x73, 0x74, 0x6d, 0x5f, 0x63, 0x65, 0x6c, 0x6c, 0x5f, 0x33, 0x2f,
  0x73, 0x70, 0x6c, 0x69, 0x74, 0x33, 0x33, 0x00, 0x02, 0x00, 0x00, 0x00,
  0x01, 0x00, 0x00, 0x00, 0x08, 0x00, 0x00, 0x00, 0x86, 0xda, 0xff, 0xff,
  0x00, 0x00, 0x00, 0x01, 0x18, 0x00, 0x00, 0x00, 0x20, 0x00, 0x00, 0x00,
  0x40, 0x00, 0x00, 0x00, 0x34, 0x00, 0x00, 0x00, 0x00, 0x00, 0x00, 0x09,
  0xe8, 0x00, 0x00, 0x00, 0x02, 0x00, 0x00, 0x00, 0xff, 0xff, 0xff, 0xff,
  0x08, 0x00, 0x00, 0x00, 0x6c, 0xda, 0xff, 0xff, 0x08, 0x00, 0x00, 0x00,
  0x14, 0x00, 0x00, 0x00, 0x01, 0x00, 0x00, 0x00, 0xde, 0xff, 0xff, 0xff,
  0xff, 0xff, 0xff, 0xff, 0x00, 0x00, 0x00, 0x00, 0x01, 0x00, 0x00, 0x00,
  0x51, 0x50, 0x70, 0x3c, 0xaf, 0x00, 0x00, 0x00, 0x66, 0x75, 0x6e, 0x63,
  0x74, 0x69, 0x6f, 0x6e, 0x61, 0x6c, 0x5f, 0x32, 0x37, 0x5f, 0x31, 0x2f,
  0x6c, 0x73, 0x74, 0x6d, 0x5f, 0x36, 0x5f, 0x31, 0x2f, 0x6c, 0x73, 0x74,
  0x6d, 0x5f, 0x63, 0x65, 0x6c, 0x6c, 0x5f, 0x33, 0x2f, 0x73, 0x70, 0x6c,
  0x69, 0x74, 0x3b, 0x66, 0x75, 0x6e, 0x63, 0x74, 0x69, 0x6f, 0x6e, 0x61,
  0x6c, 0x5f, 0x32, 0x37, 0x5f, 0x31, 0x2f, 0x6c, 0x73, 0x74, 0x6d, 0x5f,
  0x36, 0x5f, 0x31, 0x2f, 0x6c, 0x73, 0x74, 0x6d, 0x5f, 0x63, 0x65, 0x6c,
  0x6c, 0x5f, 0x33, 0x2f, 0x73, 0x70, 0x6c, 0x69, 0x74, 0x31, 0x3b, 0x66,
  0x75, 0x6e, 0x63, 0x74, 0x69, 0x6f, 0x6e, 0x61, 0x6c, 0x5f, 0x32, 0x37,
  0x5f, 0x31, 0x2f, 0x6c, 0x73, 0x74, 0x6d, 0x5f, 0x36, 0x5f, 0x31, 0x2f,
  0x6c, 0x73, 0x74, 0x6d, 0x5f, 0x63, 0x65, 0x6c, 0x6c, 0x5f, 0x33, 0x2f,
  0x73, 0x70, 0x6c, 0x69, 0x74, 0x32, 0x3b, 0x66, 0x75, 0x6e, 0x63, 0x74,
  0x69, 0x6f, 0x6e, 0x61, 0x6c, 0x5f, 0x32, 0x37, 0x5f, 0x31, 0x2f, 0x6c,
  0x73, 0x74, 0x6d, 0x5f, 0x36, 0x5f, 0x31, 0x2f, 0x6c, 0x73, 0x74, 0x6d,
  0x5f, 0x63, 0x65, 0x6c, 0x6c, 0x5f, 0x33, 0x2f, 0x73, 0x70, 0x6c, 0x69,
  0x74, 0x33, 0x32, 0x00, 0x02, 0x00, 0x00, 0x00, 0x01, 0x00, 0x00, 0x00,
  0x08, 0x00, 0x00, 0x00, 0x96, 0xdb, 0xff, 0xff, 0x00, 0x00, 0x00, 0x01,
  0x18, 0x00, 0x00, 0x00, 0x20, 0x00, 0x00, 0x00, 0x40, 0x00, 0x00, 0x00,
  0x33, 0x00, 0x00, 0x00, 0x00, 0x00, 0x00, 0x09, 0xe8, 0x00, 0x00, 0x00,
  0x02, 0x00, 0x00, 0x00, 0xff, 0xff, 0xff, 0xff, 0x08, 0x00, 0x00, 0x00,
  0x7c, 0xdb, 0xff, 0xff, 0x08, 0x00, 0x00, 0x00, 0x14, 0x00, 0x00, 0x00,
  0x01, 0x00, 0x00, 0x00, 0xde, 0xff, 0xff, 0xff, 0xff, 0xff, 0xff, 0xff,
  0x00, 0x00, 0x00, 0x00, 0x01, 0x00, 0x00, 0x00, 0x51, 0x50, 0x70, 0x3c,
  0xaf, 0x00, 0x00, 0x00, 0x66, 0x75, 0x6e, 0x63, 0x74, 0x69, 0x6f, 0x6e,
  0x61, 0x6c, 0x5f, 0x32, 0x37, 0x5f, 0x31, 0x2f, 0x6c, 0x73, 0x74, 0x6d,
  0x5f, 0x36, 0x5f, 0x31, 0x2f, 0x6c, 0x73, 0x74, 0x6d, 0x5f, 0x63, 0x65,
  0x6c, 0x6c, 0x5f, 0x33, 0x2f, 0x73, 0x70, 0x6c, 0x69, 0x74, 0x3b, 0x66,
  0x75, 0x6e, 0x63, 0x74, 0x69, 0x6f, 0x6e, 0x61, 0x6c, 0x5f, 0x32, 0x37,
  0x5f, 0x31, 0x2f, 0x6c, 0x73, 0x74, 0x6d, 0x5f, 0x36, 0x5f, 0x31, 0x2f,
  0x6c, 0x73, 0x74, 0x6d, 0x5f, 0x63, 0x65, 0x6c, 0x6c, 0x5f, 0x33, 0x2f,
  0x73, 0x70, 0x6c, 0x69, 0x74, 0x31, 0x3b, 0x66, 0x75, 0x6e, 0x63, 0x74,
  0x69, 0x6f, 0x6e, 0x61, 0x6c, 0x5f, 0x32, 0x37, 0x5f, 0x31, 0x2f, 0x6c,
  0x73, 0x74, 0x6d, 0x5f, 0x36, 0x5f, 0x31, 0x2f, 0x6c, 0x73, 0x74, 0x6d,
  0x5f, 0x63, 0x65, 0x6c, 0x6c, 0x5f, 0x33, 0x2f, 0x73, 0x70, 0x6c, 0x69,
  0x74, 0x32, 0x3b, 0x66, 0x75, 0x6e, 0x63, 0x74, 0x69, 0x6f, 0x6e, 0x61,
  0x6c, 0x5f, 0x32, 0x37, 0x5f, 0x31, 0x2f, 0x6c, 0x73, 0x74, 0x6d, 0x5f,
  0x36, 0x5f, 0x31, 0x2f, 0x6c, 0x73, 0x74, 0x6d, 0x5f, 0x63, 0x65, 0x6c,
  0x6c, 0x5f, 0x33, 0x2f, 0x73, 0x70, 0x6c, 0x69, 0x74, 0x33, 0x31, 0x00,
  0x02, 0x00, 0x00, 0x00, 0x01, 0x00, 0x00, 0x00, 0x08, 0x00, 0x00, 0x00,
  0xa6, 0xdc, 0xff, 0xff, 0x00, 0x00, 0x00, 0x01, 0x18, 0x00, 0x00, 0x00,
  0x20, 0x00, 0x00, 0x00, 0x40, 0x00, 0x00, 0x00, 0x32, 0x00, 0x00, 0x00,
  0x00, 0x00, 0x00, 0x09, 0xe8, 0x00, 0x00, 0x00, 0x02, 0x00, 0x00, 0x00,
  0xff, 0xff, 0xff, 0xff, 0x08, 0x00, 0x00, 0x00, 0x8c, 0xdc, 0xff, 0xff,
  0x08, 0x00, 0x00, 0x00, 0x14, 0x00, 0x00, 0x00, 0x01, 0x00, 0x00, 0x00,
  0xde, 0xff, 0xff, 0xff, 0xff, 0xff, 0xff, 0xff, 0x00, 0x00, 0x00, 0x00,
  0x01, 0x00, 0x00, 0x00, 0x51, 0x50, 0x70, 0x3c, 0xae, 0x00, 0x00, 0x00,
  0x66, 0x75, 0x6e, 0x63, 0x74, 0x69, 0x6f, 0x6e, 0x61, 0x6c, 0x5f, 0x32,
  0x37, 0x5f, 0x31, 0x2f, 0x6c, 0x73, 0x74, 0x6d, 0x5f, 0x36, 0x5f, 0x31,
  0x2f, 0x6c, 0x73, 0x74, 0x6d, 0x5f, 0x63, 0x65, 0x6c, 0x6c, 0x5f, 0x33,
  0x2f, 0x73, 0x70, 0x6c, 0x69, 0x74, 0x3b, 0x66, 0x75, 0x6e, 0x63, 0x74,
  0x69, 0x6f, 0x6e, 0x61, 0x6c, 0x5f, 0x32, 0x37, 0x5f, 0x31, 0x2f, 0x6c,
  0x73, 0x74, 0x6d, 0x5f, 0x36, 0x5f, 0x31, 0x2f, 0x6c, 0x73, 0x74, 0x6d,
  0x5f, 0x63, 0x65, 0x6c, 0x6c, 0x5f, 0x33, 0x2f, 0x73, 0x70, 0x6c, 0x69,
  0x74, 0x31, 0x3b, 0x66, 0x75, 0x6e, 0x63, 0x74, 0x69, 0x6f, 0x6e, 0x61,
  0x6c, 0x5f, 0x32, 0x37, 0x5f, 0x31, 0x2f, 0x6c, 0x73, 0x74, 0x6d, 0x5f,
  0x36, 0x5f, 0x31, 0x2f, 0x6c, 0x73, 0x74, 0x6d, 0x5f, 0x63, 0x65, 0x6c,
  0x6c, 0x5f, 0x33, 0x2f, 0x73, 0x70, 0x6c, 0x69, 0x74, 0x32, 0x3b, 0x66,
  0x75, 0x6e, 0x63, 0x74, 0x69, 0x6f, 0x6e, 0x61, 0x6c, 0x5f, 0x32, 0x37,
  0x5f, 0x31, 0x2f, 0x6c, 0x73, 0x74, 0x6d, 0x5f, 0x36, 0x5f, 0x31, 0x2f,
  0x6c, 0x73, 0x74, 0x6d, 0x5f, 0x63, 0x65, 0x6c, 0x6c, 0x5f, 0x33, 0x2f,
  0x73, 0x70, 0x6c, 0x69, 0x74, 0x33, 0x00, 0x00, 0x02, 0x00, 0x00, 0x00,
  0x01, 0x00, 0x00, 0x00, 0x08, 0x00, 0x00, 0x00, 0xb6, 0xdd, 0xff, 0xff,
  0x00, 0x00, 0x00, 0x01, 0x18, 0x00, 0x00, 0x00, 0x20, 0x00, 0x00, 0x00,
  0x3c, 0x00, 0x00, 0x00, 0x31, 0x00, 0x00, 0x00, 0x00, 0x00, 0x00, 0x09,
  0x60, 0x00, 0x00, 0x00, 0x02, 0x00, 0x00, 0x00, 0xff, 0xff, 0xff, 0xff,
  0x20, 0x00, 0x00, 0x00, 0x9c, 0xdd, 0xff, 0xff, 0x08, 0x00, 0x00, 0x00,
  0x10, 0x00, 0x00, 0x00, 0x01, 0x00, 0x00, 0x00, 0xde, 0xff, 0xff, 0xff,
  0xff, 0xff, 0xff, 0xff, 0x01, 0x00, 0x00, 0x00, 0x51, 0x50, 0x70, 0x3c,
  0x2a, 0x00, 0x00, 0x00, 0x66, 0x75, 0x6e, 0x63, 0x74, 0x69, 0x6f, 0x6e,
  0x61, 0x6c, 0x5f, 0x32, 0x37, 0x5f, 0x31, 0x2f, 0x6c, 0x73, 0x74, 0x6d,
  0x5f, 0x36, 0x5f, 0x31, 0x2f, 0x6c, 0x73, 0x74, 0x6d, 0x5f, 0x63, 0x65,
  0x6c, 0x6c, 0x5f, 0x33, 0x2f, 0x61, 0x64, 0x64, 0x5f, 0x31, 0x00, 0x00,
  0x02, 0x00, 0x00, 0x00, 0x01, 0x00, 0x00, 0x00, 0x20, 0x00, 0x00, 0x00,
  0x3e, 0xde, 0xff, 0xff, 0x00, 0x00, 0x00, 0x01, 0x18, 0x00, 0x00, 0x00,
  0x20, 0x00, 0x00, 0x00, 0x3c, 0x00, 0x00, 0x00, 0x30, 0x00, 0x00, 0x00,
  0x00, 0x00, 0x00, 0x09, 0x60, 0x00, 0x00, 0x00, 0x02, 0x00, 0x00, 0x00,
  0xff, 0xff, 0xff, 0xff, 0x20, 0x00, 0x00, 0x00, 0x24, 0xde, 0xff, 0xff,
  0x08, 0x00, 0x00, 0x00, 0x10, 0x00, 0x00, 0x00, 0x01, 0x00, 0x00, 0x00,
  0xe2, 0xff, 0xff, 0xff, 0xff, 0xff, 0xff, 0xff, 0x01, 0x00, 0x00, 0x00,
  0xe2, 0x9b, 0x75, 0x3c, 0x28, 0x00, 0x00, 0x00, 0x66, 0x75, 0x6e, 0x63,
  0x74, 0x69, 0x6f, 0x6e, 0x61, 0x6c, 0x5f, 0x32, 0x37, 0x5f, 0x31, 0x2f,
  0x6c, 0x73, 0x74, 0x6d, 0x5f, 0x36, 0x5f, 0x31, 0x2f, 0x6c, 0x73, 0x74,
  0x6d, 0x5f, 0x63, 0x65, 0x6c, 0x6c, 0x5f, 0x33, 0x2f, 0x61, 0x64, 0x64,
  0x00, 0x00, 0x00, 0x00, 0x02, 0x00, 0x00, 0x00, 0x01, 0x00, 0x00, 0x00,
  0x20, 0x00, 0x00, 0x00, 0xc6, 0xde, 0xff, 0xff, 0x00, 0x00, 0x00, 0x01,
  0x18, 0x00, 0x00, 0x00, 0x20, 0x00, 0x00, 0x00, 0x3c, 0x00, 0x00, 0x00,
  0x2f, 0x00, 0x00, 0x00, 0x00, 0x00, 0x00, 0x09, 0x60, 0x00, 0x00, 0x00,
  0x02, 0x00, 0x00, 0x00, 0xff, 0xff, 0xff, 0xff, 0x20, 0x00, 0x00, 0x00,
  0xac, 0xde, 0xff, 0xff, 0x08, 0x00, 0x00, 0x00, 0x10, 0x00, 0x00, 0x00,
  0x01, 0x00, 0x00, 0x00, 0x03, 0x00, 0x00, 0x00, 0x00, 0x00, 0x00, 0x00,
  0x01, 0x00, 0x00, 0x00, 0x52, 0x00, 0x37, 0x3c, 0x2b, 0x00, 0x00, 0x00,
  0x66, 0x75, 0x6e, 0x63, 0x74, 0x69, 0x6f, 0x6e, 0x61, 0x6c, 0x5f, 0x32,
  0x37, 0x5f, 0x31, 0x2f, 0x6c, 0x73, 0x74, 0x6d, 0x5f, 0x36, 0x5f, 0x31,
  0x2f, 0x6c, 0x73, 0x74, 0x6d, 0x5f, 0x63, 0x65, 0x6c, 0x6c, 0x5f, 0x33,
  0x2f, 0x4d, 0x61, 0x74, 0x4d, 0x75, 0x6c, 0x00, 0x02, 0x00, 0x00, 0x00,
  0x01, 0x00, 0x00, 0x00, 0x20, 0x00, 0x00, 0x00, 0x4e, 0xdf, 0xff, 0xff,
  0x00, 0x00, 0x00, 0x01, 0x18, 0x00, 0x00, 0x00, 0x20, 0x00, 0x00, 0x00,
  0x40, 0x00, 0x00, 0x00, 0x2e, 0x00, 0x00, 0x00, 0x00, 0x00, 0x00, 0x09,
  0x68, 0x00, 0x00, 0x00, 0x02, 0x00, 0x00, 0x00, 0xff, 0xff, 0xff, 0xff,
  0x20, 0x00, 0x00, 0x00, 0x34, 0xdf, 0xff, 0xff, 0x08, 0x00, 0x00, 0x00,
  0x14, 0x00, 0x00, 0x00, 0x01, 0x00, 0x00, 0x00, 0x06, 0x00, 0x00, 0x00,
  0x00, 0x00, 0x00, 0x00, 0x00, 0x00, 0x00, 0x00, 0x01, 0x00, 0x00, 0x00,
  0xb7, 0x49, 0x43, 0x3c, 0x2c, 0x00, 0x00, 0x00, 0x66, 0x75, 0x6e, 0x63,
  0x74, 0x69, 0x6f, 0x6e, 0x61, 0x6c, 0x5f, 0x32, 0x37, 0x5f, 0x31, 0x2f,
  0x6c, 0x73, 0x74, 0x6d, 0x5f, 0x36, 0x5f, 0x31, 0x2f, 0x6c, 0x73, 0x74,
  0x6d, 0x5f, 0x63, 0x65, 0x6c, 0x6c, 0x5f, 0x31, 0x33, 0x2f, 0x4d, 0x61,
  0x74, 0x4d, 0x75, 0x6c, 0x00, 0x00, 0x00, 0x00, 0x02, 0x00, 0x00, 0x00,
  0x01, 0x00, 0x00, 0x00, 0x20, 0x00, 0x00, 0x00, 0xde, 0xdf, 0xff, 0xff,
  0x00, 0x00, 0x00, 0x01, 0x18, 0x00, 0x00, 0x00, 0x20, 0x00, 0x00, 0x00,
  0x40, 0x00, 0x00, 0x00, 0x2d, 0x00, 0x00, 0x00, 0x00, 0x00, 0x00, 0x09,
  0x68, 0x00, 0x00, 0x00, 0x02, 0x00, 0x00, 0x00, 0xff, 0xff, 0xff, 0xff,
  0x20, 0x00, 0x00, 0x00, 0xc4, 0xdf, 0xff, 0xff, 0x08, 0x00, 0x00, 0x00,
  0x14, 0x00, 0x00, 0x00, 0x01, 0x00, 0x00, 0x00, 0x03, 0x00, 0x00, 0x00,
  0x00, 0x00, 0x00, 0x00, 0x00, 0x00, 0x00, 0x00, 0x01, 0x00, 0x00, 0x00,
  0xc0, 0xc0, 0x2d, 0x3c, 0x2c, 0x00, 0x00, 0x00, 0x66, 0x75, 0x6e, 0x63,
  0x74, 0x69, 0x6f, 0x6e, 0x61, 0x6c, 0x5f, 0x32, 0x37, 0x5f, 0x31, 0x2f,
  0x6c, 0x73, 0x74, 0x6d, 0x5f, 0x36, 0x5f, 0x31, 0x2f, 0x6c, 0x73, 0x74,
  0x6d, 0x5f, 0x63, 0x65, 0x6c, 0x6c, 0x5f, 0x31, 0x31, 0x2f, 0x4d, 0x61,
  0x74, 0x4d, 0x75, 0x6c, 0x00, 0x00, 0x00, 0x00, 0x02, 0x00, 0x00, 0x00,
  0x01, 0x00, 0x00, 0x00, 0x20, 0x00, 0x00, 0x00, 0x6e, 0xe0, 0xff, 0xff,
  0x00, 0x00, 0x00, 0x01, 0x18, 0x00, 0x00, 0x00, 0x20, 0x00, 0x00, 0x00,
  0x40, 0x00, 0x00, 0x00, 0x2c, 0x00, 0x00, 0x00, 0x00, 0x00, 0x00, 0x09,
  0x68, 0x00, 0x00, 0x00, 0x02, 0x00, 0x00, 0x00, 0xff, 0xff, 0xff, 0xff,
  0x20, 0x00, 0x00, 0x00, 0x54, 0xe0, 0xff, 0xff, 0x08, 0x00, 0x00, 0x00,
  0x14, 0x00, 0x00, 0x00, 0x01, 0x00, 0x00, 0x00, 0xf6, 0xff, 0xff, 0xff,
  0xff, 0xff, 0xff, 0xff, 0x00, 0x00, 0x00, 0x00, 0x01, 0x00, 0x00, 0x00,
  0x44, 0x88, 0x9e, 0x3a, 0x2d, 0x00, 0x00, 0x00, 0x66, 0x75, 0x6e, 0x63,
  0x74, 0x69, 0x6f, 0x6e, 0x61, 0x6c, 0x5f, 0x32, 0x37, 0x5f, 0x31, 0x2f,
  0x6c, 0x73, 0x74, 0x6d, 0x5f, 0x36, 0x5f, 0x31, 0x2f, 0x6c, 0x73, 0x74,
  0x6d, 0x5f, 0x63, 0x65, 0x6c, 0x6c, 0x5f, 0x33, 0x2f, 0x4d, 0x61, 0x74,
  0x4d, 0x75, 0x6c, 0x5f, 0x31, 0x00, 0x00, 0x00, 0x02, 0x00, 0x00, 0x00,
  0x01, 0x00, 0x00, 0x00, 0x20, 0x00, 0x00, 0x00, 0xfe, 0xe0, 0xff, 0xff,
  0x00, 0x00, 0x00, 0x01, 0x18, 0x00, 0x00, 0x00, 0x20, 0x00, 0x00, 0x00,
  0x3c, 0x00, 0x00, 0x00, 0x2b, 0x00, 0x00, 0x00, 0x00, 0x00, 0x00, 0x09,
  0x60, 0x00, 0x00, 0x00, 0x02, 0x00, 0x00, 0x00, 0xff, 0xff, 0xff, 0xff,
  0x08, 0x00, 0x00, 0x00, 0xe4, 0xe0, 0xff, 0xff, 0x08, 0x00, 0x00, 0x00,
  0x10, 0x00, 0x00, 0x00, 0x01, 0x00, 0x00, 0x00, 0x0f, 0x00, 0x00, 0x00,
  0x00, 0x00, 0x00, 0x00, 0x01, 0x00, 0x00, 0x00, 0x2b, 0x8b, 0xee, 0x3a,
  0x2a, 0x00, 0x00, 0x00, 0x66, 0x75, 0x6e, 0x63, 0x74, 0x69, 0x6f, 0x6e,
  0x61, 0x6c, 0x5f, 0x32, 0x37, 0x5f, 0x31, 0x2f, 0x6c, 0x73, 0x74, 0x6d,
  0x5f, 0x36, 0x5f, 0x31, 0x2f, 0x6c, 0x73, 0x74, 0x6d, 0x5f, 0x63, 0x65,
  0x6c, 0x6c, 0x5f, 0x31, 0x2f, 0x6d, 0x75, 0x6c, 0x5f, 0x32, 0x00, 0x00,
  0x02, 0x00, 0x00, 0x00, 0x01, 0x00, 0x00, 0x00, 0x08, 0x00, 0x00, 0x00,
  0x86, 0xe1, 0xff, 0xff, 0x00, 0x00, 0x00, 0x01, 0x18, 0x00, 0x00, 0x00,
  0x20, 0x00, 0x00, 0x00, 0x3c, 0x00, 0x00, 0x00, 0x2a, 0x00, 0x00, 0x00,
  0x00, 0x00, 0x00, 0x09, 0x60, 0x00, 0x00, 0x00, 0x02, 0x00, 0x00, 0x00,
  0xff, 0xff, 0xff, 0xff, 0x08, 0x00, 0x00, 0x00, 0x6c, 0xe1, 0xff, 0xff,
  0x08, 0x00, 0x00, 0x00, 0x10, 0x00, 0x00, 0x00, 0x01, 0x00, 0x00, 0x00,
  0x00, 0x00, 0x00, 0x00, 0x00, 0x00, 0x00, 0x00, 0x01, 0x00, 0x00, 0x00,
  0x00, 0x00, 0x00, 0x3c, 0x2b, 0x00, 0x00, 0x00, 0x66, 0x75, 0x6e, 0x63,
  0x74, 0x69, 0x6f, 0x6e, 0x61, 0x6c, 0x5f, 0x32, 0x37, 0x5f, 0x31, 0x2f,
  0x6c, 0x73, 0x74, 0x6d, 0x5f, 0x36, 0x5f, 0x31, 0x2f, 0x6c, 0x73, 0x74,
  0x6d, 0x5f, 0x63, 0x65, 0x6c, 0x6c, 0x5f, 0x31, 0x2f, 0x54, 0x61, 0x6e,
  0x68, 0x5f, 0x31, 0x00, 0x02, 0x00, 0x00, 0x00, 0x01, 0x00, 0x00, 0x00,
  0x08, 0x00, 0x00, 0x00, 0x0e, 0xe2, 0xff, 0xff, 0x00, 0x00, 0x00, 0x01,
  0x18, 0x00, 0x00, 0x00, 0x20, 0x00, 0x00, 0x00, 0x3c, 0x00, 0x00, 0x00,
  0x29, 0x00, 0x00, 0x00, 0x00, 0x00, 0x00, 0x09, 0x60, 0x00, 0x00, 0x00,
  0x02, 0x00, 0x00, 0x00, 0xff, 0xff, 0xff, 0xff, 0x08, 0x00, 0x00, 0x00,
  0xf4, 0xe1, 0xff, 0xff, 0x08, 0x00, 0x00, 0x00, 0x10, 0x00, 0x00, 0x00,
  0x01, 0x00, 0x00, 0x00, 0x05, 0x00, 0x00, 0x00, 0x00, 0x00, 0x00, 0x00,
  0x01, 0x00, 0x00, 0x00, 0x12, 0xde, 0x5f, 0x3b, 0x2a, 0x00, 0x00, 0x00,
  0x66, 0x75, 0x6e, 0x63, 0x74, 0x69, 0x6f, 0x6e, 0x61, 0x6c, 0x5f, 0x32,
  0x37, 0x5f, 0x31, 0x2f, 0x6c, 0x73, 0x74, 0x6d, 0x5f, 0x36, 0x5f, 0x31,
  0x2f, 0x6c, 0x73, 0x74, 0x6d, 0x5f, 0x63, 0x65, 0x6c, 0x6c, 0x5f, 0x31,
  0x2f, 0x61, 0x64, 0x64, 0x5f, 0x32, 0x00, 0x00, 0x02, 0x00, 0x00, 0x00,
  0x01, 0x00, 0x00, 0x00, 0x08, 0x00, 0x00, 0x00, 0x96, 0xe2, 0xff, 0xff,
  0x00, 0x00, 0x00, 0x01, 0x18, 0x00, 0x00, 0x00, 0x20, 0x00, 0x00, 0x00,
  0x3c, 0x00, 0x00, 0x00, 0x28, 0x00, 0x00, 0x00, 0x00, 0x00, 0x00, 0x09,
  0x60, 0x00, 0x00, 0x00, 0x02, 0x00, 0x00, 0x00, 0xff, 0xff, 0xff, 0xff,
  0x08, 0x00, 0x00, 0x00, 0x7c, 0xe2, 0xff, 0xff, 0x08, 0x00, 0x00, 0x00,
  0x10, 0x00, 0x00, 0x00, 0x01, 0x00, 0x00, 0x00, 0x05, 0x00, 0x00, 0x00,
  0x00, 0x00, 0x00, 0x00, 0x01, 0x00, 0x00, 0x00, 0x12, 0xde, 0x5f, 0x3b,
  0x2a, 0x00, 0x00, 0x00, 0x66, 0x75, 0x6e, 0x63, 0x74, 0x69, 0x6f, 0x6e,
  0x61, 0x6c, 0x5f, 0x32, 0x37, 0x5f, 0x31, 0x2f, 0x6c, 0x73, 0x74, 0x6d,
  0x5f, 0x36, 0x5f, 0x31, 0x2f, 0x6c, 0x73, 0x74, 0x6d, 0x5f, 0x63, 0x65,
  0x6c, 0x6c, 0x5f, 0x31, 0x2f, 0x6d, 0x75, 0x6c, 0x5f, 0x31, 0x00, 0x00,
  0x02, 0x00, 0x00, 0x00, 0x01, 0x00, 0x00, 0x00, 0x08, 0x00, 0x00, 0x00,
  0x1e, 0xe3, 0xff, 0xff, 0x00, 0x00, 0x00, 0x01, 0x18, 0x00, 0x00, 0x00,
  0x20, 0x00, 0x00, 0x00, 0x3c, 0x00, 0x00, 0x00, 0x27, 0x00, 0x00, 0x00,
  0x00, 0x00, 0x00, 0x09, 0x60, 0x00, 0x00, 0x00, 0x02, 0x00, 0x00, 0x00,
  0xff, 0xff, 0xff, 0xff, 0x08, 0x00, 0x00, 0x00, 0x04, 0xe3, 0xff, 0xff,
  0x08, 0x00, 0x00, 0x00, 0x10, 0x00, 0x00, 0x00, 0x01, 0x00, 0x00, 0x00,
  0x00, 0x00, 0x00, 0x00, 0x00, 0x00, 0x00, 0x00, 0x01, 0x00, 0x00, 0x00,
  0x00, 0x00, 0x00, 0x3c, 0x29, 0x00, 0x00, 0x00, 0x66, 0x75, 0x6e, 0x63,
  0x74, 0x69, 0x6f, 0x6e, 0x61, 0x6c, 0x5f, 0x32, 0x37, 0x5f, 0x31, 0x2f,
  0x6c, 0x73, 0x74, 0x6d, 0x5f, 0x36, 0x5f, 0x31, 0x2f, 0x6c, 0x73, 0x74,
  0x6d, 0x5f, 0x63, 0x65, 0x6c, 0x6c, 0x5f, 0x31, 0x2f, 0x54, 0x61, 0x6e,
  0x68, 0x00, 0x00, 0x00, 0x02, 0x00, 0x00, 0x00, 0x01, 0x00, 0x00, 0x00,
  0x08, 0x00, 0x00, 0x00, 0xa6, 0xe3, 0xff, 0xff, 0x00, 0x00, 0x00, 0x01,
  0x18, 0x00, 0x00, 0x00, 0x20, 0x00, 0x00, 0x00, 0x40, 0x00, 0x00, 0x00,
  0x26, 0x00, 0x00, 0x00, 0x00, 0x00, 0x00, 0x09, 0x68, 0x00, 0x00, 0x00,
  0x02, 0x00, 0x00, 0x00, 0xff, 0xff, 0xff, 0xff, 0x08, 0x00, 0x00, 0x00,
  0x8c, 0xe3, 0xff, 0xff, 0x08, 0x00, 0x00, 0x00, 0x14, 0x00, 0x00, 0x00,
  0x01, 0x00, 0x00, 0x00, 0x80, 0xff, 0xff, 0xff, 0xff, 0xff, 0xff, 0xff,
  0x00, 0x00, 0x00, 0x00, 0x01, 0x00, 0x00, 0x00, 0x00, 0x00, 0x80, 0x3b,
  0x2e, 0x00, 0x00, 0x00, 0x66, 0x75, 0x6e, 0x63, 0x74, 0x69, 0x6f, 0x6e,
  0x61, 0x6c, 0x5f, 0x32, 0x37, 0x5f, 0x31, 0x2f, 0x6c, 0x73, 0x74, 0x6d,
  0x5f, 0x36, 0x5f, 0x31, 0x2f, 0x6c, 0x73, 0x74, 0x6d, 0x5f, 0x63, 0x65,
  0x6c, 0x6c, 0x5f, 0x31, 0x2f, 0x53, 0x69, 0x67, 0x6d, 0x6f, 0x69, 0x64,
  0x5f, 0x32, 0x00, 0x00, 0x02, 0x00, 0x00, 0x00, 0x01, 0x00, 0x00, 0x00,
  0x08, 0x00, 0x00, 0x00, 0x36, 0xe4, 0xff, 0xff, 0x00, 0x00, 0x00, 0x01,
  0x18, 0x00, 0x00, 0x00, 0x20, 0x00, 0x00, 0x00, 0x3c, 0x00, 0x00, 0x00,
  0x25, 0x00, 0x00, 0x00, 0x00, 0x00, 0x00, 0x09, 0x60, 0x00, 0x00, 0x00,
  0x02, 0x00, 0x00, 0x00, 0xff, 0xff, 0xff, 0xff, 0x08, 0x00, 0x00, 0x00,
  0x1c, 0xe4, 0xff, 0xff, 0x08, 0x00, 0x00, 0x00, 0x10, 0x00, 0x00, 0x00,
  0x01, 0x00, 0x00, 0x00, 0x05, 0x00, 0x00, 0x00, 0x00, 0x00, 0x00, 0x00,
  0x01, 0x00, 0x00, 0x00, 0x12, 0xde, 0x5f, 0x3b, 0x28, 0x00, 0x00, 0x00,
  0x66, 0x75, 0x6e, 0x63, 0x74, 0x69, 0x6f, 0x6e, 0x61, 0x6c, 0x5f, 0x32,
  0x37, 0x5f, 0x31, 0x2f, 0x6c, 0x73, 0x74, 0x6d, 0x5f, 0x36, 0x5f, 0x31,
  0x2f, 0x6c, 0x73, 0x74, 0x6d, 0x5f, 0x63, 0x65, 0x6c, 0x6c, 0x5f, 0x31,
  0x2f, 0x6d, 0x75, 0x6c, 0x00, 0x00, 0x00, 0x00, 0x02, 0x00, 0x00, 0x00,
  0x01, 0x00, 0x00, 0x00, 0x08, 0x00, 0x00, 0x00, 0xbe, 0xe4, 0xff, 0xff,
  0x00, 0x00, 0x00, 0x01, 0x18, 0x00, 0x00, 0x00, 0x20, 0x00, 0x00, 0x00,
  0x40, 0x00, 0x00, 0x00, 0x24, 0x00, 0x00, 0x00, 0x00, 0x00, 0x00, 0x09,
  0x68, 0x00, 0x00, 0x00, 0x02, 0x00, 0x00, 0x00, 0xff, 0xff, 0xff, 0xff,
  0x08, 0x00, 0x00, 0x00, 0xa4, 0xe4, 0xff, 0xff, 0x08, 0x00, 0x00, 0x00,
  0x14, 0x00, 0x00, 0x00, 0x01, 0x00, 0x00, 0x00, 0x80, 0xff, 0xff, 0xff,
  0xff, 0xff, 0xff, 0xff, 0x00, 0x00, 0x00, 0x00, 0x01, 0x00, 0x00, 0x00,
  0x00, 0x00, 0x80, 0x3b, 0x2e, 0x00, 0x00, 0x00, 0x66, 0x75, 0x6e, 0x63,
  0x74, 0x69, 0x6f, 0x6e, 0x61, 0x6c, 0x5f, 0x32, 0x37, 0x5f, 0x31, 0x2f,
  0x6c, 0x73, 0x74, 0x6d, 0x5f, 0x36, 0x5f, 0x31, 0x2f, 0x6c, 0x73, 0x74,
  0x6d, 0x5f, 0x63, 0x65, 0x6c, 0x6c, 0x5f, 0x31, 0x2f, 0x53, 0x69, 0x67,
  0x6d, 0x6f, 0x69, 0x64, 0x5f, 0x31, 0x00, 0x00, 0x02, 0x00, 0x00, 0x00,
  0x01, 0x00, 0x00, 0x00, 0x08, 0x00, 0x00, 0x00, 0x4e, 0xe5, 0xff, 0xff,
  0x00, 0x00, 0x00, 0x01, 0x18, 0x00, 0x00, 0x00, 0x20, 0x00, 0x00, 0x00,
  0x40, 0x00, 0x00, 0x00, 0x23, 0x00, 0x00, 0x00, 0x00, 0x00, 0x00, 0x09,
  0x68, 0x00, 0x00, 0x00, 0x02, 0x00, 0x00, 0x00, 0xff, 0xff, 0xff, 0xff,
  0x08, 0x00, 0x00, 0x00, 0x34, 0xe5, 0xff, 0xff, 0x08, 0x00, 0x00, 0x00,
  0x14, 0x00, 0x00, 0x00, 0x01, 0x00, 0x00, 0x00, 0x80, 0xff, 0xff, 0xff,
  0xff, 0xff, 0xff, 0xff, 0x00, 0x00, 0x00, 0x00, 0x01, 0x00, 0x00, 0x00,
  0x00, 0x00, 0x80, 0x3b, 0x2c, 0x00, 0x00, 0x00, 0x66, 0x75, 0x6e, 0x63,
  0x74, 0x69, 0x6f, 0x6e, 0x61, 0x6c, 0x5f, 0x32, 0x37, 0x5f, 0x31, 0x2f,
  0x6c, 0x73, 0x74, 0x6d, 0x5f, 0x36, 0x5f, 0x31, 0x2f, 0x6c, 0x73, 0x74,
  0x6d, 0x5f, 0x63, 0x65, 0x6c, 0x6c, 0x5f, 0x31, 0x2f, 0x53, 0x69, 0x67,
  0x6d, 0x6f, 0x69, 0x64, 0x00, 0x00, 0x00, 0x00, 0x02, 0x00, 0x00, 0x00,
  0x01, 0x00, 0x00, 0x00, 0x08, 0x00, 0x00, 0x00, 0xde, 0xe5, 0xff, 0xff,
  0x00, 0x00, 0x00, 0x01, 0x18, 0x00, 0x00, 0x00, 0x20, 0x00, 0x00, 0x00,
  0x40, 0x00, 0x00, 0x00, 0x22, 0x00, 0x00, 0x00, 0x00, 0x00, 0x00, 0x09,
  0xe8, 0x00, 0x00, 0x00, 0x02, 0x00, 0x00, 0x00, 0xff, 0xff, 0xff, 0xff,
  0x08, 0x00, 0x00, 0x00, 0xc4, 0xe5, 0xff, 0xff, 0x08, 0x00, 0x00, 0x00,
  0x14, 0x00, 0x00, 0x00, 0x01, 0x00, 0x00, 0x00, 0xda, 0xff, 0xff, 0xff,
  0xff, 0xff, 0xff, 0xff, 0x00, 0x00, 0x00, 0x00, 0x01, 0x00, 0x00, 0x00,
  0xaa, 0x18, 0x70, 0x3c, 0xaf, 0x00, 0x00, 0x00, 0x66, 0x75, 0x6e, 0x63,
  0x74, 0x69, 0x6f, 0x6e, 0x61, 0x6c, 0x5f, 0x32, 0x37, 0x5f, 0x31, 0x2f,
  0x6c, 0x73, 0x74, 0x6d, 0x5f, 0x36, 0x5f, 0x31, 0x2f, 0x6c, 0x73, 0x74,
  0x6d, 0x5f, 0x63, 0x65, 0x6c, 0x6c, 0x5f, 0x31, 0x2f, 0x73, 0x70, 0x6c,
  0x69, 0x74, 0x3b, 0x66, 0x75, 0x6e, 0x63, 0x74, 0x69, 0x6f, 0x6e, 0x61,
  0x6c, 0x5f, 0x32, 0x37, 0x5f, 0x31, 0x2f, 0x6c, 0x73, 0x74, 0x6d, 0x5f,
  0x36, 0x5f, 0x31, 0x2f, 0x6c, 0x73, 0x74, 0x6d, 0x5f, 0x63, 0x65, 0x6c,
  0x6c, 0x5f, 0x31, 0x2f, 0x73, 0x70, 0x6c, 0x69, 0x74, 0x31, 0x3b, 0x66,
  0x75, 0x6e, 0x63, 0x74, 0x69, 0x6f, 0x6e, 0x61, 0x6c, 0x5f, 0x32, 0x37,
  0x5f, 0x31, 0x2f, 0x6c, 0x73, 0x74, 0x6d, 0x5f, 0x36, 0x5f, 0x31, 0x2f,
  0x6c, 0x73, 0x74, 0x6d, 0x5f, 0x63, 0x65, 0x6c, 0x6c, 0x5f, 0x31, 0x2f,
  0x73, 0x70, 0x6c, 0x69, 0x74, 0x32, 0x3b, 0x66, 0x75, 0x6e, 0x63, 0x74,
  0x69, 0x6f, 0x6e, 0x61, 0x6c, 0x5f, 0x32, 0x37, 0x5f, 0x31, 0x2f, 0x6c,
  0x73, 0x74, 0x6d, 0x5f, 0x36, 0x5f, 0x31, 0x2f, 0x6c, 0x73, 0x74, 0x6d,
  0x5f, 0x63, 0x65, 0x6c, 0x6c, 0x5f, 0x31, 0x2f, 0x73, 0x70, 0x6c, 0x69,
  0x74, 0x33, 0x33, 0x00, 0x02, 0x00, 0x00, 0x00, 0x01, 0x00, 0x00, 0x00,
  0x08, 0x00, 0x00, 0x00, 0xee, 0xe6, 0xff, 0xff, 0x00, 0x00, 0x00, 0x01,
  0x18, 0x00, 0x00, 0x00, 0x20, 0x00, 0x00, 0x00, 0x40, 0x00, 0x00, 0x00,
  0x21, 0x00, 0x00, 0x00, 0x00, 0x00, 0x00, 0x09, 0xe8, 0x00, 0x00, 0x00,
  0x02, 0x00, 0x00, 0x00, 0xff, 0xff, 0xff, 0xff, 0x08, 0x00, 0x00, 0x00,
  0xd4, 0xe6, 0xff, 0xff, 0x08, 0x00, 0x00, 0x00, 0x14, 0x00, 0x00, 0x00,
  0x01, 0x00, 0x00, 0x00, 0xda, 0xff, 0xff, 0xff, 0xff, 0xff, 0xff, 0xff,
  0x00, 0x00, 0x00, 0x00, 0x01, 0x00, 0x00, 0x00, 0xaa, 0x18, 0x70, 0x3c,
  0xaf, 0x00, 0x00, 0x00, 0x66, 0x75, 0x6e, 0x63, 0x74, 0x69, 0x6f, 0x6e,
  0x61, 0x6c, 0x5f, 0x32, 0x37, 0x5f, 0x31, 0x2f, 0x6c, 0x73, 0x74, 0x6d,
  0x5f, 0x36, 0x5f, 0x31, 0x2f, 0x6c, 0x73, 0x74, 0x6d, 0x5f, 0x63, 0x65,
  0x6c, 0x6c, 0x5f, 0x31, 0x2f, 0x73, 0x70, 0x6c, 0x69, 0x74, 0x3b, 0x66,
  0x75, 0x6e, 0x63, 0x74, 0x69, 0x6f, 0x6e, 0x61, 0x6c, 0x5f, 0x32, 0x37,
  0x5f, 0x31, 0x2f, 0x6c, 0x73, 0x74, 0x6d, 0x5f, 0x36, 0x5f, 0x31, 0x2f,
  0x6c, 0x73, 0x74, 0x6d, 0x5f, 0x63, 0x65, 0x6c, 0x6c, 0x5f, 0x31, 0x2f,
  0x73, 0x70, 0x6c, 0x69, 0x74, 0x31, 0x3b, 0x66, 0x75, 0x6e, 0x63, 0x74,
  0x69, 0x6f, 0x6e, 0x61, 0x6c, 0x5f, 0x32, 0x37, 0x5f, 0x31, 0x2f, 0x6c,
  0x73, 0x74, 0x6d, 0x5f, 0x36, 0x5f, 0x31, 0x2f, 0x6c, 0x73, 0x74, 0x6d,
  0x5f, 0x63, 0x65, 0x6c, 0x6c, 0x5f, 0x31, 0x2f, 0x73, 0x70, 0x6c, 0x69,
  0x74, 0x32, 0x3b, 0x66, 0x75, 0x6e, 0x63, 0x74, 0x69, 0x6f, 0x6e, 0x61,
  0x6c, 0x5f, 0x32, 0x37, 0x5f, 0x31, 0x2f, 0x6c, 0x73, 0x74, 0x6d, 0x5f,
  0x36, 0x5f, 0x31, 0x2f, 0x6c, 0x73, 0x74, 0x6d, 0x5f, 0x63, 0x65, 0x6c,
  0x6c, 0x5f, 0x31, 0x2f, 0x73, 0x70, 0x6c, 0x69, 0x74, 0x33, 0x32, 0x00,
  0x02, 0x00, 0x00, 0x00, 0x01, 0x00, 0x00, 0x00, 0x08, 0x00, 0x00, 0x00,
  0xfe, 0xe7, 0xff, 0xff, 0x00, 0x00, 0x00, 0x01, 0x18, 0x00, 0x00, 0x00,
  0x20, 0x00, 0x00, 0x00, 0x40, 0x00, 0x00, 0x00, 0x20, 0x00, 0x00, 0x00,
  0x00, 0x00, 0x00, 0x09, 0xe8, 0x00, 0x00, 0x00, 0x02, 0x00, 0x00, 0x00,
  0xff, 0xff, 0xff, 0xff, 0x08, 0x00, 0x00, 0x00, 0xe4, 0xe7, 0xff, 0xff,
  0x08, 0x00, 0x00, 0x00, 0x14, 0x00, 0x00, 0x00, 0x01, 0x00, 0x00, 0x00,
  0xda, 0xff, 0xff, 0xff, 0xff, 0xff, 0xff, 0xff, 0x00, 0x00, 0x00, 0x00,
  0x01, 0x00, 0x00, 0x00, 0xaa, 0x18, 0x70, 0x3c, 0xaf, 0x00, 0x00, 0x00,
  0x66, 0x75, 0x6e, 0x63, 0x74, 0x69, 0x6f, 0x6e, 0x61, 0x6c, 0x5f, 0x32,
  0x37, 0x5f, 0x31, 0x2f, 0x6c, 0x73, 0x74, 0x6d, 0x5f, 0x36, 0x5f, 0x31,
  0x2f, 0x6c, 0x73, 0x74, 0x6d, 0x5f, 0x63, 0x65, 0x6c, 0x6c, 0x5f, 0x31,
  0x2f, 0x73, 0x70, 0x6c, 0x69, 0x74, 0x3b, 0x66, 0x75, 0x6e, 0x63, 0x74,
  0x69, 0x6f, 0x6e, 0x61, 0x6c, 0x5f, 0x32, 0x37, 0x5f, 0x31, 0x2f, 0x6c,
  0x73, 0x74, 0x6d, 0x5f, 0x36, 0x5f, 0x31, 0x2f, 0x6c, 0x73, 0x74, 0x6d,
  0x5f, 0x63, 0x65, 0x6c, 0x6c, 0x5f, 0x31, 0x2f, 0x73, 0x70, 0x6c, 0x69,
  0x74, 0x31, 0x3b, 0x66, 0x75, 0x6e, 0x63, 0x74, 0x69, 0x6f, 0x6e, 0x61,
  0x6c, 0x5f, 0x32, 0x37, 0x5f, 0x31, 0x2f, 0x6c, 0x73, 0x74, 0x6d, 0x5f,
  0x36, 0x5f, 0x31, 0x2f, 0x6c, 0x73, 0x74, 0x6d, 0x5f, 0x63, 0x65, 0x6c,
  0x6c, 0x5f, 0x31, 0x2f, 0x73, 0x70, 0x6c, 0x69, 0x74, 0x32, 0x3b, 0x66,
  0x75, 0x6e, 0x63, 0x74, 0x69, 0x6f, 0x6e, 0x61, 0x6c, 0x5f, 0x32, 0x37,
  0x5f, 0x31, 0x2f, 0x6c, 0x73, 0x74, 0x6d, 0x5f, 0x36, 0x5f, 0x31, 0x2f,
  0x6c, 0x73, 0x74, 0x6d, 0x5f, 0x63, 0x65, 0x6c, 0x6c, 0x5f, 0x31, 0x2f,
  0x73, 0x70, 0x6c, 0x69, 0x74, 0x33, 0x31, 0x00, 0x02, 0x00, 0x00, 0x00,
  0x01, 0x00, 0x00, 0x00, 0x08, 0x00, 0x00, 0x00, 0x0e, 0xe9, 0xff, 0xff,
  0x00, 0x00, 0x00, 0x01, 0x18, 0x00, 0x00, 0x00, 0x20, 0x00, 0x00, 0x00,
  0x40, 0x00, 0x00, 0x00, 0x1f, 0x00, 0x00, 0x00, 0x00, 0x00, 0x00, 0x09,
  0xe8, 0x00, 0x00, 0x00, 0x02, 0x00, 0x00, 0x00, 0xff, 0xff, 0xff, 0xff,
  0x08, 0x00, 0x00, 0x00, 0xf4, 0xe8, 0xff, 0xff, 0x08, 0x00, 0x00, 0x00,
  0x14, 0x00, 0x00, 0x00, 0x01, 0x00, 0x00, 0x00, 0xda, 0xff, 0xff, 0xff,
  0xff, 0xff, 0xff, 0xff, 0x00, 0x00, 0x00, 0x00, 0x01, 0x00, 0x00, 0x00,
  0xaa, 0x18, 0x70, 0x3c, 0xae, 0x00, 0x00, 0x00, 0x66, 0x75, 0x6e, 0x63,
  0x74, 0x69, 0x6f, 0x6e, 0x61, 0x6c, 0x5f, 0x32, 0x37, 0x5f, 0x31, 0x2f,
  0x6c, 0x73, 0x74, 0x6d, 0x5f, 0x36, 0x5f, 0x31, 0x2f, 0x6c, 0x73, 0x74,
  0x6d, 0x5f, 0x63, 0x65, 0x6c, 0x6c, 0x5f, 0x31, 0x2f, 0x73, 0x70, 0x6c,
  0x69, 0x74, 0x3b, 0x66, 0x75, 0x6e, 0x63, 0x74, 0x69, 0x6f, 0x6e, 0x61,
  0x6c, 0x5f, 0x32, 0x37, 0x5f, 0x31, 0x2f, 0x6c, 0x73, 0x74, 0x6d, 0x5f,
  0x36, 0x5f, 0x31, 0x2f, 0x6c, 0x73, 0x74, 0x6d, 0x5f, 0x63, 0x65, 0x6c,
  0x6c, 0x5f, 0x31, 0x2f, 0x73, 0x70, 0x6c, 0x69, 0x74, 0x31, 0x3b, 0x66,
  0x75, 0x6e, 0x63, 0x74, 0x69, 0x6f, 0x6e, 0x61, 0x6c, 0x5f, 0x32, 0x37,
  0x5f, 0x31, 0x2f, 0x6c, 0x73, 0x74, 0x6d, 0x5f, 0x36, 0x5f, 0x31, 0x2f,
  0x6c, 0x73, 0x74, 0x6d, 0x5f, 0x63, 0x65, 0x6c, 0x6c, 0x5f, 0x31, 0x2f,
  0x73, 0x70, 0x6c, 0x69, 0x74, 0x32, 0x3b, 0x66, 0x75, 0x6e, 0x63, 0x74,
  0x69, 0x6f, 0x6e, 0x61, 0x6c, 0x5f, 0x32, 0x37, 0x5f, 0x31, 0x2f, 0x6c,
  0x73, 0x74, 0x6d, 0x5f, 0x36, 0x5f, 0x31, 0x2f, 0x6c, 0x73, 0x74, 0x6d,
  0x5f, 0x63, 0x65, 0x6c, 0x6c, 0x5f, 0x31, 0x2f, 0x73, 0x70, 0x6c, 0x69,
  0x74, 0x33, 0x00, 0x00, 0x02, 0x00, 0x00, 0x00, 0x01, 0x00, 0x00, 0x00,
  0x08, 0x00, 0x00, 0x00, 0x1e, 0xea, 0xff, 0xff, 0x00, 0x00, 0x00, 0x01,
  0x18, 0x00, 0x00, 0x00, 0x20, 0x00, 0x00, 0x00, 0x3c, 0x00, 0x00, 0x00,
  0x1e, 0x00, 0x00, 0x00, 0x00, 0x00, 0x00, 0x09, 0x60, 0x00, 0x00, 0x00,
  0x02, 0x00, 0x00, 0x00, 0xff, 0xff, 0xff, 0xff, 0x20, 0x00, 0x00, 0x00,
  0x04, 0xea, 0xff, 0xff, 0x08, 0x00, 0x00, 0x00, 0x10, 0x00, 0x00, 0x00,
  0x01, 0x00, 0x00, 0x00, 0xda, 0xff, 0xff, 0xff, 0xff, 0xff, 0xff, 0xff,
  0x01, 0x00, 0x00, 0x00, 0xaa, 0x18, 0x70, 0x3c, 0x2a, 0x00, 0x00, 0x00,
  0x66, 0x75, 0x6e, 0x63, 0x74, 0x69, 0x6f, 0x6e, 0x61, 0x6c, 0x5f, 0x32,
  0x37, 0x5f, 0x31, 0x2f, 0x6c, 0x73, 0x74, 0x6d, 0x5f, 0x36, 0x5f, 0x31,
  0x2f, 0x6c, 0x73, 0x74, 0x6d, 0x5f, 0x63, 0x65, 0x6c, 0x6c, 0x5f, 0x31,
  0x2f, 0x61, 0x64, 0x64, 0x5f, 0x31, 0x00, 0x00, 0x02, 0x00, 0x00, 0x00,
  0x01, 0x00, 0x00, 0x00, 0x20, 0x00, 0x00, 0x00, 0xa6, 0xea, 0xff, 0xff,
  0x00, 0x00, 0x00, 0x01, 0x18, 0x00, 0x00, 0x00, 0x20, 0x00, 0x00, 0x00,
  0x3c, 0x00, 0x00, 0x00, 0x1d, 0x00, 0x00, 0x00, 0x00, 0x00, 0x00, 0x09,
  0x60, 0x00, 0x00, 0x00, 0x02, 0x00, 0x00, 0x00, 0xff, 0xff, 0xff, 0xff,
  0x20, 0x00, 0x00, 0x00, 0x8c, 0xea, 0xff, 0xff, 0x08, 0x00, 0x00, 0x00,
  0x10, 0x00, 0x00, 0x00, 0x01, 0x00, 0x00, 0x00, 0xde, 0xff, 0xff, 0xff,
  0xff, 0xff, 0xff, 0xff, 0x01, 0x00, 0x00, 0x00, 0x55, 0xaf, 0x76, 0x3c,
  0x28, 0x00, 0x00, 0x00, 0x66, 0x75, 0x6e, 0x63, 0x74, 0x69, 0x6f, 0x6e,
  0x61, 0x6c, 0x5f, 0x32, 0x37, 0x5f, 0x31, 0x2f, 0x6c, 0x73, 0x74, 0x6d,
  0x5f, 0x36, 0x5f, 0x31, 0x2f, 0x6c, 0x73, 0x74, 0x6d, 0x5f, 0x63, 0x65,
  0x6c, 0x6c, 0x5f, 0x31, 0x2f, 0x61, 0x64, 0x64, 0x00, 0x00, 0x00, 0x00,
  0x02, 0x00, 0x00, 0x00, 0x01, 0x00, 0x00, 0x00, 0x20, 0x00, 0x00, 0x00,
  0x2e, 0xeb, 0xff, 0xff, 0x00, 0x00, 0x00, 0x01, 0x18, 0x00, 0x00, 0x00,
  0x20, 0x00, 0x00, 0x00, 0x3c, 0x00, 0x00, 0x00, 0x1c, 0x00, 0x00, 0x00,
  0x00, 0x00, 0x00, 0x09, 0x60, 0x00, 0x00, 0x00, 0x02, 0x00, 0x00, 0x00,
  0xff, 0xff, 0xff, 0xff, 0x20, 0x00, 0x00, 0x00, 0x14, 0xeb, 0xff, 0xff,
  0x08, 0x00, 0x00, 0x00, 0x10, 0x00, 0x00, 0x00, 0x01, 0x00, 0x00, 0x00,
  0xff, 0xff, 0xff, 0xff, 0xff, 0xff, 0xff, 0xff, 0x01, 0x00, 0x00, 0x00,
  0xda, 0x6d, 0x36, 0x3c, 0x2b, 0x00, 0x00, 0x00, 0x66, 0x75, 0x6e, 0x63,
  0x74, 0x69, 0x6f, 0x6e, 0x61, 0x6c, 0x5f, 0x32, 0x37, 0x5f, 0x31, 0x2f,
  0x6c, 0x73, 0x74, 0x6d, 0x5f, 0x36, 0x5f, 0x31, 0x2f, 0x6c, 0x73, 0x74,
  0x6d, 0x5f, 0x63, 0x65, 0x6c, 0x6c, 0x5f, 0x31, 0x2f, 0x4d, 0x61, 0x74,
  0x4d, 0x75, 0x6c, 0x00, 0x02, 0x00, 0x00, 0x00, 0x01, 0x00, 0x00, 0x00,
  0x20, 0x00, 0x00, 0x00, 0xb6, 0xeb, 0xff, 0xff, 0x00, 0x00, 0x00, 0x01,
  0x18, 0x00, 0x00, 0x00, 0x20, 0x00, 0x00, 0x00, 0x40, 0x00, 0x00, 0x00,
  0x1b, 0x00, 0x00, 0x00, 0x00, 0x00, 0x00, 0x09, 0x28, 0x01, 0x00, 0x00,
  0x02, 0x00, 0x00, 0x00, 0xff, 0xff, 0xff, 0xff, 0x10, 0x00, 0x00, 0x00,
  0x9c, 0xeb, 0xff, 0xff, 0x08, 0x00, 0x00, 0x00, 0x14, 0x00, 0x00, 0x00,
  0x01, 0x00, 0x00, 0x00, 0x80, 0xff, 0xff, 0xff, 0xff, 0xff, 0xff, 0xff,
  0x00, 0x00, 0x00, 0x00, 0x01, 0x00, 0x00, 0x00, 0xe4, 0x7f, 0x80, 0x3b,
  0xed, 0x00, 0x00, 0x00, 0x66, 0x75, 0x6e, 0x63, 0x74, 0x69, 0x6f, 0x6e,
  0x61, 0x6c, 0x5f, 0x32, 0x37, 0x5f, 0x31, 0x2f, 0x6c, 0x73, 0x74, 0x6d,
  0x5f, 0x36, 0x5f, 0x31, 0x2f, 0x75, 0x6e, 0x73, 0x74, 0x61, 0x63, 0x6b,
  0x3b, 0x66, 0x75, 0x6e, 0x63, 0x74, 0x69, 0x6f, 0x6e, 0x61, 0x6c, 0x5f,
  0x32, 0x37, 0x5f, 0x31, 0x2f, 0x6c, 0x73, 0x74, 0x6d, 0x5f, 0x36, 0x5f,
  0x31, 0x2f, 0x75, 0x6e, 0x73, 0x74, 0x61, 0x63, 0x6b, 0x31, 0x3b, 0x66,
  0x75, 0x6e, 0x63, 0x74, 0x69, 0x6f, 0x6e, 0x61, 0x6c, 0x5f, 0x32, 0x37,
  0x5f, 0x31, 0x2f, 0x6c, 0x73, 0x74, 0x6d, 0x5f, 0x36, 0x5f, 0x31, 0x2f,
  0x75, 0x6e, 0x73, 0x74, 0x61, 0x63, 0x6b, 0x32, 0x3b, 0x66, 0x75, 0x6e,
  0x63, 0x74, 0x69, 0x6f, 0x6e, 0x61, 0x6c, 0x5f, 0x32, 0x37, 0x5f, 0x31,
  0x2f, 0x6c, 0x73, 0x74, 0x6d, 0x5f, 0x36, 0x5f, 0x31, 0x2f, 0x75, 0x6e,
  0x73, 0x74, 0x61, 0x63, 0x6b, 0x33, 0x3b, 0x66, 0x75, 0x6e, 0x63, 0x74,
  0x69, 0x6f, 0x6e, 0x61, 0x6c, 0x5f, 0x32, 0x37, 0x5f, 0x31, 0x2f, 0x6c,
  0x73, 0x74, 0x6d, 0x5f, 0x36, 0x5f, 0x31, 0x2f, 0x75, 0x6e, 0x73, 0x74,
  0x61, 0x63, 0x6b, 0x34, 0x3b, 0x66, 0x75, 0x6e, 0x63, 0x74, 0x69, 0x6f,
  0x6e, 0x61, 0x6c, 0x5f, 0x32, 0x37, 0x5f, 0x31, 0x2f, 0x6c, 0x73, 0x74,
  0x6d, 0x5f, 0x36, 0x5f, 0x31, 0x2f, 0x75, 0x6e, 0x73, 0x74, 0x61, 0x63,
  0x6b, 0x35, 0x3b, 0x66, 0x75, 0x6e, 0x63, 0x74, 0x69, 0x6f, 0x6e, 0x61,
  0x6c, 0x5f, 0x32, 0x37, 0x5f, 0x31, 0x2f, 0x6c, 0x73, 0x74, 0x6d, 0x5f,
  0x36, 0x5f, 0x31, 0x2f, 0x75, 0x6e, 0x73, 0x74, 0x61, 0x63, 0x6b, 0x36,
  0x36, 0x00, 0x00, 0x00, 0x02, 0x00, 0x00, 0x00, 0x01, 0x00, 0x00, 0x00,
  0x10, 0x00, 0x00, 0x00, 0x06, 0xed, 0xff, 0xff, 0x00, 0x00, 0x00, 0x01,
  0x18, 0x00, 0x00, 0x00, 0x20, 0x00, 0x00, 0x00, 0x40, 0x00, 0x00, 0x00,
  0x1a, 0x00, 0x00, 0x00, 0x00, 0x00, 0x00, 0x09, 0x28, 0x01, 0x00, 0x00,
  0x02, 0x00, 0x00, 0x00, 0xff, 0xff, 0xff, 0xff, 0x10, 0x00, 0x00, 0x00,
  0xec, 0xec, 0xff, 0xff, 0x08, 0x00, 0x00, 0x00, 0x14, 0x00, 0x00, 0x00,
  0x01, 0x00, 0x00, 0x00, 0x80, 0xff, 0xff, 0xff, 0xff, 0xff, 0xff, 0xff,
  0x00, 0x00, 0x00, 0x00, 0x01, 0x00, 0x00, 0x00, 0xe4, 0x7f, 0x80, 0x3b,
  0xed, 0x00, 0x00, 0x00, 0x66, 0x75, 0x6e, 0x63, 0x74, 0x69, 0x6f, 0x6e,
  0x61, 0x6c, 0x5f, 0x32, 0x37, 0x5f, 0x31, 0x2f, 0x6c, 0x73, 0x74, 0x6d,
  0x5f, 0x36, 0x5f, 0x31, 0x2f, 0x75, 0x6e, 0x73, 0x74, 0x61, 0x63, 0x6b,
  0x3b, 0x66, 0x75, 0x6e, 0x63, 0x74, 0x69, 0x6f, 0x6e, 0x61, 0x6c, 0x5f,
  0x32, 0x37, 0x5f, 0x31, 0x2f, 0x6c, 0x73, 0x74, 0x6d, 0x5f, 0x36, 0x5f,
  0x31, 0x2f, 0x75, 0x6e, 0x73, 0x74, 0x61, 0x63, 0x6b, 0x31, 0x3b, 0x66,
  0x75, 0x6e, 0x63, 0x74, 0x69, 0x6f, 0x6e, 0x61, 0x6c, 0x5f, 0x32, 0x37,
  0x5f, 0x31, 0x2f, 0x6c, 0x73, 0x74, 0x6d, 0x5f, 0x36, 0x5f, 0x31, 0x2f,
  0x75, 0x6e, 0x73, 0x74, 0x61, 0x63, 0x6b, 0x32, 0x3b, 0x66, 0x75, 0x6e,
  0x63, 0x74, 0x69, 0x6f, 0x6e, 0x61, 0x6c, 0x5f, 0x32, 0x37, 0x5f, 0x31,
  0x2f, 0x6c, 0x73, 0x74, 0x6d, 0x5f, 0x36, 0x5f, 0x31, 0x2f, 0x75, 0x6e,
  0x73, 0x74, 0x61, 0x63, 0x6b, 0x33, 0x3b, 0x66, 0x75, 0x6e, 0x63, 0x74,
  0x69, 0x6f, 0x6e, 0x61, 0x6c, 0x5f, 0x32, 0x37, 0x5f, 0x31, 0x2f, 0x6c,
  0x73, 0x74, 0x6d, 0x5f, 0x36, 0x5f, 0x31, 0x2f, 0x75, 0x6e, 0x73, 0x74,
  0x61, 0x63, 0x6b, 0x34, 0x3b, 0x66, 0x75, 0x6e, 0x63, 0x74, 0x69, 0x6f,
  0x6e, 0x61, 0x6c, 0x5f, 0x32, 0x37, 0x5f, 0x31, 0x2f, 0x6c, 0x73, 0x74,
  0x6d, 0x5f, 0x36, 0x5f, 0x31, 0x2f, 0x75, 0x6e, 0x73, 0x74, 0x61, 0x63,
  0x6b, 0x35, 0x3b, 0x66, 0x75, 0x6e, 0x63, 0x74, 0x69, 0x6f, 0x6e, 0x61,
  0x6c, 0x5f, 0x32, 0x37, 0x5f, 0x31, 0x2f, 0x6c, 0x73, 0x74, 0x6d, 0x5f,
  0x36, 0x5f, 0x31, 0x2f, 0x75, 0x6e, 0x73, 0x74, 0x61, 0x63, 0x6b, 0x36,
  0x35, 0x00, 0x00, 0x00, 0x02, 0x00, 0x00, 0x00, 0x01, 0x00, 0x00, 0x00,
  0x10, 0x00, 0x00, 0x00, 0x56, 0xee, 0xff, 0xff, 0x00, 0x00, 0x00, 0x01,
  0x18, 0x00, 0x00, 0x00, 0x20, 0x00, 0x00, 0x00, 0x40, 0x00, 0x00, 0x00,
  0x19, 0x00, 0x00, 0x00, 0x00, 0x00, 0x00, 0x09, 0x28, 0x01, 0x00, 0x00,
  0x02, 0x00, 0x00, 0x00, 0xff, 0xff, 0xff, 0xff, 0x10, 0x00, 0x00, 0x00,
  0x3c, 0xee, 0xff, 0xff, 0x08, 0x00, 0x00, 0x00, 0x14, 0x00, 0x00, 0x00,
  0x01, 0x00, 0x00, 0x00, 0x80, 0xff, 0xff, 0xff, 0xff, 0xff, 0xff, 0xff,
  0x00, 0x00, 0x00, 0x00, 0x01, 0x00, 0x00, 0x00, 0xe4, 0x7f, 0x80, 0x3b,
  0xed, 0x00, 0x00, 0x00, 0x66, 0x75, 0x6e, 0x63, 0x74, 0x69, 0x6f, 0x6e,
  0x61, 0x6c, 0x5f, 0x32, 0x37, 0x5f, 0x31, 0x2f, 0x6c, 0x73, 0x74, 0x6d,
  0x5f, 0x36, 0x5f, 0x31, 0x2f, 0x75, 0x6e, 0x73, 0x74, 0x61, 0x63, 0x6b,
  0x3b, 0x66, 0x75, 0x6e, 0x63, 0x74, 0x69, 0x6f, 0x6e, 0x61, 0x6c, 0x5f,
  0x32, 0x37, 0x5f, 0x31, 0x2f, 0x6c, 0x73, 0x74, 0x6d, 0x5f, 0x36, 0x5f,
  0x31, 0x2f, 0x75, 0x6e, 0x73, 0x74, 0x61, 0x63, 0x6b, 0x31, 0x3b, 0x66,
  0x75, 0x6e, 0x63, 0x74, 0x69, 0x6f, 0x6e, 0x61, 0x6c, 0x5f, 0x32, 0x37,
  0x5f, 0x31, 0x2f, 0x6c, 0x73, 0x74, 0x6d, 0x5f, 0x36, 0x5f, 0x31, 0x2f,
  0x75, 0x6e, 0x73, 0x74, 0x61, 0x63, 0x6b, 0x32, 0x3b, 0x66, 0x75, 0x6e,
  0x63, 0x74, 0x69, 0x6f, 0x6e, 0x61, 0x6c, 0x5f, 0x32, 0x37, 0x5f, 0x31,
  0x2f, 0x6c, 0x73, 0x74, 0x6d, 0x5f, 0x36, 0x5f, 0x31, 0x2f, 0x75, 0x6e,
  0x73, 0x74, 0x61, 0x63, 0x6b, 0x33, 0x3b, 0x66, 0x75, 0x6e, 0x63, 0x74,
  0x69, 0x6f, 0x6e, 0x61, 0x6c, 0x5f, 0x32, 0x37, 0x5f, 0x31, 0x2f, 0x6c,
  0x73, 0x74, 0x6d, 0x5f, 0x36, 0x5f, 0x31, 0x2f, 0x75, 0x6e, 0x73, 0x74,
  0x61, 0x63, 0x6b, 0x34, 0x3b, 0x66, 0x75, 0x6e, 0x63, 0x74, 0x69, 0x6f,
  0x6e, 0x61, 0x6c, 0x5f, 0x32, 0x37, 0x5f, 0x31, 0x2f, 0x6c, 0x73, 0x74,
  0x6d, 0x5f, 0x36, 0x5f, 0x31, 0x2f, 0x75, 0x6e, 0x73, 0x74, 0x61, 0x63,
  0x6b, 0x35, 0x3b, 0x66, 0x75, 0x6e, 0x63, 0x74, 0x69, 0x6f, 0x6e, 0x61,
  0x6c, 0x5f, 0x32, 0x37, 0x5f, 0x31, 0x2f, 0x6c, 0x73, 0x74, 0x6d, 0x5f,
  0x36, 0x5f, 0x31, 0x2f, 0x75, 0x6e, 0x73, 0x74, 0x61, 0x63, 0x6b, 0x36,
  0x34, 0x00, 0x00, 0x00, 0x02, 0x00, 0x00, 0x00, 0x01, 0x00, 0x00, 0x00,
  0x10, 0x00, 0x00, 0x00, 0xa6, 0xef, 0xff, 0xff, 0x00, 0x00, 0x00, 0x01,
  0x18, 0x00, 0x00, 0x00, 0x20, 0x00, 0x00, 0x00, 0x40, 0x00, 0x00, 0x00,
  0x18, 0x00, 0x00, 0x00, 0x00, 0x00, 0x00, 0x09, 0x28, 0x01, 0x00, 0x00,
  0x02, 0x00, 0x00, 0x00, 0xff, 0xff, 0xff, 0xff, 0x10, 0x00, 0x00, 0x00,
  0x8c, 0xef, 0xff, 0xff, 0x08, 0x00, 0x00, 0x00, 0x14, 0x00, 0x00, 0x00,
  0x01, 0x00, 0x00, 0x00, 0x80, 0xff, 0xff, 0xff, 0xff, 0xff, 0xff, 0xff,
  0x00, 0x00, 0x00, 0x00, 0x01, 0x00, 0x00, 0x00, 0xe4, 0x7f, 0x80, 0x3b,
  0xed, 0x00, 0x00, 0x00, 0x66, 0x75, 0x6e, 0x63, 0x74, 0x69, 0x6f, 0x6e,
  0x61, 0x6c, 0x5f, 0x32, 0x37, 0x5f, 0x31, 0x2f, 0x6c, 0x73, 0x74, 0x6d,
  0x5f, 0x36, 0x5f, 0x31, 0x2f, 0x75, 0x6e, 0x73, 0x74, 0x61, 0x63, 0x6b,
  0x3b, 0x66, 0x75, 0x6e, 0x63, 0x74, 0x69, 0x6f, 0x6e, 0x61, 0x6c, 0x5f,
  0x32, 0x37, 0x5f, 0x31, 0x2f, 0x6c, 0x73, 0x74, 0x6d, 0x5f, 0x36, 0x5f,
  0x31, 0x2f, 0x75, 0x6e, 0x73, 0x74, 0x61, 0x63, 0x6b, 0x31, 0x3b, 0x66,
  0x75, 0x6e, 0x63, 0x74, 0x69, 0x6f, 0x6e, 0x61, 0x6c, 0x5f, 0x32, 0x37,
  0x5f, 0x31, 0x2f, 0x6c, 0x73, 0x74, 0x6d, 0x5f, 0x36, 0x5f, 0x31, 0x2f,
  0x75, 0x6e, 0x73, 0x74, 0x61, 0x63, 0x6b, 0x32, 0x3b, 0x66, 0x75, 0x6e,
  0x63, 0x74, 0x69, 0x6f, 0x6e, 0x61, 0x6c, 0x5f, 0x32, 0x37, 0x5f, 0x31,
  0x2f, 0x6c, 0x73, 0x74, 0x6d, 0x5f, 0x36, 0x5f, 0x31, 0x2f, 0x75, 0x6e,
  0x73, 0x74, 0x61, 0x63, 0x6b, 0x33, 0x3b, 0x66, 0x75, 0x6e, 0x63, 0x74,
  0x69, 0x6f, 0x6e, 0x61, 0x6c, 0x5f, 0x32, 0x37, 0x5f, 0x31, 0x2f, 0x6c,
  0x73, 0x74, 0x6d, 0x5f, 0x36, 0x5f, 0x31, 0x2f, 0x75, 0x6e, 0x73, 0x74,
  0x61, 0x63, 0x6b, 0x34, 0x3b, 0x66, 0x75, 0x6e, 0x63, 0x74, 0x69, 0x6f,
  0x6e, 0x61, 0x6c, 0x5f, 0x32, 0x37, 0x5f, 0x31, 0x2f, 0x6c, 0x73, 0x74,
  0x6d, 0x5f, 0x36, 0x5f, 0x31, 0x2f, 0x75, 0x6e, 0x73, 0x74, 0x61, 0x63,
  0x6b, 0x35, 0x3b, 0x66, 0x75, 0x6e, 0x63, 0x74, 0x69, 0x6f, 0x6e, 0x61,
  0x6c, 0x5f, 0x32, 0x37, 0x5f, 0x31, 0x2f, 0x6c, 0x73, 0x74, 0x6d, 0x5f,
  0x36, 0x5f, 0x31, 0x2f, 0x75, 0x6e, 0x73, 0x74, 0x61, 0x63, 0x6b, 0x36,
  0x33, 0x00, 0x00, 0x00, 0x02, 0x00, 0x00, 0x00, 0x01, 0x00, 0x00, 0x00,
  0x10, 0x00, 0x00, 0x00, 0xf6, 0xf0, 0xff, 0xff, 0x00, 0x00, 0x00, 0x01,
  0x18, 0x00, 0x00, 0x00, 0x20, 0x00, 0x00, 0x00, 0x40, 0x00, 0x00, 0x00,
  0x17, 0x00, 0x00, 0x00, 0x00, 0x00, 0x00, 0x09, 0x28, 0x01, 0x00, 0x00,
  0x02, 0x00, 0x00, 0x00, 0xff, 0xff, 0xff, 0xff, 0x10, 0x00, 0x00, 0x00,
  0xdc, 0xf0, 0xff, 0xff, 0x08, 0x00, 0x00, 0x00, 0x14, 0x00, 0x00, 0x00,
  0x01, 0x00, 0x00, 0x00, 0x80, 0xff, 0xff, 0xff, 0xff, 0xff, 0xff, 0xff,
  0x00, 0x00, 0x00, 0x00, 0x01, 0x00, 0x00, 0x00, 0xe4, 0x7f, 0x80, 0x3b,
  0xed, 0x00, 0x00, 0x00, 0x66, 0x75, 0x6e, 0x63, 0x74, 0x69, 0x6f, 0x6e,
  0x61, 0x6c, 0x5f, 0x32, 0x37, 0x5f, 0x31, 0x2f, 0x6c, 0x73, 0x74, 0x6d,
  0x5f, 0x36, 0x5f, 0x31, 0x2f, 0x75, 0x6e, 0x73, 0x74, 0x61, 0x63, 0x6b,
  0x3b, 0x66, 0x75, 0x6e, 0x63, 0x74, 0x69, 0x6f, 0x6e, 0x61, 0x6c, 0x5f,
  0x32, 0x37, 0x5f, 0x31, 0x2f, 0x6c, 0x73, 0x74, 0x6d, 0x5f, 0x36, 0x5f,
  0x31, 0x2f, 0x75, 0x6e, 0x73, 0x74, 0x61, 0x63, 0x6b, 0x31, 0x3b, 0x66,
  0x75, 0x6e, 0x63, 0x74, 0x69, 0x6f, 0x6e, 0x61, 0x6c, 0x5f, 0x32, 0x37,
  0x5f, 0x31, 0x2f, 0x6c, 0x73, 0x74, 0x6d, 0x5f, 0x36, 0x5f, 0x31, 0x2f,
  0x75, 0x6e, 0x73, 0x74, 0x61, 0x63, 0x6b, 0x32, 0x3b, 0x66, 0x75, 0x6e,
  0x63, 0x74, 0x69, 0x6f, 0x6e, 0x61, 0x6c, 0x5f, 0x32, 0x37, 0x5f, 0x31,
  0x2f, 0x6c, 0x73, 0x74, 0x6d, 0x5f, 0x36, 0x5f, 0x31, 0x2f, 0x75, 0x6e,
  0x73, 0x74, 0x61, 0x63, 0x6b, 0x33, 0x3b, 0x66, 0x75, 0x6e, 0x63, 0x74,
  0x69, 0x6f, 0x6e, 0x61, 0x6c, 0x5f, 0x32, 0x37, 0x5f, 0x31, 0x2f, 0x6c,
  0x73, 0x74, 0x6d, 0x5f, 0x36, 0x5f, 0x31, 0x2f, 0x75, 0x6e, 0x73, 0x74,
  0x61, 0x63, 0x6b, 0x34, 0x3b, 0x66, 0x75, 0x6e, 0x63, 0x74, 0x69, 0x6f,
  0x6e, 0x61, 0x6c, 0x5f, 0x32, 0x37, 0x5f, 0x31, 0x2f, 0x6c, 0x73, 0x74,
  0x6d, 0x5f, 0x36, 0x5f, 0x31, 0x2f, 0x75, 0x6e, 0x73, 0x74, 0x61, 0x63,
  0x6b, 0x35, 0x3b, 0x66, 0x75, 0x6e, 0x63, 0x74, 0x69, 0x6f, 0x6e, 0x61,
  0x6c, 0x5f, 0x32, 0x37, 0x5f, 0x31, 0x2f, 0x6c, 0x73, 0x74, 0x6d, 0x5f,
  0x36, 0x5f, 0x31, 0x2f, 0x75, 0x6e, 0x73, 0x74, 0x61, 0x63, 0x6b, 0x36,
  0x32, 0x00, 0x00, 0x00, 0x02, 0x00, 0x00, 0x00, 0x01, 0x00, 0x00, 0x00,
  0x10, 0x00, 0x00, 0x00, 0x46, 0xf2, 0xff, 0xff, 0x00, 0x00, 0x00, 0x01,
  0x18, 0x00, 0x00, 0x00, 0x20, 0x00, 0x00, 0x00, 0x40, 0x00, 0x00, 0x00,
  0x16, 0x00, 0x00, 0x00, 0x00, 0x00, 0x00, 0x09, 0x28, 0x01, 0x00, 0x00,
  0x02, 0x00, 0x00, 0x00, 0xff, 0xff, 0xff, 0xff, 0x10, 0x00, 0x00, 0x00,
  0x2c, 0xf2, 0xff, 0xff, 0x08, 0x00, 0x00, 0x00, 0x14, 0x00, 0x00, 0x00,
  0x01, 0x00, 0x00, 0x00, 0x80, 0xff, 0xff, 0xff, 0xff, 0xff, 0xff, 0xff,
  0x00, 0x00, 0x00, 0x00, 0x01, 0x00, 0x00, 0x00, 0xe4, 0x7f, 0x80, 0x3b,
  0xed, 0x00, 0x00, 0x00, 0x66, 0x75, 0x6e, 0x63, 0x74, 0x69, 0x6f, 0x6e,
  0x61, 0x6c, 0x5f, 0x32, 0x37, 0x5f, 0x31, 0x2f, 0x6c, 0x73, 0x74, 0x6d,
  0x5f, 0x36, 0x5f, 0x31, 0x2f, 0x75, 0x6e, 0x73, 0x74, 0x61, 0x63, 0x6b,
  0x3b, 0x66, 0x75, 0x6e, 0x63, 0x74, 0x69, 0x6f, 0x6e, 0x61, 0x6c, 0x5f,
  0x32, 0x37, 0x5f, 0x31, 0x2f, 0x6c, 0x73, 0x74, 0x6d, 0x5f, 0x36, 0x5f,
  0x31, 0x2f, 0x75, 0x6e, 0x73, 0x74, 0x61, 0x63, 0x6b, 0x31, 0x3b, 0x66,
  0x75, 0x6e, 0x63, 0x74, 0x69, 0x6f, 0x6e, 0x61, 0x6c, 0x5f, 0x32, 0x37,
  0x5f, 0x31, 0x2f, 0x6c, 0x73, 0x74, 0x6d, 0x5f, 0x36, 0x5f, 0x31, 0x2f,
  0x75, 0x6e, 0x73, 0x74, 0x61, 0x63, 0x6b, 0x32, 0x3b, 0x66, 0x75, 0x6e,
  0x63, 0x74, 0x69, 0x6f, 0x6e, 0x61, 0x6c, 0x5f, 0x32, 0x37, 0x5f, 0x31,
  0x2f, 0x6c, 0x73, 0x74, 0x6d, 0x5f, 0x36, 0x5f, 0x31, 0x2f, 0x75, 0x6e,
  0x73, 0x74, 0x61, 0x63, 0x6b, 0x33, 0x3b, 0x66, 0x75, 0x6e, 0x63, 0x74,
  0x69, 0x6f, 0x6e, 0x61, 0x6c, 0x5f, 0x32, 0x37, 0x5f, 0x31, 0x2f, 0x6c,
  0x73, 0x74, 0x6d, 0x5f, 0x36, 0x5f, 0x31, 0x2f, 0x75, 0x6e, 0x73, 0x74,
  0x61, 0x63, 0x6b, 0x34, 0x3b, 0x66, 0x75, 0x6e, 0x63, 0x74, 0x69, 0x6f,
  0x6e, 0x61, 0x6c, 0x5f, 0x32, 0x37, 0x5f, 0x31, 0x2f, 0x6c, 0x73, 0x74,
  0x6d, 0x5f, 0x36, 0x5f, 0x31, 0x2f, 0x75, 0x6e, 0x73, 0x74, 0x61, 0x63,
  0x6b, 0x35, 0x3b, 0x66, 0x75, 0x6e, 0x63, 0x74, 0x69, 0x6f, 0x6e, 0x61,
  0x6c, 0x5f, 0x32, 0x37, 0x5f, 0x31, 0x2f, 0x6c, 0x73, 0x74, 0x6d, 0x5f,
  0x36, 0x5f, 0x31, 0x2f, 0x75, 0x6e, 0x73, 0x74, 0x61, 0x63, 0x6b, 0x36,
  0x31, 0x00, 0x00, 0x00, 0x02, 0x00, 0x00, 0x00, 0x01, 0x00, 0x00, 0x00,
  0x10, 0x00, 0x00, 0x00, 0x96, 0xf3, 0xff, 0xff, 0x00, 0x00, 0x00, 0x01,
  0x18, 0x00, 0x00, 0x00, 0x20, 0x00, 0x00, 0x00, 0x3c, 0x00, 0x00, 0x00,
  0x15, 0x00, 0x00, 0x00, 0x00, 0x00, 0x00, 0x09, 0x24, 0x01, 0x00, 0x00,
  0x02, 0x00, 0x00, 0x00, 0xff, 0xff, 0xff, 0xff, 0x10, 0x00, 0x00, 0x00,
  0x7c, 0xf3, 0xff, 0xff, 0x08, 0x00, 0x00, 0x00, 0x10, 0x00, 0x00, 0x00,
  0x01, 0x00, 0x00, 0x00, 0x80, 0xff, 0xff, 0xff, 0xff, 0xff, 0xff, 0xff,
  0x01, 0x00, 0x00, 0x00, 0xe4, 0x7f, 0x80, 0x3b, 0xec, 0x00, 0x00, 0x00,
  0x66, 0x75, 0x6e, 0x63, 0x74, 0x69, 0x6f, 0x6e, 0x61, 0x6c, 0x5f, 0x32,
  0x37, 0x5f, 0x31, 0x2f, 0x6c, 0x73, 0x74, 0x6d, 0x5f, 0x36, 0x5f, 0x31,
  0x2f, 0x75, 0x6e, 0x73, 0x74, 0x61, 0x63, 0x6b, 0x3b, 0x66, 0x75, 0x6e,
  0x63, 0x74, 0x69, 0x6f, 0x6e, 0x61, 0x6c, 0x5f, 0x32, 0x37, 0x5f, 0x31,
  0x2f, 0x6c, 0x73, 0x74, 0x6d, 0x5f, 0x36, 0x5f, 0x31, 0x2f, 0x75, 0x6e,
  0x73, 0x74, 0x61, 0x63, 0x6b, 0x31, 0x3b, 0x66, 0x75, 0x6e, 0x63, 0x74,
  0x69, 0x6f, 0x6e, 0x61, 0x6c, 0x5f, 0x32, 0x37, 0x5f, 0x31, 0x2f, 0x6c,
  0x73, 0x74, 0x6d, 0x5f, 0x36, 0x5f, 0x31, 0x2f, 0x75, 0x6e, 0x73, 0x74,
  0x61, 0x63, 0x6b, 0x32, 0x3b, 0x66, 0x75, 0x6e, 0x63, 0x74, 0x69, 0x6f,
  0x6e, 0x61, 0x6c, 0x5f, 0x32, 0x37, 0x5f, 0x31, 0x2f, 0x6c, 0x73, 0x74,
  0x6d, 0x5f, 0x36, 0x5f, 0x31, 0x2f, 0x75, 0x6e, 0x73, 0x74, 0x61, 0x63,
  0x6b, 0x33, 0x3b, 0x66, 0x75, 0x6e, 0x63, 0x74, 0x69, 0x6f, 0x6e, 0x61,
  0x6c, 0x5f, 0x32, 0x37, 0x5f, 0x31, 0x2f, 0x6c, 0x73, 0x74, 0x6d, 0x5f,
  0x36, 0x5f, 0x31, 0x2f, 0x75, 0x6e, 0x73, 0x74, 0x61, 0x63, 0x6b, 0x34,
  0x3b, 0x66, 0x75, 0x6e, 0x63, 0x74, 0x69, 0x6f, 0x6e, 0x61, 0x6c, 0x5f,
  0x32, 0x37, 0x5f, 0x31, 0x2f, 0x6c, 0x73, 0x74, 0x6d, 0x5f, 0x36, 0x5f,
  0x31, 0x2f, 0x75, 0x6e, 0x73, 0x74, 0x61, 0x63, 0x6b, 0x35, 0x3b, 0x66,
  0x75, 0x6e, 0x63, 0x74, 0x69, 0x6f, 0x6e, 0x61, 0x6c, 0x5f, 0x32, 0x37,
  0x5f, 0x31, 0x2f, 0x6c, 0x73, 0x74, 0x6d, 0x5f, 0x36, 0x5f, 0x31, 0x2f,
  0x75, 0x6e, 0x73, 0x74, 0x61, 0x63, 0x6b, 0x36, 0x00, 0x00, 0x00, 0x00,
  0x02, 0x00, 0x00, 0x00, 0x01, 0x00, 0x00, 0x00, 0x10, 0x00, 0x00, 0x00,
  0xe2, 0xf4, 0xff, 0xff, 0x00, 0x00, 0x00, 0x01, 0x18, 0x00, 0x00, 0x00,
  0x24, 0x00, 0x00, 0x00, 0x44, 0x00, 0x00, 0x00, 0x14, 0x00, 0x00, 0x00,
  0x00, 0x00, 0x00, 0x09, 0x60, 0x00, 0x00, 0x00, 0x03, 0x00, 0x00, 0x00,
  0x07, 0x00, 0x00, 0x00, 0xff, 0xff, 0xff, 0xff, 0x10, 0x00, 0x00, 0x00,
  0xcc, 0xf4, 0xff, 0xff, 0x08, 0x00, 0x00, 0x00, 0x14, 0x00, 0x00, 0x00,
  0x01, 0x00, 0x00, 0x00, 0x80, 0xff, 0xff, 0xff, 0xff, 0xff, 0xff, 0xff,
  0x00, 0x00, 0x00, 0x00, 0x01, 0x00, 0x00, 0x00, 0xe4, 0x7f, 0x80, 0x3b,
  0x22, 0x00, 0x00, 0x00, 0x66, 0x75, 0x6e, 0x63, 0x74, 0x69, 0x6f, 0x6e,
  0x61, 0x6c, 0x5f, 0x32, 0x37, 0x5f, 0x31, 0x2f, 0x6c, 0x73, 0x74, 0x6d,
  0x5f, 0x36, 0x5f, 0x31, 0x2f, 0x74, 0x72, 0x61, 0x6e, 0x73, 0x70, 0x6f,
  0x73, 0x65, 0x00, 0x00, 0x03, 0x00, 0x00, 0x00, 0x07, 0x00, 0x00, 0x00,
  0x01, 0x00, 0x00, 0x00, 0x10, 0x00, 0x00, 0x00, 0x6e, 0xf5, 0xff, 0xff,
  0x00, 0x00, 0x00, 0x01, 0x18, 0x00, 0x00, 0x00, 0x20, 0x00, 0x00, 0x00,
  0x40, 0x00, 0x00, 0x00, 0x13, 0x00, 0x00, 0x00, 0x00, 0x00, 0x00, 0x09,
  0x68, 0x00, 0x00, 0x00, 0x02, 0x00, 0x00, 0x00, 0xff, 0xff, 0xff, 0xff,
  0x20, 0x00, 0x00, 0x00, 0x54, 0xf5, 0xff, 0xff, 0x08, 0x00, 0x00, 0x00,
  0x14, 0x00, 0x00, 0x00, 0x01, 0x00, 0x00, 0x00, 0x00, 0x00, 0x00, 0x00,
  0x00, 0x00, 0x00, 0x00, 0x00, 0x00, 0x00, 0x00, 0x01, 0x00, 0x00, 0x00,
  0x7b, 0xbe, 0x06, 0x32, 0x2d, 0x00, 0x00, 0x00, 0x66, 0x75, 0x6e, 0x63,
  0x74, 0x69, 0x6f, 0x6e, 0x61, 0x6c, 0x5f, 0x32, 0x37, 0x5f, 0x31, 0x2f,
  0x6c, 0x73, 0x74, 0x6d, 0x5f, 0x36, 0x5f, 0x31, 0x2f, 0x6c, 0x73, 0x74,
  0x6d, 0x5f, 0x63, 0x65, 0x6c, 0x6c, 0x5f, 0x31, 0x2f, 0x4d, 0x61, 0x74,
  0x4d, 0x75, 0x6c, 0x5f, 0x31, 0x00, 0x00, 0x00, 0x02, 0x00, 0x00, 0x00,
  0x01, 0x00, 0x00, 0x00, 0x20, 0x00, 0x00, 0x00, 0xfe, 0xf5, 0xff, 0xff,
  0x00, 0x00, 0x00, 0x01, 0x18, 0x00, 0x00, 0x00, 0x20, 0x00, 0x00, 0x00,
  0x40, 0x00, 0x00, 0x00, 0x12, 0x00, 0x00, 0x00, 0x00, 0x00, 0x00, 0x09,
  0x58, 0x00, 0x00, 0x00, 0x02, 0x00, 0x00, 0x00, 0xff, 0xff, 0xff, 0xff,
  0x08, 0x00, 0x00, 0x00, 0xe4, 0xf5, 0xff, 0xff, 0x08, 0x00, 0x00, 0x00,
  0x14, 0x00, 0x00, 0x00, 0x01, 0x00, 0x00, 0x00, 0x00, 0x00, 0x00, 0x00,
  0x00, 0x00, 0x00, 0x00, 0x00, 0x00, 0x00, 0x00, 0x01, 0x00, 0x00, 0x00,
  0x7b, 0xbe, 0x06, 0x32, 0x1e, 0x00, 0x00, 0x00, 0x66, 0x75, 0x6e, 0x63,
  0x74, 0x69, 0x6f, 0x6e, 0x61, 0x6c, 0x5f, 0x32, 0x37, 0x5f, 0x31, 0x2f,
  0x6c, 0x73, 0x74, 0x6d, 0x5f, 0x36, 0x5f, 0x31, 0x2f, 0x7a, 0x65, 0x72,
  0x6f, 0x73, 0x00, 0x00, 0x02, 0x00, 0x00, 0x00, 0x01, 0x00, 0x00, 0x00,
  0x08, 0x00, 0x00, 0x00, 0xd6, 0xf6, 0xff, 0xff, 0x00, 0x00, 0x00, 0x01,
  0x14, 0x00, 0x00, 0x00, 0x14, 0x00, 0x00, 0x00, 0x11, 0x00, 0x00, 0x00,
  0x00, 0x00, 0x00, 0x02, 0x34, 0x00, 0x00, 0x00, 0xc0, 0xf6, 0xff, 0xff,
  0x25, 0x00, 0x00, 0x00, 0x66, 0x75, 0x6e, 0x63, 0x74, 0x69, 0x6f, 0x6e,
  0x61, 0x6c, 0x5f, 0x32, 0x37, 0x5f, 0x31, 0x2f, 0x6c, 0x73, 0x74, 0x6d,
  0x5f, 0x36, 0x5f, 0x31, 0x2f, 0x7a, 0x65, 0x72, 0x6f, 0x73, 0x2f, 0x70,
  0x61, 0x63, 0x6b, 0x65, 0x64, 0x00, 0x00, 0x00, 0x01, 0x00, 0x00, 0x00,
  0x02, 0x00, 0x00, 0x00, 0x2a, 0xf7, 0xff, 0xff, 0x00, 0x00, 0x00, 0x01,
  0x14, 0x00, 0x00, 0x00, 0x14, 0x00, 0x00, 0x00, 0x10, 0x00, 0x00, 0x00,
  0x00, 0x00, 0x00, 0x02, 0x34, 0x00, 0x00, 0x00, 0x14, 0xf7, 0xff, 0xff,
  0x26, 0x00, 0x00, 0x00, 0x66, 0x75, 0x6e, 0x63, 0x74, 0x69, 0x6f, 0x6e,
  0x61, 0x6c, 0x5f, 0x32, 0x37, 0x5f, 0x31, 0x2f, 0x6c, 0x73, 0x74, 0x6d,
  0x5f, 0x36, 0x5f, 0x31, 0x2f, 0x73, 0x74, 0x72, 0x69, 0x64, 0x65, 0x64,
  0x5f, 0x73, 0x6c, 0x69, 0x63, 0x65, 0x00, 0x00, 0x00, 0x00, 0x00, 0x00,
  0x7a, 0xf7, 0xff, 0xff, 0x00, 0x00, 0x00, 0x01, 0x14, 0x00, 0x00, 0x00,
  0x14, 0x00, 0x00, 0x00, 0x0f, 0x00, 0x00, 0x00, 0x00, 0x00, 0x00, 0x02,
  0x2c, 0x00, 0x00, 0x00, 0x64, 0xf7, 0xff, 0xff, 0x1e, 0x00, 0x00, 0x00,
  0x66, 0x75, 0x6e, 0x63, 0x74, 0x69, 0x6f, 0x6e, 0x61, 0x6c, 0x5f, 0x32,
  0x37, 0x5f, 0x31, 0x2f, 0x6c, 0x73, 0x74, 0x6d, 0x5f, 0x36, 0x5f, 0x31,
  0x2f, 0x53, 0x68, 0x61, 0x70, 0x65, 0x00, 0x00, 0x01, 0x00, 0x00, 0x00,
  0x03, 0x00, 0x00, 0x00, 0xc6, 0xf7, 0xff, 0xff, 0x00, 0x00, 0x00, 0x01,
  0x14, 0x00, 0x00, 0x00, 0x30, 0x00, 0x00, 0x00, 0x0e, 0x00, 0x00, 0x00,
  0x00, 0x00, 0x00, 0x09, 0x3c, 0x00, 0x00, 0x00, 0x44, 0xf7, 0xff, 0xff,
  0x08, 0x00, 0x00, 0x00, 0x10, 0x00, 0x00, 0x00, 0x01, 0x00, 0x00, 0x00,
  0x00, 0x00, 0x00, 0x00, 0x00, 0x00, 0x00, 0x00, 0x01, 0x00, 0x00, 0x00,
  0x7b, 0xbe, 0x06, 0x32, 0x12, 0x00, 0x00, 0x00, 0x74, 0x66, 0x6c, 0x2e,
  0x70, 0x73, 0x65, 0x75, 0x64, 0x6f, 0x5f, 0x71, 0x63, 0x6f, 0x6e, 0x73,
  0x74, 0x37, 0x00, 0x00, 0x00, 0x00, 0x00, 0x00, 0x1e, 0xf8, 0xff, 0xff,
  0x00, 0x00, 0x00, 0x01, 0x14, 0x00, 0x00, 0x00, 0xa8, 0x01, 0x00, 0x00,
  0x0d, 0x00, 0x00, 0x00, 0x00, 0x00, 0x00, 0x09, 0xb4, 0x01, 0x00, 0x00,
  0x9c, 0xf7, 0xff, 0xff, 0x08, 0x00, 0x00, 0x00, 0x0c, 0x01, 0x00, 0x00,
  0x20, 0x00, 0x00, 0x00, 0x00, 0x00, 0x00, 0x00, 0x00, 0x00, 0x00, 0x00,
  0x00, 0x00, 0x00, 0x00, 0x00, 0x00, 0x00, 0x00, 0x00, 0x00, 0x00, 0x00,
  0x00, 0x00, 0x00, 0x00, 0x00, 0x00, 0x00, 0x00, 0x00, 0x00, 0x00, 0x00,
  0x00, 0x00, 0x00, 0x00, 0x00, 0x00, 0x00, 0x00, 0x00, 0x00, 0x00, 0x00,
  0x00, 0x00, 0x00, 0x00, 0x00, 0x00, 0x00, 0x00, 0x00, 0x00, 0x00, 0x00,
  0x00, 0x00, 0x00, 0x00, 0x00, 0x00, 0x00, 0x00, 0x00, 0x00, 0x00, 0x00,
  0x00, 0x00, 0x00, 0x00, 0x00, 0x00, 0x00, 0x00, 0x00, 0x00, 0x00, 0x00,
  0x00, 0x00, 0x00, 0x00, 0x00, 0x00, 0x00, 0x00, 0x00, 0x00, 0x00, 0x00,
  0x00, 0x00, 0x00, 0x00, 0x00, 0x00, 0x00, 0x00, 0x00, 0x00, 0x00, 0x00,
  0x00, 0x00, 0x00, 0x00, 0x00, 0x00, 0x00, 0x00, 0x00, 0x00, 0x00, 0x00,
  0x00, 0x00, 0x00, 0x00, 0x00, 0x00, 0x00, 0x00, 0x00, 0x00, 0x00, 0x00,
  0x00, 0x00, 0x00, 0x00, 0x00, 0x00, 0x00, 0x00, 0x00, 0x00, 0x00, 0x00,
  0x00, 0x00, 0x00, 0x00, 0x00, 0x00, 0x00, 0x00, 0x00, 0x00, 0x00, 0x00,
  0x00, 0x00, 0x00, 0x00, 0x00, 0x00, 0x00, 0x00, 0x00, 0x00, 0x00, 0x00,
  0x00, 0x00, 0x00, 0x00, 0x00, 0x00, 0x00, 0x00, 0x00, 0x00, 0x00, 0x00,
  0x00, 0x00, 0x00, 0x00, 0x00, 0x00, 0x00, 0x00, 0x00, 0x00, 0x00, 0x00,
  0x00, 0x00, 0x00, 0x00, 0x00, 0x00, 0x00, 0x00, 0x00, 0x00, 0x00, 0x00,
  0x00, 0x00, 0x00, 0x00, 0x00, 0x00, 0x00, 0x00, 0x00, 0x00, 0x00, 0x00,
  0x00, 0x00, 0x00, 0x00, 0x00, 0x00, 0x00, 0x00, 0x00, 0x00, 0x00, 0x00,
  0x00, 0x00, 0x00, 0x00, 0x00, 0x00, 0x00, 0x00, 0x00, 0x00, 0x00, 0x00,
  0x00, 0x00, 0x00, 0x00, 0x00, 0x00, 0x00, 0x00, 0x00, 0x00, 0x00, 0x00,
  0x00, 0x00, 0x00, 0x00, 0x00, 0x00, 0x00, 0x00, 0x00, 0x00, 0x00, 0x00,
  0x20, 0x00, 0x00, 0x00, 0xf9, 0xee, 0x12, 0x3b, 0xd3, 0x82, 0x35, 0x3b,
  0x86, 0x38, 0x76, 0x3b, 0x4a, 0x5a, 0x4b, 0x3b, 0x2c, 0x19, 0x15, 0x3b,
  0x01, 0xaa, 0x0c, 0x3b, 0x4c, 0x22, 0xad, 0x3a, 0x43, 0x8c, 0x0c, 0x3b,
  0xa0, 0x7a, 0x9b, 0x3a, 0x68, 0x59, 0xea, 0x3a, 0x64, 0xd4, 0x6e, 0x3b,
  0x2c, 0x38, 0x31, 0x3b, 0xcf, 0x29, 0xc5, 0x3a, 0x57, 0x5d, 0x08, 0x3b,
  0x27, 0x8c, 0x76, 0x3b, 0x78, 0x3f, 0xeb, 0x3a, 0x57, 0x44, 0x40, 0x3b,
  0x10, 0x7f, 0x51, 0x3b, 0x42, 0x69, 0x52, 0x3b, 0x4c, 0x4f, 0x36, 0x3b,
  0x6e, 0xa1, 0x27, 0x3b, 0x5d, 0xd1, 0x3d, 0x3b, 0x1f, 0x21, 0x29, 0x3b,
  0x64, 0x9f, 0x46, 0x3b, 0x1d, 0x47, 0x0a, 0x3b, 0xd6, 0xd2, 0x09, 0x3b,
  0xf9, 0xa3, 0x71, 0x3b, 0xd1, 0x90, 0x35, 0x3b, 0x95, 0xfc, 0x95, 0x3a,
  0xe1, 0x57, 0x0e, 0x3b, 0xaf, 0x39, 0x11, 0x3b, 0xb4, 0x2b, 0xef, 0x3a,
  0x12, 0x00, 0x00, 0x00, 0x74, 0x66, 0x6c, 0x2e, 0x70, 0x73, 0x65, 0x75,
  0x64, 0x6f, 0x5f, 0x71, 0x63, 0x6f, 0x6e, 0x73, 0x74, 0x36, 0x00, 0x00,
  0x02, 0x00, 0x00, 0x00, 0x20, 0x00, 0x00, 0x00, 0x08, 0x00, 0x00, 0x00,
  0xf6, 0xf9, 0xff, 0xff, 0x00, 0x00, 0x00, 0x01, 0x14, 0x00, 0x00, 0x00,
  0xa8, 0x01, 0x00, 0x00, 0x0c, 0x00, 0x00, 0x00, 0x00, 0x00, 0x00, 0x09,
  0xb4, 0x01, 0x00, 0x00, 0x74, 0xf9, 0xff, 0xff, 0x08, 0x00, 0x00, 0x00,
  0x0c, 0x01, 0x00, 0x00, 0x20, 0x00, 0x00, 0x00, 0x00, 0x00, 0x00, 0x00,
  0x00, 0x00, 0x00, 0x00, 0x00, 0x00, 0x00, 0x00, 0x00, 0x00, 0x00, 0x00,
  0x00, 0x00, 0x00, 0x00, 0x00, 0x00, 0x00, 0x00, 0x00, 0x00, 0x00, 0x00,
  0x00, 0x00, 0x00, 0x00, 0x00, 0x00, 0x00, 0x00, 0x00, 0x00, 0x00, 0x00,
  0x00, 0x00, 0x00, 0x00, 0x00, 0x00, 0x00, 0x00, 0x00, 0x00, 0x00, 0x00,
  0x00, 0x00, 0x00, 0x00, 0x00, 0x00, 0x00, 0x00, 0x00, 0x00, 0x00, 0x00,
  0x00, 0x00, 0x00, 0x00, 0x00, 0x00, 0x00, 0x00, 0x00, 0x00, 0x00, 0x00,
  0x00, 0x00, 0x00, 0x00, 0x00, 0x00, 0x00, 0x00, 0x00, 0x00, 0x00, 0x00,
  0x00, 0x00, 0x00, 0x00, 0x00, 0x00, 0x00, 0x00, 0x00, 0x00, 0x00, 0x00,
  0x00, 0x00, 0x00, 0x00, 0x00, 0x00, 0x00, 0x00, 0x00, 0x00, 0x00, 0x00,
  0x00, 0x00, 0x00, 0x00, 0x00, 0x00, 0x00, 0x00, 0x00, 0x00, 0x00, 0x00,
  0x00, 0x00, 0x00, 0x00, 0x00, 0x00, 0x00, 0x00, 0x00, 0x00, 0x00, 0x00,
  0x00, 0x00, 0x00, 0x00, 0x00, 0x00, 0x00, 0x00, 0x00, 0x00, 0x00, 0x00,
  0x00, 0x00, 0x00, 0x00, 0x00, 0x00, 0x00, 0x00, 0x00, 0x00, 0x00, 0x00,
  0x00, 0x00, 0x00, 0x00, 0x00, 0x00, 0x00, 0x00, 0x00, 0x00, 0x00, 0x00,
  0x00, 0x00, 0x00, 0x00, 0x00, 0x00, 0x00, 0x00, 0x00, 0x00, 0x00, 0x00,
  0x00, 0x00, 0x00, 0x00, 0x00, 0x00, 0x00, 0x00, 0x00, 0x00, 0x00, 0x00,
  0x00, 0x00, 0x00, 0x00, 0x00, 0x00, 0x00, 0x00, 0x00, 0x00, 0x00, 0x00,
  0x00, 0x00, 0x00, 0x00, 0x00, 0x00, 0x00, 0x00, 0x00, 0x00, 0x00, 0x00,
  0x00, 0x00, 0x00, 0x00, 0x00, 0x00, 0x00, 0x00, 0x00, 0x00, 0x00, 0x00,
  0x00, 0x00, 0x00, 0x00, 0x00, 0x00, 0x00, 0x00, 0x00, 0x00, 0x00, 0x00,
  0x00, 0x00, 0x00, 0x00, 0x00, 0x00, 0x00, 0x00, 0x00, 0x00, 0x00, 0x00,
  0x00, 0x00, 0x00, 0x00, 0x20, 0x00, 0x00, 0x00, 0x51, 0xf3, 0x27, 0x3b,
  0xbb, 0xa3, 0x30, 0x3b, 0xd7, 0x94, 0x24, 0x3b, 0x5b, 0x42, 0x2d, 0x3b,
  0x88, 0x11, 0x31, 0x3b, 0x7d, 0xe2, 0x32, 0x3b, 0x63, 0x94, 0x1d, 0x3b,
  0x3b, 0xe8, 0x22, 0x3b, 0xf6, 0xee, 0x32, 0x3b, 0x56, 0x1b, 0x31, 0x3b,
  0xa5, 0xe3, 0x32, 0x3b, 0x2f, 0xe0, 0x34, 0x3b, 0x0e, 0x5f, 0x2e, 0x3b,
  0xf0, 0x12, 0x36, 0x3b, 0xe1, 0xdc, 0x19, 0x3b, 0x7d, 0xc6, 0x25, 0x3b,
  0xf1, 0xc5, 0x30, 0x3b, 0xee, 0xd5, 0x34, 0x3b, 0xa1, 0x16, 0x18, 0x3b,
  0x9d, 0x50, 0x2f, 0x3b, 0x73, 0x3b, 0x33, 0x3b, 0x28, 0xd2, 0x31, 0x3b,
  0x65, 0x8e, 0x28, 0x3b, 0xa7, 0x86, 0x2d, 0x3b, 0xc4, 0x2e, 0x19, 0x3b,
  0x0a, 0x2b, 0x1c, 0x3b, 0x5d, 0x5b, 0x35, 0x3b, 0x97, 0x9d, 0x2a, 0x3b,
  0x54, 0x23, 0x35, 0x3b, 0xbc, 0x49, 0x34, 0x3b, 0x3b, 0x45, 0x32, 0x3b,
  0x14, 0x6a, 0x36, 0x3b, 0x12, 0x00, 0x00, 0x00, 0x74, 0x66, 0x6c, 0x2e,
  0x70, 0x73, 0x65, 0x75, 0x64, 0x6f, 0x5f, 0x71, 0x63, 0x6f, 0x6e, 0x73,
  0x74, 0x35, 0x00, 0x00, 0x02, 0x00, 0x00, 0x00, 0x20, 0x00, 0x00, 0x00,
  0x10, 0x00, 0x00, 0x00, 0xce, 0xfb, 0xff, 0xff, 0x00, 0x00, 0x00, 0x01,
  0x14, 0x00, 0x00, 0x00, 0x34, 0x00, 0x00, 0x00, 0x0b, 0x00, 0x00, 0x00,
  0x00, 0x00, 0x00, 0x09, 0x40, 0x00, 0x00, 0x00, 0x4c, 0xfb, 0xff, 0xff,
  0x08, 0x00, 0x00, 0x00, 0x14, 0x00, 0x00, 0x00, 0x01, 0x00, 0x00, 0x00,
  0x83, 0xff, 0xff, 0xff, 0xff, 0xff, 0xff, 0xff, 0x00, 0x00, 0x00, 0x00,
  0x01, 0x00, 0x00, 0x00, 0xcc, 0x1f, 0x82, 0x3b, 0x12, 0x00, 0x00, 0x00,
  0x74, 0x66, 0x6c, 0x2e, 0x70, 0x73, 0x65, 0x75, 0x64, 0x6f, 0x5f, 0x71,
  0x63, 0x6f, 0x6e, 0x73, 0x74, 0x34, 0x00, 0x00, 0x01, 0x00, 0x00, 0x00,
  0x20, 0x00, 0x00, 0x00, 0x2e, 0xfc, 0xff, 0xff, 0x00, 0x00, 0x00, 0x01,
  0x14, 0x00, 0x00, 0x00, 0xe8, 0x00, 0x00, 0x00, 0x0a, 0x00, 0x00, 0x00,
  0x00, 0x00, 0x00, 0x09, 0xf4, 0x00, 0x00, 0x00, 0xac, 0xfb, 0xff, 0xff,
  0x08, 0x00, 0x00, 0x00, 0x8c, 0x00, 0x00, 0x00, 0x10, 0x00, 0x00, 0x00,
  0x00, 0x00, 0x00, 0x00, 0x00, 0x00, 0x00, 0x00, 0x00, 0x00, 0x00, 0x00,
  0x00, 0x00, 0x00, 0x00, 0x00, 0x00, 0x00, 0x00, 0x00, 0x00, 0x00, 0x00,
  0x00, 0x00, 0x00, 0x00, 0x00, 0x00, 0x00, 0x00, 0x00, 0x00, 0x00, 0x00,
  0x00, 0x00, 0x00, 0x00, 0x00, 0x00, 0x00, 0x00, 0x00, 0x00, 0x00, 0x00,
  0x00, 0x00, 0x00, 0x00, 0x00, 0x00, 0x00, 0x00, 0x00, 0x00, 0x00, 0x00,
  0x00, 0x00, 0x00, 0x00, 0x00, 0x00, 0x00, 0x00, 0x00, 0x00, 0x00, 0x00,
  0x00, 0x00, 0x00, 0x00, 0x00, 0x00, 0x00, 0x00, 0x00, 0x00, 0x00, 0x00,
  0x00, 0x00, 0x00, 0x00, 0x00, 0x00, 0x00, 0x00, 0x00, 0x00, 0x00, 0x00,
  0x00, 0x00, 0x00, 0x00, 0x00, 0x00, 0x00, 0x00, 0x00, 0x00, 0x00, 0x00,
  0x00, 0x00, 0x00, 0x00, 0x00, 0x00, 0x00, 0x00, 0x00, 0x00, 0x00, 0x00,
  0x00, 0x00, 0x00, 0x00, 0x00, 0x00, 0x00, 0x00, 0x00, 0x00, 0x00, 0x00,
  0x10, 0x00, 0x00, 0x00, 0xf7, 0x85, 0x35, 0x3b, 0x0c, 0xb6, 0x80, 0x3b,
  0x95, 0xdb, 0x51, 0x3b, 0x15, 0x4a, 0x42, 0x3b, 0x57, 0xfe, 0x71, 0x3b,
  0x5e, 0x04, 0x76, 0x3b, 0x06, 0xf6, 0x75, 0x3b, 0xcb, 0xda, 0x50, 0x3b,
  0x35, 0xd4, 0x7c, 0x3b, 0xc8, 0xba, 0x73, 0x3b, 0x93, 0xbb, 0x65, 0x3b,
  0xf5, 0x82, 0x41, 0x3b, 0x88, 0x7e, 0x80, 0x3b, 0xb8, 0x53, 0x6d, 0x3b,
  0xc5, 0xff, 0x7b, 0x3b, 0xae, 0xbc, 0x80, 0x3b, 0x12, 0x00, 0x00, 0x00,
  0x74, 0x66, 0x6c, 0x2e, 0x70, 0x73, 0x65, 0x75, 0x64, 0x6f, 0x5f, 0x71,
  0x63, 0x6f, 0x6e, 0x73, 0x74, 0x33, 0x00, 0x00, 0x02, 0x00, 0x00, 0x00,
  0x10, 0x00, 0x00, 0x00, 0x08, 0x00, 0x00, 0x00, 0x46, 0xfd, 0xff, 0xff,
  0x00, 0x00, 0x00, 0x01, 0x14, 0x00, 0x00, 0x00, 0xe4, 0x00, 0x00, 0x00,
  0x09, 0x00, 0x00, 0x00, 0x00, 0x00, 0x00, 0x02, 0xf0, 0x00, 0x00, 0x00,
  0xc4, 0xfc, 0xff, 0xff, 0x08, 0x00, 0x00, 0x00, 0x88, 0x00, 0x00, 0x00,
  0x10, 0x00, 0x00, 0x00, 0x00, 0x00, 0x00, 0x00, 0x00, 0x00, 0x00, 0x00,
  0x00, 0x00, 0x00, 0x00, 0x00, 0x00, 0x00, 0x00, 0x00, 0x00, 0x00, 0x00,
  0x00, 0x00, 0x00, 0x00, 0x00, 0x00, 0x00, 0x00, 0x00, 0x00, 0x00, 0x00,
  0x00, 0x00, 0x00, 0x00, 0x00, 0x00, 0x00, 0x00, 0x00, 0x00, 0x00, 0x00,
  0x00, 0x00, 0x00, 0x00, 0x00, 0x00, 0x00, 0x00, 0x00, 0x00, 0x00, 0x00,
  0x00, 0x00, 0x00, 0x00, 0x00, 0x00, 0x00, 0x00, 0x00, 0x00, 0x00, 0x00,
  0x00, 0x00, 0x00, 0x00, 0x00, 0x00, 0x00, 0x00, 0x00, 0x00, 0x00, 0x00,
  0x00, 0x00, 0x00, 0x00, 0x00, 0x00, 0x00, 0x00, 0x00, 0x00, 0x00, 0x00,
  0x00, 0x00, 0x00, 0x00, 0x00, 0x00, 0x00, 0x00, 0x00, 0x00, 0x00, 0x00,
  0x00, 0x00, 0x00, 0x00, 0x00, 0x00, 0x00, 0x00, 0x00, 0x00, 0x00, 0x00,
  0x00, 0x00, 0x00, 0x00, 0x00, 0x00, 0x00, 0x00, 0x00, 0x00, 0x00, 0x00,
  0x10, 0x00, 0x00, 0x00, 0x3c, 0xd4, 0x35, 0x37, 0x8b, 0xed, 0x80, 0x37,
  0x12, 0x36, 0x52, 0x37, 0xdb, 0x9d, 0x42, 0x37, 0xaf, 0x66, 0x72, 0x37,
  0x72, 0x6e, 0x76, 0x37, 0x14, 0x60, 0x76, 0x37, 0xd9, 0x34, 0x51, 0x37,
  0x39, 0x41, 0x7d, 0x37, 0xe0, 0x23, 0x74, 0x37, 0xa2, 0x1e, 0x66, 0x37,
  0x65, 0xd6, 0x41, 0x37, 0xf0, 0xb5, 0x80, 0x37, 0x0d, 0xba, 0x6d, 0x37,
  0x6d, 0x6c, 0x7c, 0x37, 0x30, 0xf4, 0x80, 0x37, 0x12, 0x00, 0x00, 0x00,
  0x74, 0x66, 0x6c, 0x2e, 0x70, 0x73, 0x65, 0x75, 0x64, 0x6f, 0x5f, 0x71,
  0x63, 0x6f, 0x6e, 0x73, 0x74, 0x32, 0x00, 0x00, 0x01, 0x00, 0x00, 0x00,
  0x10, 0x00, 0x00, 0x00, 0x56, 0xfe, 0xff, 0xff, 0x00, 0x00, 0x00, 0x01,
  0x14, 0x00, 0x00, 0x00, 0x30, 0x00, 0x00, 0x00, 0x08, 0x00, 0x00, 0x00,
  0x00, 0x00, 0x00, 0x09, 0x3c, 0x00, 0x00, 0x00, 0xd4, 0xfd, 0xff, 0xff,
  0x08, 0x00, 0x00, 0x00, 0x10, 0x00, 0x00, 0x00, 0x01, 0x00, 0x00, 0x00,
  0x00, 0x00, 0x00, 0x00, 0x00, 0x00, 0x00, 0x00, 0x01, 0x00, 0x00, 0x00,
  0xef, 0x04, 0x92, 0x3b, 0x12, 0x00, 0x00, 0x00, 0x74, 0x66, 0x6c, 0x2e,
  0x70, 0x73, 0x65, 0x75, 0x64, 0x6f, 0x5f, 0x71, 0x63, 0x6f, 0x6e, 0x73,
  0x74, 0x31, 0x00, 0x00, 0x02, 0x00, 0x00, 0x00, 0x01, 0x00, 0x00, 0x00,
  0x10, 0x00, 0x00, 0x00, 0xb6, 0xfe, 0xff, 0xff, 0x00, 0x00, 0x00, 0x01,
  0x14, 0x00, 0x00, 0x00, 0x34, 0x00, 0x00, 0x00, 0x07, 0x00, 0x00, 0x00,
  0x00, 0x00, 0x00, 0x02, 0x40, 0x00, 0x00, 0x00, 0x34, 0xfe, 0xff, 0xff,
  0x08, 0x00, 0x00, 0x00, 0x14, 0x00, 0x00, 0x00, 0x01, 0x00, 0x00, 0x00,
  0x00, 0x00, 0x00, 0x00, 0x00, 0x00, 0x00, 0x00, 0x00, 0x00, 0x00, 0x00,
  0x01, 0x00, 0x00, 0x00, 0xf3, 0x1c, 0x0a, 0x37, 0x11, 0x00, 0x00, 0x00,
  0x74, 0x66, 0x6c, 0x2e, 0x70, 0x73, 0x65, 0x75, 0x64, 0x6f, 0x5f, 0x71,
  0x63, 0x6f, 0x6e, 0x73, 0x74, 0x00, 0x00, 0x00, 0x01, 0x00, 0x00, 0x00,
  0x01, 0x00, 0x00, 0x00, 0x16, 0xff, 0xff, 0xff, 0x00, 0x00, 0x00, 0x01,
  0x14, 0x00, 0x00, 0x00, 0x14, 0x00, 0x00, 0x00, 0x03, 0x00, 0x00, 0x00,
  0x00, 0x00, 0x00, 0x02, 0x1c, 0x00, 0x00, 0x00, 0x00, 0xff, 0xff, 0xff,
  0x0f, 0x00, 0x00, 0x00, 0x61, 0x72, 0x69, 0x74, 0x68, 0x2e, 0x63, 0x6f,
  0x6e, 0x73, 0x74, 0x61, 0x6e, 0x74, 0x34, 0x00, 0x00, 0x00, 0x00, 0x00,
  0x4e, 0xff, 0xff, 0xff, 0x00, 0x00, 0x00, 0x01, 0x14, 0x00, 0x00, 0x00,
  0x14, 0x00, 0x00, 0x00, 0x05, 0x00, 0x00, 0x00, 0x00, 0x00, 0x00, 0x02,
  0x1c, 0x00, 0x00, 0x00, 0x38, 0xff, 0xff, 0xff, 0x0f, 0x00, 0x00, 0x00,
  0x61, 0x72, 0x69, 0x74, 0x68, 0x2e, 0x63, 0x6f, 0x6e, 0x73, 0x74, 0x61,
  0x6e, 0x74, 0x33, 0x00, 0x01, 0x00, 0x00, 0x00, 0x03, 0x00, 0x00, 0x00,
  0x8a, 0xff, 0xff, 0xff, 0x00, 0x00, 0x00, 0x01, 0x14, 0x00, 0x00, 0x00,
  0x14, 0x00, 0x00, 0x00, 0x04, 0x00, 0x00, 0x00, 0x00, 0x00, 0x00, 0x02,
  0x1c, 0x00, 0x00, 0x00, 0x74, 0xff, 0xff, 0xff, 0x0f, 0x00, 0x00, 0x00,
  0x61, 0x72, 0x69, 0x74, 0x68, 0x2e, 0x63, 0x6f, 0x6e, 0x73, 0x74, 0x61,
  0x6e, 0x74, 0x32, 0x00, 0x00, 0x00, 0x00, 0x00, 0xc2, 0xff, 0xff, 0xff,
  0x00, 0x00, 0x00, 0x01, 0x14, 0x00, 0x00, 0x00, 0x14, 0x00, 0x00, 0x00,
  0x03, 0x00, 0x00, 0x00, 0x00, 0x00, 0x00, 0x02, 0x1c, 0x00, 0x00, 0x00,
  0xac, 0xff, 0xff, 0xff, 0x0f, 0x00, 0x00, 0x00, 0x61, 0x72, 0x69, 0x74,
  0x68, 0x2e, 0x63, 0x6f, 0x6e, 0x73, 0x74, 0x61, 0x6e, 0x74, 0x31, 0x00,
  0x01, 0x00, 0x00, 0x00, 0x01, 0x00, 0x00, 0x00, 0x00, 0x00, 0x16, 0x00,
  0x1c, 0x00, 0x18, 0x00, 0x17, 0x00, 0x10, 0x00, 0x0c, 0x00, 0x08, 0x00,
  0x00, 0x00, 0x00, 0x00, 0x00, 0x00, 0x07, 0x00, 0x16, 0x00, 0x00, 0x00,
  0x00, 0x00, 0x00, 0x01, 0x18, 0x00, 0x00, 0x00, 0x18, 0x00, 0x00, 0x00,
  0x02, 0x00, 0x00, 0x00, 0x00, 0x00, 0x00, 0x02, 0x20, 0x00, 0x00, 0x00,
  0x04, 0x00, 0x04, 0x00, 0x04, 0x00, 0x00, 0x00, 0x0e, 0x00, 0x00, 0x00,
  0x61, 0x72, 0x69, 0x74, 0x68, 0x2e, 0x63, 0x6f, 0x6e, 0x73, 0x74, 0x61,
  0x6e, 0x74, 0x00, 0x00, 0x01, 0x00, 0x00, 0x00, 0x01, 0x00, 0x00, 0x00,
  0x00, 0x00, 0x16, 0x00, 0x20, 0x00, 0x1c, 0x00, 0x1b, 0x00, 0x14, 0x00,
  0x10, 0x00, 0x0c, 0x00, 0x00, 0x00, 0x00, 0x00, 0x08, 0x00, 0x07, 0x00,
  0x16, 0x00, 0x00, 0x00, 0x00, 0x00, 0x00, 0x01, 0x18, 0x00, 0x00, 0x00,
  0x30, 0x00, 0x00, 0x00, 0x50, 0x00, 0x00, 0x00, 0x01, 0x00, 0x00, 0x00,
  0x00, 0x00, 0x00, 0x09, 0x6c, 0x00, 0x00, 0x00, 0x03, 0x00, 0x00, 0x00,
  0xff, 0xff, 0xff, 0xff, 0x07, 0x00, 0x00, 0x00, 0x10, 0x00, 0x00, 0x00,
  0x0c, 0x00, 0x0c, 0x00, 0x00, 0x00, 0x00, 0x00, 0x08, 0x00, 0x04, 0x00,
  0x0c, 0x00, 0x00, 0x00, 0x08, 0x00, 0x00, 0x00, 0x14, 0x00, 0x00, 0x00,
  0x01, 0x00, 0x00, 0x00, 0x80, 0xff, 0xff, 0xff, 0xff, 0xff, 0xff, 0xff,
  0x00, 0x00, 0x00, 0x00, 0x01, 0x00, 0x00, 0x00, 0xe4, 0x7f, 0x80, 0x3b,
  0x22, 0x00, 0x00, 0x00, 0x73, 0x65, 0x72, 0x76, 0x69, 0x6e, 0x67, 0x5f,
  0x64, 0x65, 0x66, 0x61, 0x75, 0x6c, 0x74, 0x5f, 0x6b, 0x65, 0x72, 0x61,
  0x73, 0x5f, 0x74, 0x65, 0x6e, 0x73, 0x6f, 0x72, 0x5f, 0x31, 0x34, 0x37,
  0x3a, 0x30, 0x00, 0x00, 0x03, 0x00, 0x00, 0x00, 0x01, 0x00, 0x00, 0x00,
  0x07, 0x00, 0x00, 0x00, 0x10, 0x00, 0x00, 0x00, 0x0c, 0x00, 0x00, 0x00,
  0xfc, 0x00, 0x00, 0x00, 0xe0, 0x00, 0x00, 0x00, 0xd0, 0x00, 0x00, 0x00,
  0xbc, 0x00, 0x00, 0x00, 0x9c, 0x00, 0x00, 0x00, 0x88, 0x00, 0x00, 0x00,
  0x74, 0x00, 0x00, 0x00, 0x68, 0x00, 0x00, 0x00, 0x4c, 0x00, 0x00, 0x00,
  0x2c, 0x00, 0x00, 0x00, 0x18, 0x00, 0x00, 0x00, 0x04, 0x00, 0x00, 0x00,
  0x74, 0xff, 0xff, 0xff, 0x1c, 0x00, 0x00, 0x00, 0x02, 0x00, 0x00, 0x00,
  0x00, 0x00, 0x00, 0x1c, 0x84, 0xff, 0xff, 0xff, 0x12, 0x00, 0x00, 0x00,
  0x02, 0x00, 0x00, 0x00, 0x00, 0x00, 0x00, 0x12, 0x94, 0xff, 0xff, 0xff,
  0x0e, 0x00, 0x00, 0x00, 0x02, 0x00, 0x00, 0x00, 0x00, 0x00, 0x00, 0x0e,
  0x0c, 0x00, 0x0e, 0x00, 0x0d, 0x00, 0x00, 0x00, 0x08, 0x00, 0x04, 0x00,
  0x0c, 0x00, 0x00, 0x00, 0x31, 0x00, 0x00, 0x00, 0x02, 0x00, 0x00, 0x00,
  0x00, 0x31, 0x0a, 0x00, 0x08, 0x00, 0x00, 0x00, 0x00, 0x00, 0x04, 0x00,
  0x0a, 0x00, 0x00, 0x00, 0x02, 0x00, 0x00, 0x00, 0xd0, 0xff, 0xff, 0xff,
  0x58, 0x00, 0x00, 0x00, 0x02, 0x00, 0x00, 0x00, 0x00, 0x00, 0x00, 0x58,
  0xe0, 0xff, 0xff, 0xff, 0x27, 0x00, 0x00, 0x00, 0x02, 0x00, 0x00, 0x00,
  0x00, 0x00, 0x00, 0x27, 0xf0, 0xff, 0xff, 0xff, 0x09, 0x00, 0x00, 0x00,
  0x04, 0x00, 0x00, 0x00, 0x00, 0x00, 0x00, 0x09, 0x0c, 0x00, 0x10, 0x00,
  0x0f, 0x00, 0x00, 0x00, 0x08, 0x00, 0x04, 0x00, 0x0c, 0x00, 0x00, 0x00,
  0x5e, 0x00, 0x00, 0x00, 0x03, 0x00, 0x00, 0x00, 0x00, 0x00, 0x00, 0x5e,
  0xe8, 0xff, 0xff, 0xff, 0x53, 0x00, 0x00, 0x00, 0x00, 0x00, 0x00, 0x53,
  0xf4, 0xff, 0xff, 0xff, 0x2d, 0x00, 0x00, 0x00, 0x00, 0x00, 0x00, 0x2d,
  0x0c, 0x00, 0x0c, 0x00, 0x0b, 0x00, 0x00, 0x00, 0x00, 0x00, 0x04, 0x00,
  0x0c, 0x00, 0x00, 0x00, 0x4d, 0x00, 0x00, 0x00, 0x00, 0x00, 0x00, 0x4d
};
unsigned int lstm_model_tflite_len = 34992;
